element,web_name,team_name,position,gw,minutes,total_points,goals_scored,assists,clean_sheets,goals_conceded,own_goals,penalties_saved,penalties_missed,yellow_cards,red_cards,saves,bonus,bps,influence,creativity,threat,ict_index,clearances_blocks_interceptions,recoveries,tackles,defensive_contribution,starts,expected_goals,expected_assists,expected_goal_involvements,expected_goals_conceded,in_dreamteam,team,element_type
1,Raya,Arsenal,GK,2,90,6,0,0,1,0,0,0,0,0,0,1,0,28,13.4,0.0,0.0,1.3,0,3,0,0,1,0.00,0.00,0.00,0.17,False,1,1
2,Arrizabalaga,Arsenal,GK,2,0,0,0,0,0,0,0,0,0,0,0,0,0,0,0.0,0.0,0.0,0.0,0,0,0,0,0,0.00,0.00,0.00,0.00,False,1,1
3,Hein,Arsenal,GK,2,0,0,0,0,0,0,0,0,0,0,0,0,0,0,0.0,0.0,0.0,0.0,0,0,0,0,0,0.00,0.00,0.00,0.00,False,1,1
4,Setford,Arsenal,GK,2,0,0,0,0,0,0,0,0,0,0,0,0,0,0,0.0,0.0,0.0,0.0,0,0,0,0,0,0.00,0.00,0.00,0.00,False,1,1
5,Gabriel,Arsenal,DEF,2,90,6,0,0,1,0,0,0,0,0,0,0,0,26,13.4,3.3,6.0,2.3,3,4,0,3,1,0.04,0.01,0.05,0.17,False,1,2
6,Saliba,Arsenal,DEF,2,90,6,0,0,1,0,0,0,0,0,0,0,0,27,18.4,2.1,2.0,2.3,5,4,0,5,1,0.00,0.01,0.01,0.17,False,1,2
7,Calafiori,Arsenal,DEF,2,63,13,0,2,1,0,0,0,0,0,0,0,1,38,38.0,21.4,22.0,8.1,1,1,0,1,1,0.39,0.01,0.40,0.17,True,1,2
8,J.Timber,Arsenal,DEF,2,63,24,2,1,1,0,0,0,0,0,0,0,3,68,95.0,28.5,75.0,19.9,2,1,4,6,1,0.81,0.05,0.86,0.17,True,1,2
9,Kiwior,Arsenal,DEF,2,0,0,0,0,0,0,0,0,0,0,0,0,0,0,0.0,0.0,0.0,0.0,0,0,0,0,0,0.00,0.00,0.00,0.00,False,1,2
10,Lewis-Skelly,Arsenal,DEF,2,26,1,0,0,0,0,0,0,0,0,0,0,0,7,4.2,3.7,0.0,0.8,0,2,1,1,0,0.00,0.00,0.00,0.00,False,1,2
11,White,Arsenal,DEF,2,0,0,0,0,0,0,0,0,0,0,0,0,0,0,0.0,0.0,0.0,0.0,0,0,0,0,0,0.00,0.00,0.00,0.00,False,1,2
12,Zinchenko,Arsenal,DEF,2,0,0,0,0,0,0,0,0,0,0,0,0,0,0,0.0,0.0,0.0,0.0,0,0,0,0,0,0.00,0.00,0.00,0.00,False,1,2
13,Clarke,Arsenal,DEF,2,0,0,0,0,0,0,0,0,0,0,0,0,0,0,0.0,0.0,0.0,0.0,0,0,0,0,0,0.00,0.00,0.00,0.00,False,1,2
14,Kacurri,Arsenal,DEF,2,0,0,0,0,0,0,0,0,0,0,0,0,0,0,0.0,0.0,0.0,0.0,0,0,0,0,0,0.00,0.00,0.00,0.00,False,1,2
15,Nichols,Arsenal,DEF,2,0,0,0,0,0,0,0,0,0,0,0,0,0,0,0.0,0.0,0.0,0.0,0,0,0,0,0,0.00,0.00,0.00,0.00,False,1,2
16,Saka,Arsenal,MID,2,52,6,1,0,0,0,0,0,0,0,0,0,0,27,40.4,30.4,21.0,9.2,0,4,0,4,1,0.11,0.03,0.14,0.17,False,1,3
17,Ødegaard,Arsenal,MID,2,37,1,0,0,0,0,0,0,0,0,0,0,0,5,1.6,4.4,3.0,0.9,0,1,1,2,1,0.05,0.05,0.10,0.17,False,1,3
18,Madueke,Arsenal,MID,2,63,3,0,0,1,0,0,0,0,0,0,0,0,10,5.6,26.9,10.0,4.3,0,3,0,3,1,0.00,0.09,0.09,0.17,False,1,3
19,Martinelli,Arsenal,MID,2,0,0,0,0,0,0,0,0,0,0,0,0,0,0,0.0,0.0,0.0,0.0,0,0,0,0,0,0.00,0.00,0.00,0.00,False,1,3
20,Trossard,Arsenal,MID,2,37,1,0,0,0,0,0,0,0,0,0,0,0,4,5.4,21.5,4.0,3.1,0,0,0,0,0,0.07,0.03,0.10,0.00,False,1,3
21,Rice,Arsenal,MID,2,90,6,0,1,1,0,0,0,0,0,0,0,0,26,25.2,50.0,2.0,7.7,0,3,0,3,1,0.00,0.54,0.54,0.17,False,1,3
22,Merino,Arsenal,MID,2,0,0,0,0,0,0,0,0,0,0,0,0,0,0,0.0,0.0,0.0,0.0,0,0,0,0,0,0.00,0.00,0.00,0.00,False,1,3
23,Fábio Vieira,Arsenal,MID,2,0,0,0,0,0,0,0,0,0,0,0,0,0,0,0.0,0.0,0.0,0.0,0,0,0,0,0,0.00,0.00,0.00,0.00,False,1,3
24,Nørgaard,Arsenal,MID,2,0,0,0,0,0,0,0,0,0,0,0,0,0,0,0.0,0.0,0.0,0.0,0,0,0,0,0,0.00,0.00,0.00,0.00,False,1,3
25,Nwaneri,Arsenal,MID,2,52,1,0,0,0,0,0,0,0,0,0,0,0,3,5.6,1.8,5.0,1.2,0,3,1,4,0,0.02,0.01,0.03,0.00,False,1,3
26,Zubimendi,Arsenal,MID,2,90,3,0,0,1,0,0,0,0,0,0,0,0,12,6.4,6.9,1.0,1.4,1,5,2,8,1,0.02,0.02,0.04,0.17,False,1,3
27,Nelson,Arsenal,MID,2,0,0,0,0,0,0,0,0,0,0,0,0,0,0,0.0,0.0,0.0,0.0,0,0,0,0,0,0.00,0.00,0.00,0.00,False,1,3
28,Kabia,Arsenal,MID,2,0,0,0,0,0,0,0,0,0,0,0,0,0,0,0.0,0.0,0.0,0.0,0,0,0,0,0,0.00,0.00,0.00,0.00,False,1,3
29,Sambi,Arsenal,MID,2,0,0,0,0,0,0,0,0,0,0,0,0,0,0,0.0,0.0,0.0,0.0,0,0,0,0,0,0.00,0.00,0.00,0.00,False,1,3
30,Havertz,Arsenal,FWD,2,0,0,0,0,0,0,0,0,0,0,0,0,0,0,0.0,0.0,0.0,0.0,0,0,0,0,0,0.00,0.00,0.00,0.00,False,1,4
31,G.Jesus,Arsenal,FWD,2,0,0,0,0,0,0,0,0,0,0,0,0,0,0,0.0,0.0,0.0,0.0,0,0,0,0,0,0.00,0.00,0.00,0.00,False,1,4
32,Martinez,Aston Villa,GK,2,90,2,0,0,0,1,0,0,0,0,0,1,0,15,12.8,0.0,0.0,1.3,0,10,0,0,1,0.00,0.01,0.01,1.21,False,2,1
33,M.Bizot,Aston Villa,GK,2,0,0,0,0,0,0,0,0,0,0,0,0,0,0,0.0,0.0,0.0,0.0,0,0,0,0,0,0.00,0.00,0.00,0.00,False,2,1
34,Gauci,Aston Villa,GK,2,0,0,0,0,0,0,0,0,0,0,0,0,0,0,0.0,0.0,0.0,0.0,0,0,0,0,0,0.00,0.00,0.00,0.00,False,2,1
35,Marschall,Aston Villa,GK,2,0,0,0,0,0,0,0,0,0,0,0,0,0,0,0.0,0.0,0.0,0.0,0,0,0,0,0,0.00,0.00,0.00,0.00,False,2,1
36,Cash,Aston Villa,DEF,2,90,2,0,0,0,1,0,0,0,0,0,0,0,18,20.4,25.4,4.0,5.0,3,5,3,6,1,0.00,0.23,0.23,1.21,False,2,2
37,Digne,Aston Villa,DEF,2,63,2,0,0,0,1,0,0,0,0,0,0,0,8,6.8,8.4,6.0,2.1,1,2,1,2,1,0.00,0.16,0.16,1.11,False,2,2
38,Konsa,Aston Villa,DEF,2,0,0,0,0,0,0,0,0,0,0,0,0,0,0,0.0,0.0,0.0,0.0,0,0,0,0,0,0.00,0.00,0.00,0.00,False,2,2
39,Maatsen,Aston Villa,DEF,2,26,1,0,0,0,0,0,0,0,0,0,0,0,10,10.6,15.4,2.0,2.8,3,2,1,4,0,0.02,0.06,0.08,0.11,False,2,2
40,Mings,Aston Villa,DEF,2,90,2,0,0,0,1,0,0,0,0,0,0,0,12,17.6,12.3,15.0,4.5,5,6,0,5,1,0.11,0.03,0.14,1.21,False,2,2
41,Pau,Aston Villa,DEF,2,90,2,0,0,0,1,0,0,0,0,0,0,0,8,17.0,5.8,9.0,3.2,1,8,2,3,1,0.07,0.13,0.20,1.21,False,2,2
42,A.García,Aston Villa,DEF,2,0,0,0,0,0,0,0,0,0,0,0,0,0,0,0.0,0.0,0.0,0.0,0,0,0,0,0,0.00,0.00,0.00,0.00,False,2,2
43,Alex Moreno,Aston Villa,DEF,2,0,0,0,0,0,0,0,0,0,0,0,0,0,0,0.0,0.0,0.0,0.0,0,0,0,0,0,0.00,0.00,0.00,0.00,False,2,2
44,Bogarde,Aston Villa,DEF,2,16,0,0,0,0,0,0,0,0,1,0,0,0,-3,0.0,2.3,2.0,0.3,0,0,0,0,0,0.00,0.03,0.03,0.11,False,2,2
45,Sousa,Aston Villa,DEF,2,0,0,0,0,0,0,0,0,0,0,0,0,0,0,0.0,0.0,0.0,0.0,0,0,0,0,0,0.00,0.00,0.00,0.00,False,2,2
46,Yasin,Aston Villa,DEF,2,0,0,0,0,0,0,0,0,0,0,0,0,0,0,0.0,0.0,0.0,0.0,0,0,0,0,0,0.00,0.00,0.00,0.00,False,2,2
47,Rogers,Aston Villa,MID,2,90,2,0,0,0,1,0,0,0,0,0,0,0,3,4.4,21.3,17.0,4.3,0,1,0,1,1,0.10,0.12,0.22,1.21,False,2,3
48,Tielemans,Aston Villa,MID,2,90,2,0,0,0,1,0,0,0,0,0,0,0,13,11.2,50.8,12.0,7.4,0,2,1,3,1,0.04,0.29,0.33,1.21,False,2,3
49,Bailey,Aston Villa,MID,2,0,0,0,0,0,0,0,0,0,0,0,0,0,0,0.0,0.0,0.0,0.0,0,0,0,0,0,0.00,0.00,0.00,0.00,False,2,3
50,Buendía,Aston Villa,MID,2,58,1,0,0,0,0,0,0,0,0,0,0,0,1,0.8,12.2,9.0,2.2,2,0,1,3,0,0.20,0.20,0.40,0.28,False,2,3
51,Iling Jr,Aston Villa,MID,2,0,0,0,0,0,0,0,0,0,0,0,0,0,0,0.0,0.0,0.0,0.0,0,0,0,0,0,0.00,0.00,0.00,0.00,False,2,3
52,J.Ramsey,Newcastle,MID,2,14,1,0,0,0,1,0,0,0,0,0,0,0,5,4.2,11.0,0.0,1.5,0,3,1,4,0,0.00,0.02,0.02,0.37,False,15,3
53,Malen,Aston Villa,MID,2,26,1,0,0,0,0,0,0,0,0,0,0,0,3,0.4,2.8,2.0,0.5,0,1,0,1,0,0.00,0.02,0.02,0.11,False,2,3
54,McGinn,Aston Villa,MID,2,73,2,0,0,0,1,0,0,0,0,0,0,0,14,17.6,31.1,15.0,6.4,2,2,0,4,1,0.05,0.12,0.17,1.11,False,2,3
55,Barkley,Aston Villa,MID,2,0,0,0,0,0,0,0,0,0,0,0,0,0,0,0.0,0.0,0.0,0.0,0,0,0,0,0,0.00,0.00,0.00,0.00,False,2,3
56,Barrenechea,Aston Villa,MID,2,0,0,0,0,0,0,0,0,0,0,0,0,0,0,0.0,0.0,0.0,0.0,0,0,0,0,0,0.00,0.00,0.00,0.00,False,2,3
57,Dobbin,Aston Villa,MID,2,0,0,0,0,0,0,0,0,0,0,0,0,0,0,0.0,0.0,0.0,0.0,0,0,0,0,0,0.00,0.00,0.00,0.00,False,2,3
58,Kamara,Aston Villa,MID,2,15,1,0,0,0,1,0,0,0,0,0,0,0,5,1.6,0.8,2.0,0.4,0,0,1,1,1,0.00,0.00,0.00,0.83,False,2,3
59,Onana,Aston Villa,MID,2,63,1,0,0,0,1,0,0,0,1,0,0,0,10,14.6,3.2,16.0,3.4,4,3,2,9,1,0.23,0.04,0.27,1.11,False,2,3
60,Broggio,Aston Villa,MID,2,0,0,0,0,0,0,0,0,0,0,0,0,0,0,0.0,0.0,0.0,0.0,0,0,0,0,0,0.00,0.00,0.00,0.00,False,2,3
61,Dendoncker,Aston Villa,MID,2,0,0,0,0,0,0,0,0,0,0,0,0,0,0,0.0,0.0,0.0,0.0,0,0,0,0,0,0.00,0.00,0.00,0.00,False,2,3
62,Jimoh-Aloba,Aston Villa,MID,2,0,0,0,0,0,0,0,0,0,0,0,0,0,0,0.0,0.0,0.0,0.0,0,0,0,0,0,0.00,0.00,0.00,0.00,False,2,3
63,Young,Aston Villa,MID,2,0,0,0,0,0,0,0,0,0,0,0,0,0,0,0.0,0.0,0.0,0.0,0,0,0,0,0,0.00,0.00,0.00,0.00,False,2,3
64,Watkins,Aston Villa,FWD,2,90,2,0,0,0,1,0,0,0,0,0,0,0,6,1.8,14.1,22.0,3.8,0,3,1,4,1,0.37,0.08,0.45,1.21,False,2,4
65,Redmond,Aston Villa,FWD,2,0,0,0,0,0,0,0,0,0,0,0,0,0,0,0.0,0.0,0.0,0.0,0,0,0,0,0,0.00,0.00,0.00,0.00,False,2,4
66,Neto,Bournemouth,GK,2,0,0,0,0,0,0,0,0,0,0,0,0,0,0,0.0,0.0,0.0,0.0,0,0,0,0,0,0.00,0.00,0.00,0.00,False,4,1
67,Petrović,Bournemouth,GK,2,90,6,0,0,1,0,0,0,0,0,0,1,0,23,11.4,0.0,0.0,1.1,2,5,0,0,1,0.00,0.00,0.00,0.46,False,4,1
68,Dennis,Bournemouth,GK,2,0,0,0,0,0,0,0,0,0,0,0,0,0,0,0.0,0.0,0.0,0.0,0,0,0,0,0,0.00,0.00,0.00,0.00,False,4,1
69,McKenna,Bournemouth,GK,2,0,0,0,0,0,0,0,0,0,0,0,0,0,0,0.0,0.0,0.0,0.0,0,0,0,0,0,0.00,0.00,0.00,0.00,False,4,1
70,Paulsen,Bournemouth,GK,2,0,0,0,0,0,0,0,0,0,0,0,0,0,0,0.0,0.0,0.0,0.0,0,0,0,0,0,0.00,0.00,0.00,0.00,False,4,1
71,Zabarnyi,Bournemouth,DEF,2,0,0,0,0,0,0,0,0,0,0,0,0,0,0,0.0,0.0,0.0,0.0,0,0,0,0,0,0.00,0.00,0.00,0.00,False,4,2
72,Senesi,Bournemouth,DEF,2,90,9,0,0,1,0,0,0,0,0,0,0,1,31,25.0,0.9,2.0,2.8,13,4,1,14,1,0.00,0.01,0.01,0.46,False,4,2
73,Smith,Bournemouth,DEF,2,90,6,0,0,1,0,0,0,0,0,0,0,0,24,5.6,3.4,0.0,0.9,2,1,0,2,1,0.00,0.01,0.01,0.46,False,4,2
74,Truffert,Bournemouth,DEF,2,90,6,0,0,1,0,0,0,0,0,0,0,0,28,18.0,18.9,6.0,4.3,4,4,0,4,1,0.00,0.04,0.04,0.46,False,4,2
75,Akinmboni,Bournemouth,DEF,2,0,0,0,0,0,0,0,0,0,0,0,0,0,0,0.0,0.0,0.0,0.0,0,0,0,0,0,0.00,0.00,0.00,0.00,False,4,2
76,Bevan,Bournemouth,DEF,2,0,0,0,0,0,0,0,0,0,0,0,0,0,0,0.0,0.0,0.0,0.0,0,0,0,0,0,0.00,0.00,0.00,0.00,False,4,2
77,Hill,Bournemouth,DEF,2,2,1,0,0,0,0,0,0,0,0,0,0,0,3,0.4,0.2,0.0,0.1,0,0,0,0,0,0.00,0.00,0.00,0.06,False,4,2
78,J.Araujo,Bournemouth,DEF,2,0,0,0,0,0,0,0,0,0,0,0,0,0,0,0.0,0.0,0.0,0.0,0,0,0,0,0,0.00,0.00,0.00,0.00,False,4,2
79,Mepham,Bournemouth,DEF,2,0,0,0,0,0,0,0,0,0,0,0,0,0,0,0.0,0.0,0.0,0.0,0,0,0,0,0,0.00,0.00,0.00,0.00,False,4,2
80,Soler,Bournemouth,DEF,2,0,0,0,0,0,0,0,0,0,0,0,0,0,0,0.0,0.0,0.0,0.0,0,0,0,0,0,0.00,0.00,0.00,0.00,False,4,2
81,Kluivert,Bournemouth,MID,2,12,1,0,0,0,0,0,0,0,0,0,0,0,1,0.0,11.3,7.0,1.8,0,0,0,0,0,0.11,0.01,0.12,0.06,False,4,3
82,Semenyo,Bournemouth,MID,2,90,6,0,1,1,0,0,0,0,0,0,0,0,11,20.2,36.0,45.0,10.1,0,5,0,5,1,0.68,0.07,0.75,0.46,False,4,3
83,O.Dango,Brentford,MID,2,83,13,1,0,1,0,0,0,0,0,0,0,3,33,50.4,3.7,56.0,11.0,5,6,4,15,1,0.77,0.02,0.79,1.10,True,5,3
84,Tavernier,Bournemouth,MID,2,77,11,1,0,1,0,0,0,0,0,0,0,3,36,42.8,4.5,28.0,7.5,2,2,0,4,1,0.19,0.21,0.40,0.41,True,4,3
85,Adams,Bournemouth,MID,2,87,2,0,0,1,0,0,0,0,1,0,0,0,17,20.2,5.3,7.0,3.3,4,3,2,9,1,0.03,0.01,0.04,0.41,False,4,3
86,Brooks,Bournemouth,MID,2,66,3,0,0,1,0,0,0,0,0,0,0,0,11,8.2,24.2,15.0,4.7,2,2,0,4,1,0.17,0.67,0.84,0.41,False,4,3
87,Christie,Bournemouth,MID,2,24,1,0,0,0,0,0,0,0,0,0,0,0,3,4.4,13.1,5.0,2.3,1,1,0,2,0,0.06,0.02,0.08,0.06,False,4,3
88,Cook,Bournemouth,MID,2,0,0,0,0,0,0,0,0,0,0,0,0,0,0,0.0,0.0,0.0,0.0,0,0,0,0,0,0.00,0.00,0.00,0.00,False,4,3
89,Philip,Bournemouth,MID,2,0,0,0,0,0,0,0,0,0,0,0,0,0,0,0.0,0.0,0.0,0.0,0,0,0,0,0,0.00,0.00,0.00,0.00,False,4,3
90,Scott,Bournemouth,MID,2,65,2,0,0,1,0,0,0,0,1,0,0,0,10,7.4,13.9,5.0,2.6,2,1,3,6,1,0.05,0.03,0.08,0.41,False,4,3
91,Sinisterra,Bournemouth,MID,2,0,0,0,0,0,0,0,0,0,0,0,0,0,0,0.0,0.0,0.0,0.0,0,0,0,0,0,0.00,0.00,0.00,0.00,False,4,3
92,Faivre,Bournemouth,MID,2,0,0,0,0,0,0,0,0,0,0,0,0,0,0,0.0,0.0,0.0,0.0,0,0,0,0,0,0.00,0.00,0.00,0.00,False,4,3
93,H.Traorè,Bournemouth,MID,2,0,0,0,0,0,0,0,0,0,0,0,0,0,0,0.0,0.0,0.0,0.0,0,0,0,0,0,0.00,0.00,0.00,0.00,False,4,3
94,Sadi,Bournemouth,MID,2,0,0,0,0,0,0,0,0,0,0,0,0,0,0,0.0,0.0,0.0,0.0,0,0,0,0,0,0.00,0.00,0.00,0.00,False,4,3
95,Silcott-Duberry,Bournemouth,MID,2,0,0,0,0,0,0,0,0,0,0,0,0,0,0,0.0,0.0,0.0,0.0,0,0,0,0,0,0.00,0.00,0.00,0.00,False,4,3
96,Winterburn,Bournemouth,MID,2,0,0,0,0,0,0,0,0,0,0,0,0,0,0,0.0,0.0,0.0,0.0,0,0,0,0,0,0.00,0.00,0.00,0.00,False,4,3
97,Evanilson,Bournemouth,FWD,2,87,2,0,0,1,0,0,0,0,0,0,0,0,13,6.4,45.5,4.0,5.6,0,1,0,1,1,0.00,0.02,0.02,0.41,False,4,4
98,Enes Ünal,Bournemouth,FWD,2,0,0,0,0,0,0,0,0,0,0,0,0,0,0,0.0,0.0,0.0,0.0,0,0,0,0,0,0.00,0.00,0.00,0.00,False,4,4
99,Adu-Adjei,Bournemouth,FWD,2,0,0,0,0,0,0,0,0,0,0,0,0,0,0,0.0,0.0,0.0,0.0,0,0,0,0,0,0.00,0.00,0.00,0.00,False,4,4
100,Kroupi.Jr,Bournemouth,FWD,2,2,1,0,0,0,0,0,0,0,0,0,0,0,3,0.0,0.0,2.0,0.2,0,0,0,0,0,0.00,0.00,0.00,0.06,False,4,4
101,Kelleher,Brentford,GK,2,90,5,0,0,1,0,0,0,0,1,0,2,0,21,10.0,0.0,0.0,1.0,1,7,0,0,1,0.00,0.01,0.01,1.19,False,5,1
102,Balcombe,Brentford,GK,2,0,0,0,0,0,0,0,0,0,0,0,0,0,0,0.0,0.0,0.0,0.0,0,0,0,0,0,0.00,0.00,0.00,0.00,False,5,1
103,Cox,Brentford,GK,2,0,0,0,0,0,0,0,0,0,0,0,0,0,0,0.0,0.0,0.0,0.0,0,0,0,0,0,0.00,0.00,0.00,0.00,False,5,1
104,Eyestone,Brentford,GK,2,0,0,0,0,0,0,0,0,0,0,0,0,0,0,0.0,0.0,0.0,0.0,0,0,0,0,0,0.00,0.00,0.00,0.00,False,5,1
105,Valdimarsson,Brentford,GK,2,0,0,0,0,0,0,0,0,0,0,0,0,0,0,0.0,0.0,0.0,0.0,0,0,0,0,0,0.00,0.00,0.00,0.00,False,5,1
106,Collins,Brentford,DEF,2,90,9,0,0,1,0,0,0,0,0,0,0,1,25,20.8,0.3,6.0,2.7,12,5,1,13,1,0.00,0.01,0.01,1.19,False,5,2
107,Lewis-Potter,Brentford,DEF,2,90,6,0,0,1,0,0,0,0,0,0,0,0,24,8.0,0.8,2.0,1.1,3,4,1,4,1,0.00,0.00,0.00,1.19,False,5,2
108,Ajer,Brentford,DEF,2,5,1,0,0,0,0,0,0,0,0,0,0,0,3,1.4,0.1,0.0,0.2,1,0,0,1,0,0.00,0.00,0.00,0.10,False,5,2
109,Henry,Brentford,DEF,2,6,1,0,0,0,0,0,0,0,0,0,0,0,3,2.0,0.0,0.0,0.2,1,0,0,1,0,0.00,0.00,0.00,0.10,False,5,2
110,Kayode,Brentford,DEF,2,84,10,0,0,1,0,0,0,0,0,0,0,2,27,32.4,0.5,2.0,3.5,6,4,5,11,1,0.00,0.01,0.01,1.10,False,5,2
111,Pinnock,Brentford,DEF,2,0,0,0,0,0,0,0,0,0,0,0,0,0,0,0.0,0.0,0.0,0.0,0,0,0,0,0,0.00,0.00,0.00,0.00,False,5,2
112,Roerslev,Brentford,DEF,2,0,0,0,0,0,0,0,0,0,0,0,0,0,0,0.0,0.0,0.0,0.0,0,0,0,0,0,0.00,0.00,0.00,0.00,False,5,2
113,Van den Berg,Brentford,DEF,2,90,8,0,0,1,0,0,0,0,0,0,0,0,23,28.0,0.3,0.0,2.8,12,2,0,12,1,0.00,0.00,0.00,1.19,False,5,2
114,Arthur,Brentford,DEF,2,0,0,0,0,0,0,0,0,0,0,0,0,0,0,0.0,0.0,0.0,0.0,0,0,0,0,0,0.00,0.00,0.00,0.00,False,5,2
115,Fredrick,Brentford,DEF,2,0,0,0,0,0,0,0,0,0,0,0,0,0,0,0.0,0.0,0.0,0.0,0,0,0,0,0,0.00,0.00,0.00,0.00,False,5,2
116,Hickey,Brentford,DEF,2,11,1,0,0,0,0,0,0,0,0,0,0,0,5,4.0,0.1,0.0,0.4,0,0,2,2,0,0.00,0.00,0.00,0.24,False,5,2
117,Ji-soo,Brentford,DEF,2,0,0,0,0,0,0,0,0,0,0,0,0,0,0,0.0,0.0,0.0,0.0,0,0,0,0,0,0.00,0.00,0.00,0.00,False,5,2
118,Meghoma,Brentford,DEF,2,0,0,0,0,0,0,0,0,0,0,0,0,0,0,0.0,0.0,0.0,0.0,0,0,0,0,0,0.00,0.00,0.00,0.00,False,5,2
119,Mbeumo,Man Utd,MID,2,90,2,0,0,0,1,0,0,0,0,0,0,0,8,6.2,43.7,8.0,5.8,0,2,0,2,1,0.00,0.31,0.31,1.76,False,14,3
120,Schade,Brentford,MID,2,78,3,0,0,1,0,0,0,0,0,0,0,0,13,16.4,17.3,9.0,4.3,3,5,2,10,1,0.10,0.02,0.12,0.95,False,5,3
121,Damsgaard,Brentford,MID,2,90,5,0,0,1,0,0,0,0,0,0,0,0,18,27.8,43.2,14.0,8.5,5,7,3,15,1,0.06,0.24,0.30,1.19,False,5,3
122,Milambo,Brentford,MID,2,0,0,0,0,0,0,0,0,0,0,0,0,0,0,0.0,0.0,0.0,0.0,0,0,0,0,0,0.00,0.00,0.00,0.00,False,5,3
123,Carvalho,Brentford,MID,2,0,0,0,0,0,0,0,0,0,0,0,0,0,0,0.0,0.0,0.0,0.0,0,0,0,0,0,0.00,0.00,0.00,0.00,False,5,3
124,Henderson,Brentford,MID,2,68,3,0,0,1,0,0,0,0,0,0,0,0,8,9.8,2.3,5.0,1.7,3,4,2,9,1,0.03,0.00,0.03,0.88,False,5,3
125,Janelt,Brentford,MID,2,0,0,0,0,0,0,0,0,0,0,0,0,0,0,0.0,0.0,0.0,0.0,0,0,0,0,0,0.00,0.00,0.00,0.00,False,5,3
126,Jensen,Brentford,MID,2,11,1,0,0,0,0,0,0,0,0,0,0,0,5,3.4,0.3,0.0,0.4,1,1,1,3,0,0.00,0.01,0.01,0.24,False,5,3
127,Nunes,Brentford,MID,2,0,0,0,0,0,0,0,0,0,0,0,0,0,0,0.0,0.0,0.0,0.0,0,0,0,0,0,0.00,0.00,0.00,0.00,False,5,3
128,Onyeka,Brentford,MID,2,21,1,0,0,0,0,0,0,0,0,0,0,0,6,3.4,0.2,0.0,0.4,2,2,0,4,0,0.00,0.00,0.00,0.31,False,5,3
129,Yarmoliuk,Brentford,MID,2,78,5,0,0,1,0,0,0,0,0,0,0,0,15,18.4,5.4,1.0,2.5,6,4,5,15,1,0.03,0.01,0.04,0.95,False,5,3
130,Donovan,Brentford,MID,2,0,0,0,0,0,0,0,0,0,0,0,0,0,0,0.0,0.0,0.0,0.0,0,0,0,0,0,0.00,0.00,0.00,0.00,False,5,3
131,Konak,Brentford,MID,2,0,0,0,0,0,0,0,0,0,0,0,0,0,0,0.0,0.0,0.0,0.0,0,0,0,0,0,0.00,0.00,0.00,0.00,False,5,3
132,Maghoma,Brentford,MID,2,0,0,0,0,0,0,0,0,0,0,0,0,0,0,0.0,0.0,0.0,0.0,0,0,0,0,0,0.00,0.00,0.00,0.00,False,5,3
133,Peart-Harris,Brentford,MID,2,0,0,0,0,0,0,0,0,0,0,0,0,0,0,0.0,0.0,0.0,0.0,0,0,0,0,0,0.00,0.00,0.00,0.00,False,5,3
134,Trevitt,Brentford,MID,2,0,0,0,0,0,0,0,0,0,0,0,0,0,0,0.0,0.0,0.0,0.0,0,0,0,0,0,0.00,0.00,0.00,0.00,False,5,3
135,Wissa,Brentford,FWD,2,0,0,0,0,0,0,0,0,0,0,0,0,0,0,0.0,0.0,0.0,0.0,0,0,0,0,0,0.00,0.00,0.00,0.00,False,5,4
136,Thiago,Brentford,FWD,2,90,2,0,0,1,0,0,0,0,0,0,0,0,4,4.6,16.3,17.0,3.8,3,3,2,8,1,0.22,0.01,0.23,1.19,False,5,4
137,Morgan,Brentford,FWD,2,0,0,0,0,0,0,0,0,0,0,0,0,0,0,0.0,0.0,0.0,0.0,0,0,0,0,0,0.00,0.00,0.00,0.00,False,5,4
138,Steele,Brighton,GK,2,0,0,0,0,0,0,0,0,0,0,0,0,0,0,0.0,0.0,0.0,0.0,0,0,0,0,0,0.00,0.00,0.00,0.00,False,6,1
139,Verbruggen,Brighton,GK,2,90,1,0,0,0,2,0,0,0,0,0,1,0,5,10.2,10.0,0.0,2.0,0,14,0,0,1,0.00,0.00,0.00,1.60,False,6,1
140,McGill,Brighton,GK,2,0,0,0,0,0,0,0,0,0,0,0,0,0,0,0.0,0.0,0.0,0.0,0,0,0,0,0,0.00,0.00,0.00,0.00,False,6,1
141,Rushworth,Brighton,GK,2,0,0,0,0,0,0,0,0,0,0,0,0,0,0,0.0,0.0,0.0,0.0,0,0,0,0,0,0.00,0.00,0.00,0.00,False,6,1
142,Scherpen,Brighton,GK,2,0,0,0,0,0,0,0,0,0,0,0,0,0,0,0.0,0.0,0.0,0.0,0,0,0,0,0,0.00,0.00,0.00,0.00,False,6,1
143,Boscagli,Brighton,DEF,2,0,0,0,0,0,0,0,0,0,0,0,0,0,0,0.0,0.0,0.0,0.0,0,0,0,0,0,0.00,0.00,0.00,0.00,False,6,2
144,Coppola,Brighton,DEF,2,0,0,0,0,0,0,0,0,0,0,0,0,0,0,0.0,0.0,0.0,0.0,0,0,0,0,0,0.00,0.00,0.00,0.00,False,6,2
145,De Cuyper,Brighton,DEF,2,66,0,0,0,0,2,0,0,0,1,0,0,0,2,4.8,1.0,4.0,1.0,4,2,1,5,1,0.00,0.02,0.02,1.20,False,6,2
146,Dunk,Brighton,DEF,2,90,1,0,0,0,2,0,0,0,0,0,0,0,11,16.0,0.6,0.0,1.7,6,6,2,8,1,0.00,0.00,0.00,1.60,False,6,2
147,Estupiñan,Brighton,DEF,2,0,0,0,0,0,0,0,0,0,0,0,0,0,0,0.0,0.0,0.0,0.0,0,0,0,0,0,0.00,0.00,0.00,0.00,False,6,2
148,F.Kadıoğlu,Brighton,DEF,2,23,0,0,0,0,0,0,0,0,1,0,0,0,-1,0.0,2.2,0.0,0.2,1,2,0,1,0,0.00,0.00,0.00,0.40,False,6,2
149,Igor,Brighton,DEF,2,0,0,0,0,0,0,0,0,0,0,0,0,0,0,0.0,0.0,0.0,0.0,0,0,0,0,0,0.00,0.00,0.00,0.00,False,6,2
150,Lamptey,Brighton,DEF,2,0,0,0,0,0,0,0,0,0,0,0,0,0,0,0.0,0.0,0.0,0.0,0,0,0,0,0,0.00,0.00,0.00,0.00,False,6,2
151,Van Hecke,Brighton,DEF,2,90,1,0,0,0,2,0,0,0,0,0,0,0,5,18.6,0.9,4.0,2.4,6,3,0,6,1,0.01,0.01,0.02,1.60,False,6,2
152,Veltman,Brighton,DEF,2,0,0,0,0,0,0,0,0,0,0,0,0,0,0,0.0,0.0,0.0,0.0,0,0,0,0,0,0.00,0.00,0.00,0.00,False,6,2
153,Webster,Brighton,DEF,2,0,0,0,0,0,0,0,0,0,0,0,0,0,0,0.0,0.0,0.0,0.0,0,0,0,0,0,0.00,0.00,0.00,0.00,False,6,2
154,Cashin,Brighton,DEF,2,0,0,0,0,0,0,0,0,0,0,0,0,0,0,0.0,0.0,0.0,0.0,0,0,0,0,0,0.00,0.00,0.00,0.00,False,6,2
155,Slater,Brighton,DEF,2,0,0,0,0,0,0,0,0,0,0,0,0,0,0,0.0,0.0,0.0,0.0,0,0,0,0,0,0.00,0.00,0.00,0.00,False,6,2
156,Tasker,Brighton,DEF,2,0,0,0,0,0,0,0,0,0,0,0,0,0,0,0.0,0.0,0.0,0.0,0,0,0,0,0,0.00,0.00,0.00,0.00,False,6,2
157,Mitoma,Brighton,MID,2,90,2,0,0,0,2,0,0,0,0,0,0,0,8,12.0,42.8,10.0,6.5,0,4,1,5,1,0.15,0.09,0.24,1.60,False,6,3
158,Georginio,Brighton,MID,2,0,0,0,0,0,0,0,0,0,0,0,0,0,0,0.0,0.0,0.0,0.0,0,0,0,0,0,0.00,0.00,0.00,0.00,False,6,3
159,March,Brighton,MID,2,0,0,0,0,0,0,0,0,0,0,0,0,0,0,0.0,0.0,0.0,0.0,0,0,0,0,0,0.00,0.00,0.00,0.00,False,6,3
160,Minteh,Brighton,MID,2,90,2,0,0,0,2,0,0,0,0,0,0,0,14,16.2,42.4,29.0,8.8,2,4,1,7,1,0.08,0.55,0.63,1.60,False,6,3
161,Enciso,Brighton,MID,2,0,0,0,0,0,0,0,0,0,0,0,0,0,0,0.0,0.0,0.0,0.0,0,0,0,0,0,0.00,0.00,0.00,0.00,False,6,3
162,Gruda,Brighton,MID,2,5,1,0,0,0,0,0,0,0,0,0,0,0,2,0.0,0.0,6.0,0.5,0,1,0,1,0,0.06,0.00,0.06,0.39,False,6,3
163,Hinshelwood,Brighton,MID,2,45,1,0,0,0,1,0,0,0,0,0,0,0,9,4.6,1.2,0.0,0.6,0,2,1,3,0,0.00,0.01,0.01,0.67,False,6,3
164,O'Riley,Brighton,MID,2,90,2,0,0,0,2,0,0,0,0,0,0,0,12,15.0,22.3,38.0,7.5,3,2,1,6,1,0.42,0.03,0.45,1.60,False,6,3
165,Sima,Brighton,MID,2,0,0,0,0,0,0,0,0,0,0,0,0,0,0,0.0,0.0,0.0,0.0,0,0,0,0,0,0.00,0.00,0.00,0.00,False,6,3
166,Ayari,Brighton,MID,2,66,2,0,0,0,2,0,0,0,0,0,0,0,10,10.6,3.9,18.0,3.3,1,2,3,6,1,0.15,0.02,0.17,1.20,False,6,3
167,Baleba,Brighton,MID,2,45,1,0,0,0,1,0,0,0,0,0,0,0,3,0.4,10.8,0.0,1.1,0,2,0,2,1,0.00,0.00,0.00,0.92,False,6,3
168,Buonanotte,Brighton,MID,2,0,0,0,0,0,0,0,0,0,0,0,0,0,0,0.0,0.0,0.0,0.0,0,0,0,0,0,0.00,0.00,0.00,0.00,False,6,3
169,Gomez,Brighton,MID,2,23,1,0,0,0,0,0,0,0,0,0,0,0,3,7.0,2.0,0.0,0.9,4,1,0,5,0,0.00,0.01,0.01,0.40,False,6,3
170,Milner,Brighton,MID,2,0,0,0,0,0,0,0,0,0,0,0,0,0,0,0.0,0.0,0.0,0.0,0,0,0,0,0,0.00,0.00,0.00,0.00,False,6,3
171,Sarmiento,Brighton,MID,2,0,0,0,0,0,0,0,0,0,0,0,0,0,0,0.0,0.0,0.0,0.0,0,0,0,0,0,0.00,0.00,0.00,0.00,False,6,3
172,Watson,Brighton,MID,2,0,0,0,0,0,0,0,0,0,0,0,0,0,0,0.0,0.0,0.0,0.0,0,0,0,0,0,0.00,0.00,0.00,0.00,False,6,3
173,Wieffer,Brighton,MID,2,84,3,0,0,0,2,0,0,0,1,0,0,0,13,20.0,2.4,0.0,2.2,3,3,7,13,1,0.00,0.02,0.02,1.21,False,6,3
174,Yalcouye,Brighton,MID,2,0,0,0,0,0,0,0,0,0,0,0,0,0,0,0.0,0.0,0.0,0.0,0,0,0,0,0,0.00,0.00,0.00,0.00,False,6,3
175,Knight,Brighton,MID,2,0,0,0,0,0,0,0,0,0,0,0,0,0,0,0.0,0.0,0.0,0.0,0,0,0,0,0,0.00,0.00,0.00,0.00,False,6,3
176,Mazilu,Brighton,MID,2,0,0,0,0,0,0,0,0,0,0,0,0,0,0,0.0,0.0,0.0,0.0,0,0,0,0,0,0.00,0.00,0.00,0.00,False,6,3
177,Moran,Brighton,MID,2,0,0,0,0,0,0,0,0,0,0,0,0,0,0,0.0,0.0,0.0,0.0,0,0,0,0,0,0.00,0.00,0.00,0.00,False,6,3
178,Welbeck,Brighton,FWD,2,90,0,0,0,0,2,0,0,1,0,0,0,0,-9,0.0,3.4,27.0,2.8,0,1,0,1,1,1.56,0.10,1.66,1.60,False,6,4
179,Ferguson,Brighton,FWD,2,0,0,0,0,0,0,0,0,0,0,0,0,0,0,0.0,0.0,0.0,0.0,0,0,0,0,0,0.00,0.00,0.00,0.00,False,6,4
180,Tzimas,Brighton,FWD,2,0,0,0,0,0,0,0,0,0,0,0,0,0,0,0.0,0.0,0.0,0.0,0,0,0,0,0,0.00,0.00,0.00,0.00,False,6,4
181,Kostoulas,Brighton,FWD,2,0,0,0,0,0,0,0,0,0,0,0,0,0,0,0.0,0.0,0.0,0.0,0,0,0,0,0,0.00,0.00,0.00,0.00,False,6,4
182,Trafford,Man City,GK,2,90,2,0,0,0,2,0,0,0,0,0,3,0,13,30.8,0.0,0.0,3.1,3,10,2,0,1,0.00,0.00,0.00,1.11,False,13,1
183,Weiss,Burnley,GK,2,0,0,0,0,0,0,0,0,0,0,0,0,0,0,0.0,0.0,0.0,0.0,0,0,0,0,0,0.00,0.00,0.00,0.00,False,3,1
184,Green,Burnley,GK,2,0,0,0,0,0,0,0,0,0,0,0,0,0,0,0.0,0.0,0.0,0.0,0,0,0,0,0,0.00,0.00,0.00,0.00,False,3,1
185,Hladký,Burnley,GK,2,0,0,0,0,0,0,0,0,0,0,0,0,0,0,0.0,0.0,0.0,0.0,0,0,0,0,0,0.00,0.00,0.00,0.00,False,3,1
186,Roberts,Burnley,DEF,2,0,0,0,0,0,0,0,0,0,0,0,0,0,0,0.0,0.0,0.0,0.0,0,0,0,0,0,0.00,0.00,0.00,0.00,False,3,2
187,Walker,Burnley,DEF,2,90,6,0,0,1,0,0,0,0,0,0,0,0,26,15.4,2.1,0.0,1.8,6,6,1,7,1,0.00,0.02,0.02,0.77,False,3,2
188,Delcroix,Burnley,DEF,2,0,0,0,0,0,0,0,0,0,0,0,0,0,0,0.0,0.0,0.0,0.0,0,0,0,0,0,0.00,0.00,0.00,0.00,False,3,2
189,Dodgson,Burnley,DEF,2,0,0,0,0,0,0,0,0,0,0,0,0,0,0,0.0,0.0,0.0,0.0,0,0,0,0,0,0.00,0.00,0.00,0.00,False,3,2
190,Ekdal,Burnley,DEF,2,90,9,0,0,1,0,0,0,0,0,0,0,1,34,31.8,14.3,4.0,5.0,12,3,2,14,1,0.00,0.01,0.01,0.77,False,3,2
191,Estève,Burnley,DEF,2,82,6,0,0,1,0,0,0,0,0,0,0,0,29,21.0,1.1,0.0,2.2,6,1,1,7,1,0.00,0.01,0.01,0.66,False,3,2
192,Hartman,Burnley,DEF,2,90,6,0,0,1,0,0,0,0,0,0,0,0,26,19.8,7.3,2.0,2.9,3,3,5,8,1,0.00,0.04,0.04,0.77,False,3,2
193,Humphreys,Burnley,DEF,2,0,0,0,0,0,0,0,0,0,0,0,0,0,0,0.0,0.0,0.0,0.0,0,0,0,0,0,0.00,0.00,0.00,0.00,False,3,2
194,Jordan,Burnley,DEF,2,0,0,0,0,0,0,0,0,0,0,0,0,0,0,0.0,0.0,0.0,0.0,0,0,0,0,0,0.00,0.00,0.00,0.00,False,3,2
195,Lucas Pires,Burnley,DEF,2,0,0,0,0,0,0,0,0,0,0,0,0,0,0,0.0,0.0,0.0,0.0,0,0,0,0,0,0.00,0.00,0.00,0.00,False,3,2
196,Sambo,Burnley,DEF,2,0,0,0,0,0,0,0,0,0,0,0,0,0,0,0.0,0.0,0.0,0.0,0,0,0,0,0,0.00,0.00,0.00,0.00,False,3,2
197,Sonne,Burnley,DEF,2,21,1,0,0,0,0,0,0,0,0,0,0,0,1,0.0,0.5,0.0,0.0,0,2,0,0,0,0.00,0.00,0.00,0.16,False,3,2
198,Tuanzebe,Burnley,DEF,2,0,0,0,0,0,0,0,0,0,0,0,0,0,0,0.0,0.0,0.0,0.0,0,0,0,0,0,0.00,0.00,0.00,0.00,False,3,2
199,Worrall,Burnley,DEF,2,7,1,0,0,0,0,0,0,0,0,0,0,0,6,6.0,0.0,0.0,0.6,2,0,1,3,0,0.00,0.00,0.00,0.11,False,3,2
200,Anthony,Burnley,MID,2,90,13,1,1,1,0,0,0,0,0,0,0,2,39,58.4,14.6,28.0,10.1,1,7,3,11,1,0.77,0.02,0.79,0.77,True,3,3
201,Benson,Burnley,MID,2,0,0,0,0,0,0,0,0,0,0,0,0,0,0,0.0,0.0,0.0,0.0,0,0,0,0,0,0.00,0.00,0.00,0.00,False,3,3
202,Bruun Larsen,Burnley,MID,2,68,3,0,0,1,0,0,0,0,0,0,0,0,6,0.0,1.8,4.0,0.4,1,3,0,4,1,0.02,0.01,0.03,0.61,False,3,3
203,Boateng,Burnley,MID,2,0,0,0,0,0,0,0,0,0,0,0,0,0,0,0.0,0.0,0.0,0.0,0,0,0,0,0,0.00,0.00,0.00,0.00,False,3,3
204,Churlinov,Burnley,MID,2,0,0,0,0,0,0,0,0,0,0,0,0,0,0,0.0,0.0,0.0,0.0,0,0,0,0,0,0.00,0.00,0.00,0.00,False,3,3
205,Cullen,Burnley,MID,2,90,14,1,1,1,0,0,0,0,0,0,0,3,49,65.8,17.0,21.0,10.4,2,4,1,7,1,0.08,0.19,0.27,0.77,True,3,3
206,Edwards,Burnley,MID,2,0,0,0,0,0,0,0,0,0,0,0,0,0,0,0.0,0.0,0.0,0.0,0,0,0,0,0,0.00,0.00,0.00,0.00,False,3,3
207,Hannibal,Burnley,MID,2,82,5,0,0,1,0,0,0,0,0,0,0,0,11,9.2,18.5,4.0,3.2,2,8,3,13,1,0.02,0.12,0.14,0.66,False,3,3
208,Koleosho,Burnley,MID,2,0,0,0,0,0,0,0,0,0,0,0,0,0,0,0.0,0.0,0.0,0.0,0,0,0,0,0,0.00,0.00,0.00,0.00,False,3,3
209,Laurent,Burnley,MID,2,21,1,0,0,0,0,0,0,0,0,0,0,0,4,10.8,0.8,0.0,1.2,3,0,1,4,0,0.00,0.00,0.00,0.16,False,3,3
210,Tchaouna,Burnley,MID,2,7,1,0,0,0,0,0,0,0,0,0,0,0,3,0.4,4.6,3.0,0.8,0,2,0,2,0,0.08,0.03,0.11,0.11,False,3,3
211,A.Ramsey,Burnley,MID,2,0,0,0,0,0,0,0,0,0,0,0,0,0,0,0.0,0.0,0.0,0.0,0,0,0,0,0,0.00,0.00,0.00,0.00,False,3,3
212,Adewumi,Burnley,MID,2,0,0,0,0,0,0,0,0,0,0,0,0,0,0,0.0,0.0,0.0,0.0,0,0,0,0,0,0.00,0.00,0.00,0.00,False,3,3
213,Banel,Burnley,MID,2,0,0,0,0,0,0,0,0,0,0,0,0,0,0,0.0,0.0,0.0,0.0,0,0,0,0,0,0.00,0.00,0.00,0.00,False,3,3
214,Trésor,Burnley,MID,2,0,0,0,0,0,0,0,0,0,0,0,0,0,0,0.0,0.0,0.0,0.0,0,0,0,0,0,0.00,0.00,0.00,0.00,False,3,3
215,Flemming,Burnley,FWD,2,4,1,0,0,0,0,0,0,0,0,0,0,0,3,2.2,10.0,2.0,1.4,0,0,0,0,0,0.00,0.00,0.00,0.11,False,3,4
216,Amdouni,Burnley,FWD,2,0,0,0,0,0,0,0,0,0,0,0,0,0,0,0.0,0.0,0.0,0.0,0,0,0,0,0,0.00,0.00,0.00,0.00,False,3,4
217,Foster,Burnley,FWD,2,85,2,0,0,1,0,0,0,0,0,0,0,0,7,1.8,3.6,4.0,0.9,0,3,2,5,1,0.00,0.01,0.01,0.66,False,3,4
218,Barnes,Burnley,FWD,2,0,0,0,0,0,0,0,0,0,0,0,0,0,0,0.0,0.0,0.0,0.0,0,0,0,0,0,0.00,0.00,0.00,0.00,False,3,4
219,Obafemi,Burnley,FWD,2,0,0,0,0,0,0,0,0,0,0,0,0,0,0,0.0,0.0,0.0,0.0,0,0,0,0,0,0.00,0.00,0.00,0.00,False,3,4
220,Sánchez,Chelsea,GK,2,90,3,0,0,0,1,0,0,0,0,0,3,0,11,24.2,0.0,0.0,2.4,0,5,0,0,1,0.00,0.00,0.00,0.73,False,7,1
221,Jörgensen,Chelsea,GK,2,0,0,0,0,0,0,0,0,0,0,0,0,0,0,0.0,0.0,0.0,0.0,0,0,0,0,0,0.00,0.00,0.00,0.00,False,7,1
222,Penders,Chelsea,GK,2,0,0,0,0,0,0,0,0,0,0,0,0,0,0,0.0,0.0,0.0,0.0,0,0,0,0,0,0.00,0.00,0.00,0.00,False,7,1
223,Slonina,Chelsea,GK,2,0,0,0,0,0,0,0,0,0,0,0,0,0,0,0.0,0.0,0.0,0.0,0,0,0,0,0,0.00,0.00,0.00,0.00,False,7,1
224,Cucurella,Chelsea,DEF,2,68,5,0,1,0,1,0,0,0,0,0,0,0,25,30.4,13.8,4.0,4.8,4,7,1,5,1,0.00,0.32,0.32,0.29,False,7,2
225,James,Chelsea,DEF,2,21,1,0,0,0,0,0,0,0,0,0,0,0,7,2.6,15.5,0.0,1.8,0,2,0,0,0,0.00,0.13,0.13,0.44,False,7,2
226,Chalobah,Chelsea,DEF,2,68,8,1,0,0,1,0,0,0,0,0,0,0,27,44.2,1.4,33.0,7.9,3,4,2,5,1,0.31,0.01,0.32,0.29,False,7,2
227,Colwill,Chelsea,DEF,2,0,0,0,0,0,0,0,0,0,0,0,0,0,0,0.0,0.0,0.0,0.0,0,0,0,0,0,0.00,0.00,0.00,0.00,False,7,2
228,Gusto,Chelsea,DEF,2,68,2,0,0,0,1,0,0,0,0,0,0,0,3,9.0,2.7,0.0,1.2,3,1,2,5,1,0.00,0.01,0.01,0.29,False,7,2
229,B.Badiashile,Chelsea,DEF,2,0,0,0,0,0,0,0,0,0,0,0,0,0,0,0.0,0.0,0.0,0.0,0,0,0,0,0,0.00,0.00,0.00,0.00,False,7,2
230,Fofana,Chelsea,DEF,2,21,1,0,0,0,0,0,0,0,0,0,0,0,5,3.4,0.4,0.0,0.4,1,0,1,2,0,0.00,0.00,0.00,0.44,False,7,2
231,M.Sarr,Chelsea,DEF,2,0,0,0,0,0,0,0,0,0,0,0,0,0,0,0.0,0.0,0.0,0.0,0,0,0,0,0,0.00,0.00,0.00,0.00,False,7,2
232,Tosin,Chelsea,DEF,2,90,2,0,0,0,1,0,0,0,0,0,0,0,16,26.4,1.9,0.0,2.8,6,3,3,9,1,0.00,0.03,0.03,0.73,False,7,2
233,Acheampong,Chelsea,DEF,2,0,0,0,0,0,0,0,0,0,0,0,0,0,0,0.0,0.0,0.0,0.0,0,0,0,0,0,0.00,0.00,0.00,0.00,False,7,2
234,Anselmino,Chelsea,DEF,2,0,0,0,0,0,0,0,0,0,0,0,0,0,0,0.0,0.0,0.0,0.0,0,0,0,0,0,0.00,0.00,0.00,0.00,False,7,2
235,Palmer,Chelsea,MID,2,0,0,0,0,0,0,0,0,0,0,0,0,0,0,0.0,0.0,0.0,0.0,0,0,0,0,0,0.00,0.00,0.00,0.00,False,7,3
236,Neto,Chelsea,MID,2,90,7,1,0,0,1,0,0,0,0,0,0,0,33,37.6,18.4,30.0,8.6,0,1,1,2,1,0.38,0.17,0.55,0.73,False,7,3
237,Enzo,Chelsea,MID,2,90,10,1,1,0,1,0,0,0,0,0,0,0,32,33.4,8.8,38.0,8.0,0,3,2,5,1,1.03,0.02,1.05,0.73,False,7,3
238,Estêvão,Chelsea,MID,2,76,5,0,1,0,1,0,0,0,0,0,0,0,26,27.4,16.6,25.0,6.9,0,2,3,5,1,0.29,0.61,0.90,0.33,False,7,3
239,Gittens,Chelsea,MID,2,13,1,0,0,0,0,0,0,0,0,0,0,0,4,2.0,5.0,4.0,1.1,0,0,0,0,0,0.00,0.01,0.01,0.40,False,7,3
240,Nkunku,Chelsea,MID,2,0,0,0,0,0,0,0,0,0,0,0,0,0,0,0.0,0.0,0.0,0.0,0,0,0,0,0,0.00,0.00,0.00,0.00,False,7,3
241,Caicedo,Chelsea,MID,2,90,8,1,0,0,1,0,0,0,0,0,0,1,36,50.8,5.2,17.0,7.3,2,2,3,7,1,0.24,0.02,0.26,0.73,False,7,3
242,Dewsbury-Hall,Everton,MID,2,90,2,0,0,1,0,0,0,0,1,0,0,0,14,6.8,54.3,0.0,6.1,1,2,0,3,1,0.00,0.17,0.17,2.43,False,9,3
243,George,Chelsea,MID,2,0,0,0,0,0,0,0,0,0,0,0,0,0,0,0.0,0.0,0.0,0.0,0,0,0,0,0,0.00,0.00,0.00,0.00,False,7,3
244,Lavia,Chelsea,MID,2,0,0,0,0,0,0,0,0,0,0,0,0,0,0,0.0,0.0,0.0,0.0,0,0,0,0,0,0.00,0.00,0.00,0.00,False,7,3
245,Mudryk,Chelsea,MID,2,0,0,0,0,0,0,0,0,0,0,0,0,0,0,0.0,0.0,0.0,0.0,0,0,0,0,0,0.00,0.00,0.00,0.00,False,7,3
246,Andrey Santos,Chelsea,MID,2,28,1,0,0,0,0,0,0,0,0,0,0,0,4,3.8,11.9,2.0,1.8,1,2,0,3,0,0.00,0.01,0.01,0.55,False,7,3
247,D.Essugo,Chelsea,MID,2,0,0,0,0,0,0,0,0,0,0,0,0,0,0,0.0,0.0,0.0,0.0,0,0,0,0,0,0.00,0.00,0.00,0.00,False,7,3
248,Paez,Chelsea,MID,2,0,0,0,0,0,0,0,0,0,0,0,0,0,0,0.0,0.0,0.0,0.0,0,0,0,0,0,0.00,0.00,0.00,0.00,False,7,3
249,João Pedro,Chelsea,FWD,2,90,15,1,2,0,1,0,0,0,0,0,0,3,58,75.8,31.3,42.0,14.9,3,1,1,5,1,0.41,0.11,0.52,0.73,True,7,4
250,Delap,Chelsea,FWD,2,61,2,0,0,0,1,0,0,0,0,0,0,0,7,2.6,2.2,19.0,2.4,0,2,0,2,1,0.09,0.02,0.11,0.18,False,7,4
251,N.Jackson,Chelsea,FWD,2,0,0,0,0,0,0,0,0,0,0,0,0,0,0,0.0,0.0,0.0,0.0,0,0,0,0,0,0.00,0.00,0.00,0.00,False,7,4
252,Marc Guiu,Sunderland,FWD,2,10,1,0,0,0,1,0,0,0,0,0,0,0,2,0.0,1.6,6.0,0.6,0,0,0,0,0,0.02,0.01,0.03,0.66,False,17,4
253,Henderson,Crystal Palace,GK,2,90,2,0,0,0,1,0,0,0,0,0,0,0,3,3.4,0.0,0.0,0.3,0,4,0,0,1,0.00,0.00,0.00,0.93,False,8,1
254,Benitez,Crystal Palace,GK,2,0,0,0,0,0,0,0,0,0,0,0,0,0,0,0.0,0.0,0.0,0.0,0,0,0,0,0,0.00,0.00,0.00,0.00,False,8,1
255,Matthews,Crystal Palace,GK,2,0,0,0,0,0,0,0,0,0,0,0,0,0,0,0.0,0.0,0.0,0.0,0,0,0,0,0,0.00,0.00,0.00,0.00,False,8,1
256,Muñoz,Crystal Palace,DEF,2,90,5,0,1,0,1,0,0,0,0,0,0,0,18,28.2,24.2,2.0,5.4,1,5,0,1,1,0.00,0.32,0.32,0.93,False,8,2
257,Lacroix,Crystal Palace,DEF,2,90,3,0,0,0,1,0,0,0,1,0,0,0,11,24.6,0.3,23.0,4.8,9,5,3,12,1,0.10,0.00,0.10,0.93,False,8,2
258,Mitchell,Crystal Palace,DEF,2,90,1,0,0,0,1,0,0,0,1,0,0,0,9,14.6,27.4,8.0,5.0,2,5,3,5,1,0.00,0.09,0.09,0.93,False,8,2
259,Sosa,Crystal Palace,DEF,2,0,0,0,0,0,0,0,0,0,0,0,0,0,0,0.0,0.0,0.0,0.0,0,0,0,0,0,0.00,0.00,0.00,0.00,False,8,2
260,Guéhi,Crystal Palace,DEF,2,90,2,0,0,0,1,0,0,0,0,0,0,0,6,11.2,1.5,4.0,1.7,4,3,1,5,1,0.11,0.01,0.12,0.93,False,8,2
261,Richards,Crystal Palace,DEF,2,90,2,0,0,0,1,0,0,0,0,0,0,0,8,19.8,1.3,0.0,2.1,7,2,1,8,1,0.00,0.04,0.04,0.93,False,8,2
262,Chadi Riad,Crystal Palace,DEF,2,0,0,0,0,0,0,0,0,0,0,0,0,0,0,0.0,0.0,0.0,0.0,0,0,0,0,0,0.00,0.00,0.00,0.00,False,8,2
263,Clyne,Crystal Palace,DEF,2,0,0,0,0,0,0,0,0,0,0,0,0,0,0,0.0,0.0,0.0,0.0,0,0,0,0,0,0.00,0.00,0.00,0.00,False,8,2
264,Holding,Crystal Palace,DEF,2,0,0,0,0,0,0,0,0,0,0,0,0,0,0,0.0,0.0,0.0,0.0,0,0,0,0,0,0.00,0.00,0.00,0.00,False,8,2
265,Kporha,Crystal Palace,DEF,2,0,0,0,0,0,0,0,0,0,0,0,0,0,0,0.0,0.0,0.0,0.0,0,0,0,0,0,0.00,0.00,0.00,0.00,False,8,2
266,Eze,Arsenal,MID,2,0,0,0,0,0,0,0,0,0,0,0,0,0,0,0.0,0.0,0.0,0.0,0,0,0,0,0,0.00,0.00,0.00,0.00,False,1,3
267,Sarr,Crystal Palace,MID,2,90,8,1,0,0,1,0,0,0,0,0,0,1,20,36.0,2.8,17.0,5.6,0,2,2,4,1,0.55,0.04,0.59,0.93,False,8,3
268,Doucouré,Crystal Palace,MID,2,0,0,0,0,0,0,0,0,0,0,0,0,0,0,0.0,0.0,0.0,0.0,0,0,0,0,0,0.00,0.00,0.00,0.00,False,8,3
269,Esse,Crystal Palace,MID,2,24,1,0,0,0,0,0,0,0,0,0,0,0,6,4.6,0.4,2.0,0.7,0,0,2,2,0,0.00,0.01,0.01,0.27,False,8,3
270,Hughes,Crystal Palace,MID,2,90,1,0,0,0,1,0,0,0,1,0,0,0,14,13.0,41.4,10.0,6.4,1,5,4,10,1,0.12,0.27,0.39,0.93,False,8,3
271,Kamada,Crystal Palace,MID,2,0,0,0,0,0,0,0,0,0,0,0,0,0,0,0.0,0.0,0.0,0.0,0,0,0,0,0,0.00,0.00,0.00,0.00,False,8,3
272,Lerma,Crystal Palace,MID,2,8,1,0,0,0,0,0,0,0,0,0,0,0,4,4.0,1.1,0.0,0.5,2,0,0,2,0,0.00,0.00,0.00,0.27,False,8,3
273,Wharton,Crystal Palace,MID,2,81,2,0,0,0,1,0,0,0,0,0,0,0,18,8.2,20.2,0.0,2.8,2,6,1,9,1,0.00,0.09,0.09,0.66,False,8,3
274,Agbinone,Crystal Palace,MID,2,0,0,0,0,0,0,0,0,0,0,0,0,0,0,0.0,0.0,0.0,0.0,0,0,0,0,0,0.00,0.00,0.00,0.00,False,8,3
275,Ahamada,Crystal Palace,MID,2,0,0,0,0,0,0,0,0,0,0,0,0,0,0,0.0,0.0,0.0,0.0,0,0,0,0,0,0.00,0.00,0.00,0.00,False,8,3
276,Devenny,Crystal Palace,MID,2,65,2,0,0,0,1,0,0,0,0,0,0,0,9,5.8,3.3,23.0,3.2,0,6,2,8,1,0.05,0.02,0.07,0.66,False,8,3
277,Ebiowei,Crystal Palace,MID,2,0,0,0,0,0,0,0,0,0,0,0,0,0,0,0.0,0.0,0.0,0.0,0,0,0,0,0,0.00,0.00,0.00,0.00,False,8,3
278,J.Rak-Sakyi,Crystal Palace,MID,2,0,0,0,0,0,0,0,0,0,0,0,0,0,0,0.0,0.0,0.0,0.0,0,0,0,0,0,0.00,0.00,0.00,0.00,False,8,3
279,M.França,Crystal Palace,MID,2,0,0,0,0,0,0,0,0,0,0,0,0,0,0,0.0,0.0,0.0,0.0,0,0,0,0,0,0.00,0.00,0.00,0.00,False,8,3
280,Ozoh,Crystal Palace,MID,2,0,0,0,0,0,0,0,0,0,0,0,0,0,0,0.0,0.0,0.0,0.0,0,0,0,0,0,0.00,0.00,0.00,0.00,False,8,3
281,Rodney,Crystal Palace,MID,2,0,0,0,0,0,0,0,0,0,0,0,0,0,0,0.0,0.0,0.0,0.0,0,0,0,0,0,0.00,0.00,0.00,0.00,False,8,3
282,Umeh,Crystal Palace,MID,2,0,0,0,0,0,0,0,0,0,0,0,0,0,0,0.0,0.0,0.0,0.0,0,0,0,0,0,0.00,0.00,0.00,0.00,False,8,3
283,Mateta,Crystal Palace,FWD,2,87,2,0,0,0,1,0,0,0,0,0,0,0,7,0.4,0.4,13.0,1.4,1,0,0,1,1,0.16,0.00,0.16,0.66,False,8,4
284,Nketiah,Crystal Palace,FWD,2,0,0,0,0,0,0,0,0,0,0,0,0,0,0,0.0,0.0,0.0,0.0,0,0,0,0,0,0.00,0.00,0.00,0.00,False,8,4
285,Édouard,Crystal Palace,FWD,2,2,1,0,0,0,0,0,0,0,0,0,0,0,6,2.0,0.0,0.0,0.2,0,0,1,1,0,0.00,0.00,0.00,0.27,False,8,4
286,Marsh,Crystal Palace,FWD,2,0,0,0,0,0,0,0,0,0,0,0,0,0,0,0.0,0.0,0.0,0.0,0,0,0,0,0,0.00,0.00,0.00,0.00,False,8,4
287,Pickford,Everton,GK,2,90,15,0,0,1,0,0,1,0,0,0,4,3,40,50.2,0.0,0.0,5.0,2,11,0,0,1,0.00,0.00,0.00,2.43,True,9,1
288,Travers,Everton,GK,2,0,0,0,0,0,0,0,0,0,0,0,0,0,0,0.0,0.0,0.0,0.0,0,0,0,0,0,0.00,0.00,0.00,0.00,False,9,1
289,Tyrer,Everton,GK,2,0,0,0,0,0,0,0,0,0,0,0,0,0,0,0.0,0.0,0.0,0.0,0,0,0,0,0,0.00,0.00,0.00,0.00,False,9,1
290,Branthwaite,Everton,DEF,2,0,0,0,0,0,0,0,0,0,0,0,0,0,0,0.0,0.0,0.0,0.0,0,0,0,0,0,0.00,0.00,0.00,0.00,False,9,2
291,Tarkowski,Everton,DEF,2,90,8,0,0,1,0,0,0,0,0,0,0,0,27,13.2,0.3,4.0,1.8,10,3,0,10,1,0.00,0.00,0.00,2.43,False,9,2
292,Mykolenko,Everton,DEF,2,0,0,0,0,0,0,0,0,0,0,0,0,0,0,0.0,0.0,0.0,0.0,0,0,0,0,0,0.00,0.00,0.00,0.00,False,9,2
293,O'Brien,Everton,DEF,2,90,6,0,0,1,0,0,0,0,0,0,0,0,21,10.8,5.1,4.0,2.0,2,1,2,4,1,0.00,0.01,0.01,2.43,False,9,2
294,Coleman,Everton,DEF,2,0,0,0,0,0,0,0,0,0,0,0,0,0,0,0.0,0.0,0.0,0.0,0,0,0,0,0,0.00,0.00,0.00,0.00,False,9,2
295,Keane,Everton,DEF,2,90,8,0,0,1,0,0,0,0,0,0,0,0,23,24.0,0.3,0.0,2.4,11,1,2,13,1,0.00,0.01,0.01,2.43,False,9,2
296,Patterson,Everton,DEF,2,0,0,0,0,0,0,0,0,0,0,0,0,0,0,0.0,0.0,0.0,0.0,0,0,0,0,0,0.00,0.00,0.00,0.00,False,9,2
297,Dixon,Everton,DEF,2,0,0,0,0,0,0,0,0,0,0,0,0,0,0,0.0,0.0,0.0,0.0,0,0,0,0,0,0.00,0.00,0.00,0.00,False,9,2
298,Welch,Everton,DEF,2,0,0,0,0,0,0,0,0,0,0,0,0,0,0,0.0,0.0,0.0,0.0,0,0,0,0,0,0.00,0.00,0.00,0.00,False,9,2
299,Ndiaye,Everton,MID,2,63,8,1,0,1,0,0,0,0,0,0,0,0,33,43.2,1.1,40.0,8.4,1,4,3,8,1,0.73,0.00,0.73,1.48,False,9,3
300,McNeil,Everton,MID,2,19,1,0,0,0,0,0,0,0,0,0,0,0,2,0.0,11.3,8.0,1.8,0,0,0,0,0,0.24,0.00,0.24,0.95,False,9,3
301,Alcaraz,Everton,MID,2,26,1,0,0,0,0,0,0,0,0,0,0,0,5,5.0,2.1,0.0,0.7,0,2,2,4,0,0.00,0.00,0.00,0.95,False,9,3
302,Gana,Everton,MID,2,90,3,0,0,1,0,0,0,0,0,0,0,0,15,12.4,5.7,2.0,2.0,3,2,2,7,1,0.00,0.01,0.01,2.43,False,9,3
303,Garner,Everton,MID,2,90,10,1,0,1,0,0,0,0,1,0,0,1,34,54.2,26.6,8.0,8.9,10,5,1,16,1,0.04,0.07,0.11,2.43,False,9,3
304,Iroegbunam,Everton,MID,2,70,2,0,0,1,0,0,0,0,1,0,0,0,7,8.8,2.7,1.0,1.3,5,6,0,11,1,0.08,0.00,0.08,1.48,False,9,3
305,Armstrong,Everton,MID,2,1,1,0,0,0,0,0,0,0,0,0,0,0,3,0.0,0.0,0.0,0.0,0,0,0,0,0,0.00,0.00,0.00,0.00,False,9,3
306,Bates,Everton,MID,2,0,0,0,0,0,0,0,0,0,0,0,0,0,0,0.0,0.0,0.0,0.0,0,0,0,0,0,0.00,0.00,0.00,0.00,False,9,3
307,Ebere,Everton,MID,2,0,0,0,0,0,0,0,0,0,0,0,0,0,0,0.0,0.0,0.0,0.0,0,0,0,0,0,0.00,0.00,0.00,0.00,False,9,3
308,Heath,Everton,MID,2,0,0,0,0,0,0,0,0,0,0,0,0,0,0,0.0,0.0,0.0,0.0,0,0,0,0,0,0.00,0.00,0.00,0.00,False,9,3
309,Metcalfe,Everton,MID,2,0,0,0,0,0,0,0,0,0,0,0,0,0,0,0.0,0.0,0.0,0.0,0,0,0,0,0,0.00,0.00,0.00,0.00,False,9,3
310,Barry,Everton,FWD,2,63,2,0,0,1,0,0,0,0,0,0,0,0,1,0.0,2.2,14.0,1.2,0,0,0,0,1,0.35,0.01,0.36,1.48,False,9,4
311,Beto,Everton,FWD,2,26,0,0,0,0,0,0,0,0,1,0,0,0,-2,0.0,0.5,8.0,0.5,0,0,0,0,0,0.14,0.00,0.14,0.95,False,9,4
312,Y.Chermiti,Everton,FWD,2,0,0,0,0,0,0,0,0,0,0,0,0,0,0,0.0,0.0,0.0,0.0,0,0,0,0,0,0.00,0.00,0.00,0.00,False,9,4
313,Sherif,Everton,FWD,2,0,0,0,0,0,0,0,0,0,0,0,0,0,0,0.0,0.0,0.0,0.0,0,0,0,0,0,0.00,0.00,0.00,0.00,False,9,4
314,Leno,Fulham,GK,2,90,3,0,0,0,1,0,0,0,0,0,3,0,13,23.4,0.0,0.0,2.3,2,7,0,0,1,0.00,0.00,0.00,1.63,False,10,1
315,Benda,Fulham,GK,2,0,0,0,0,0,0,0,0,0,0,0,0,0,0,0.0,0.0,0.0,0.0,0,0,0,0,0,0.00,0.00,0.00,0.00,False,10,1
316,Robinson,Fulham,DEF,2,28,1,0,0,0,0,0,0,0,0,0,0,0,5,6.6,16.2,2.0,2.5,1,0,0,1,0,0.00,0.02,0.02,0.11,False,10,2
317,Andersen,Fulham,DEF,2,90,4,0,0,0,1,0,0,0,0,0,0,0,14,24.6,11.4,6.0,4.2,10,2,1,11,1,0.00,0.64,0.64,1.63,False,10,2
318,Bassey,Fulham,DEF,2,90,2,0,0,0,1,0,0,0,0,0,0,0,6,1.8,0.8,7.0,1.0,5,6,0,5,1,0.15,0.00,0.15,1.63,False,10,2
319,Castagne,Fulham,DEF,2,61,2,0,0,0,1,0,0,0,0,0,0,0,5,4.6,7.7,19.0,3.1,2,1,0,2,1,0.30,0.04,0.34,1.52,False,10,2
320,Diop,Fulham,DEF,2,0,0,0,0,0,0,0,0,0,0,0,0,0,0,0.0,0.0,0.0,0.0,0,0,0,0,0,0.00,0.00,0.00,0.00,False,10,2
321,J.Cuenca,Fulham,DEF,2,0,0,0,0,0,0,0,0,0,0,0,0,0,0,0.0,0.0,0.0,0.0,0,0,0,0,0,0.00,0.00,0.00,0.00,False,10,2
322,Tete,Fulham,DEF,2,90,2,0,0,0,1,0,0,0,0,0,0,0,15,17.6,17.7,10.0,4.5,1,3,3,4,1,0.00,0.37,0.37,1.63,False,10,2
323,Amissah,Fulham,DEF,2,0,0,0,0,0,0,0,0,0,0,0,0,0,0,0.0,0.0,0.0,0.0,0,0,0,0,0,0.00,0.00,0.00,0.00,False,10,2
324,Iwobi,Fulham,MID,2,90,7,0,1,0,1,0,0,0,0,0,0,2,23,24.8,21.9,17.0,6.4,2,2,0,4,1,0.07,0.25,0.32,1.63,False,10,3
325,Smith Rowe,Fulham,MID,2,19,6,1,0,0,0,0,0,0,0,0,0,0,21,32.8,3.6,38.0,7.4,0,0,0,0,0,0.70,0.02,0.72,0.11,False,10,3
326,Adama,Fulham,MID,2,0,0,0,0,0,0,0,0,0,0,0,0,0,0,0.0,0.0,0.0,0.0,0,0,0,0,0,0.00,0.00,0.00,0.00,False,10,3
327,Andreas,Fulham,MID,2,0,0,0,0,0,0,0,0,0,0,0,0,0,0,0.0,0.0,0.0,0.0,0,0,0,0,0,0.00,0.00,0.00,0.00,False,10,3
328,Sessegnon,Fulham,MID,2,61,2,0,0,0,1,0,0,0,0,0,0,0,14,11.0,15.4,6.0,3.2,2,1,2,5,1,0.00,0.16,0.16,1.52,False,10,3
329,Wilson,Fulham,MID,2,28,1,0,0,0,0,0,0,0,0,0,0,0,5,3.2,1.9,6.0,1.1,0,0,1,1,0,0.00,0.09,0.09,0.11,False,10,3
330,Berge,Fulham,MID,2,90,2,0,0,0,1,0,0,0,0,0,0,0,10,7.4,4.8,2.0,1.4,2,1,0,3,1,0.00,0.04,0.04,1.63,False,10,3
331,Cairney,Fulham,MID,2,0,0,0,0,0,0,0,0,0,0,0,0,0,0,0.0,0.0,0.0,0.0,0,0,0,0,0,0.00,0.00,0.00,0.00,False,10,3
332,Lukić,Fulham,MID,2,90,3,0,0,0,1,0,0,0,1,0,0,0,19,11.8,65.9,2.0,8.0,3,8,1,12,1,0.00,0.44,0.44,1.63,False,10,3
333,Godo,Fulham,MID,2,0,0,0,0,0,0,0,0,0,0,0,0,0,0,0.0,0.0,0.0,0.0,0,0,0,0,0,0.00,0.00,0.00,0.00,False,10,3
334,Harris,Fulham,MID,2,0,0,0,0,0,0,0,0,0,0,0,0,0,0,0.0,0.0,0.0,0.0,0,0,0,0,0,0.00,0.00,0.00,0.00,False,10,3
335,King,Fulham,MID,2,70,2,0,0,0,1,0,0,0,0,0,0,0,1,5.0,1.3,23.0,2.9,0,1,1,2,1,0.17,0.01,0.18,1.52,False,10,3
336,Reed,Fulham,MID,2,0,0,0,0,0,0,0,0,0,0,0,0,0,0,0.0,0.0,0.0,0.0,0,0,0,0,0,0.00,0.00,0.00,0.00,False,10,3
337,Raúl,Fulham,FWD,2,19,1,0,0,0,0,0,0,0,0,0,0,0,0,1.0,2.3,2.0,0.5,1,1,0,2,0,0.00,0.00,0.00,0.11,False,10,4
338,Muniz,Fulham,FWD,2,70,0,0,0,0,1,1,0,0,0,0,0,0,-3,0.0,10.3,24.0,3.1,2,3,1,6,1,0.37,0.00,0.37,1.52,False,10,4
339,Meslier,Leeds,GK,2,0,0,0,0,0,0,0,0,0,0,0,0,0,0,0.0,0.0,0.0,0.0,0,0,0,0,0,0.00,0.00,0.00,0.00,False,11,1
340,Cairns,Leeds,GK,2,0,0,0,0,0,0,0,0,0,0,0,0,0,0,0.0,0.0,0.0,0.0,0,0,0,0,0,0.00,0.00,0.00,0.00,False,11,1
341,Darlow,Leeds,GK,2,0,0,0,0,0,0,0,0,0,0,0,0,0,0,0.0,0.0,0.0,0.0,0,0,0,0,0,0.00,0.00,0.00,0.00,False,11,1
342,Bogle,Leeds,DEF,2,82,-1,0,0,0,4,0,0,0,1,0,0,0,-9,3.8,0.2,4.0,0.8,3,5,1,4,1,0.00,0.00,0.00,2.09,False,11,2
343,Struijk,Leeds,DEF,2,90,0,0,0,0,5,0,0,0,0,0,0,0,-1,16.6,0.3,17.0,3.4,4,3,2,6,1,0.10,0.00,0.10,2.88,False,11,2
344,Bijol,Leeds,DEF,2,0,0,0,0,0,0,0,0,0,0,0,0,0,0,0.0,0.0,0.0,0.0,0,0,0,0,0,0.00,0.00,0.00,0.00,False,11,2
345,Bornauw,Leeds,DEF,2,0,0,0,0,0,0,0,0,0,0,0,0,0,0,0.0,0.0,0.0,0.0,0,0,0,0,0,0.00,0.00,0.00,0.00,False,11,2
346,Byram,Leeds,DEF,2,7,1,0,0,0,1,0,0,0,0,0,0,0,-2,0.0,0.0,0.0,0.0,0,0,0,0,0,0.00,0.00,0.00,0.79,False,11,2
347,Gudmundsson,Leeds,DEF,2,90,-1,0,0,0,5,0,0,0,1,0,0,0,-19,9.4,0.5,0.0,1.0,5,1,3,8,1,0.00,0.00,0.00,2.88,False,11,2
348,Rodon,Leeds,DEF,2,90,2,0,0,0,5,0,0,0,0,0,0,0,-2,29.0,0.1,0.0,2.9,13,2,1,14,1,0.00,0.00,0.00,2.88,False,11,2
349,Schmidt,Leeds,DEF,2,0,0,0,0,0,0,0,0,0,0,0,0,0,0,0.0,0.0,0.0,0.0,0,0,0,0,0,0.00,0.00,0.00,0.00,False,11,2
350,Aaronson,Leeds,MID,2,24,1,0,0,0,1,0,0,0,0,0,0,0,6,2.2,0.4,0.0,0.3,0,2,1,3,0,0.00,0.04,0.04,0.87,False,11,3
351,Gnonto,Leeds,MID,2,65,2,0,0,0,4,0,0,0,0,0,0,0,10,7.2,1.5,2.0,1.1,0,2,4,6,1,0.00,0.00,0.00,2.01,False,11,3
352,Harrison,Leeds,MID,2,0,0,0,0,0,0,0,0,0,0,0,0,0,0,0.0,0.0,0.0,0.0,0,0,0,0,0,0.00,0.00,0.00,0.00,False,11,3
353,James,Leeds,MID,2,65,2,0,0,0,4,0,0,0,0,0,0,0,9,1.6,0.3,9.0,1.1,0,4,0,4,1,0.07,0.00,0.07,2.01,False,11,3
354,Ampadu,Leeds,MID,2,0,0,0,0,0,0,0,0,0,0,0,0,0,0,0.0,0.0,0.0,0.0,0,0,0,0,0,0.00,0.00,0.00,0.00,False,11,3
355,Greenwood,Leeds,MID,2,0,0,0,0,0,0,0,0,0,0,0,0,0,0,0.0,0.0,0.0,0.0,0,0,0,0,0,0.00,0.00,0.00,0.00,False,11,3
356,Gruev,Leeds,MID,2,90,2,0,0,0,5,0,0,0,0,0,0,0,15,9.4,0.7,0.0,1.0,2,3,1,6,1,0.00,0.00,0.00,2.88,False,11,3
357,Ramazani,Leeds,MID,2,0,0,0,0,0,0,0,0,0,0,0,0,0,0,0.0,0.0,0.0,0.0,0,0,0,0,0,0.00,0.00,0.00,0.00,False,11,3
358,Tanaka,Leeds,MID,2,57,1,0,0,0,4,0,0,0,0,0,0,0,2,0.0,3.3,0.0,0.3,0,2,0,2,1,0.00,0.00,0.00,1.85,False,11,3
359,Crew,Leeds,MID,2,0,0,0,0,0,0,0,0,0,0,0,0,0,0,0.0,0.0,0.0,0.0,0,0,0,0,0,0.00,0.00,0.00,0.00,False,11,3
360,Gelhardt,Leeds,MID,2,0,0,0,0,0,0,0,0,0,0,0,0,0,0,0.0,0.0,0.0,0.0,0,0,0,0,0,0.00,0.00,0.00,0.00,False,11,3
361,Gyabi,Leeds,MID,2,0,0,0,0,0,0,0,0,0,0,0,0,0,0,0.0,0.0,0.0,0.0,0,0,0,0,0,0.00,0.00,0.00,0.00,False,11,3
362,Piroe,Leeds,FWD,2,57,1,0,0,0,4,0,0,0,0,0,0,0,3,0.0,1.3,0.0,0.1,0,1,0,1,1,0.00,0.00,0.00,1.85,False,11,4
363,Bamford,Leeds,FWD,2,0,0,0,0,0,0,0,0,0,0,0,0,0,0,0.0,0.0,0.0,0.0,0,0,0,0,0,0.00,0.00,0.00,0.00,False,11,4
364,Mateo Joseph,Leeds,FWD,2,0,0,0,0,0,0,0,0,0,0,0,0,0,0,0.0,0.0,0.0,0.0,0,0,0,0,0,0.00,0.00,0.00,0.00,False,11,4
365,Nmecha,Leeds,FWD,2,32,1,0,0,0,1,0,0,0,0,0,0,0,3,0.0,0.1,0.0,0.0,0,0,0,0,0,0.00,0.00,0.00,1.03,False,11,4
366,A.Becker,Liverpool,GK,2,90,1,0,0,0,2,0,0,0,0,0,1,0,7,14.4,0.0,0.0,1.4,5,10,0,0,1,0.00,0.00,0.00,0.93,False,12,1
367,Mamardashvili,Liverpool,GK,2,0,0,0,0,0,0,0,0,0,0,0,0,0,0,0.0,0.0,0.0,0.0,0,0,0,0,0,0.00,0.00,0.00,0.00,False,12,1
368,Pécsi,Liverpool,GK,2,0,0,0,0,0,0,0,0,0,0,0,0,0,0,0.0,0.0,0.0,0.0,0,0,0,0,0,0.00,0.00,0.00,0.00,False,12,1
369,Woodman,Liverpool,GK,2,0,0,0,0,0,0,0,0,0,0,0,0,0,0,0.0,0.0,0.0,0.0,0,0,0,0,0,0.00,0.00,0.00,0.00,False,12,1
370,Frimpong,Liverpool,DEF,2,0,0,0,0,0,0,0,0,0,0,0,0,0,0,0.0,0.0,0.0,0.0,0,0,0,0,0,0.00,0.00,0.00,0.00,False,12,2
371,Kerkez,Liverpool,DEF,2,90,1,0,0,0,2,0,0,0,0,0,0,0,7,17.6,1.1,0.0,1.9,7,4,2,9,1,0.00,0.00,0.00,0.93,False,12,2
372,Robertson,Liverpool,DEF,2,0,0,0,0,0,0,0,0,0,0,0,0,0,0,0.0,0.0,0.0,0.0,0,0,0,0,0,0.00,0.00,0.00,0.00,False,12,2
373,Virgil,Liverpool,DEF,2,90,3,0,0,0,2,0,0,0,0,0,0,0,10,38.6,0.3,0.0,3.9,15,1,0,15,1,0.00,0.00,0.00,0.93,False,12,2
374,Konaté,Liverpool,DEF,2,90,0,0,0,0,2,0,0,0,1,0,0,0,5,13.2,1.0,0.0,1.4,5,1,1,6,1,0.00,0.01,0.01,0.93,False,12,2
375,Bradley,Liverpool,DEF,2,10,0,0,0,0,1,0,0,0,1,0,0,0,-7,4.0,1.3,2.0,0.7,1,0,0,1,0,0.00,0.01,0.01,0.16,False,12,2
376,Gomez,Liverpool,DEF,2,0,0,0,0,0,0,0,0,0,0,0,0,0,0,0.0,0.0,0.0,0.0,0,0,0,0,0,0.00,0.00,0.00,0.00,False,12,2
377,Tsimikas,Liverpool,DEF,2,0,0,0,0,0,0,0,0,0,0,0,0,0,0,0.0,0.0,0.0,0.0,0,0,0,0,0,0.00,0.00,0.00,0.00,False,12,2
378,Nallo,Liverpool,DEF,2,0,0,0,0,0,0,0,0,0,0,0,0,0,0,0.0,0.0,0.0,0.0,0,0,0,0,0,0.00,0.00,0.00,0.00,False,12,2
379,R.Williams,Liverpool,DEF,2,0,0,0,0,0,0,0,0,0,0,0,0,0,0,0.0,0.0,0.0,0.0,0,0,0,0,0,0.00,0.00,0.00,0.00,False,12,2
380,Ramsay,Liverpool,DEF,2,0,0,0,0,0,0,0,0,0,0,0,0,0,0,0.0,0.0,0.0,0.0,0,0,0,0,0,0.00,0.00,0.00,0.00,False,12,2
381,M.Salah,Liverpool,MID,2,90,5,0,1,0,2,0,0,0,0,0,0,0,24,21.0,28.3,6.0,5.5,1,1,0,2,1,0.00,0.21,0.21,0.93,False,12,3
382,Wirtz,Liverpool,MID,2,79,2,0,0,0,1,0,0,0,0,0,0,0,9,1.8,10.2,19.0,3.1,0,2,1,3,1,0.05,0.10,0.14,0.78,False,12,3
383,Luis Díaz,Liverpool,MID,2,0,0,0,0,0,0,0,0,0,0,0,0,0,0,0.0,0.0,0.0,0.0,0,0,0,0,0,0.00,0.00,0.00,0.00,False,12,3
384,Gakpo,Liverpool,MID,2,90,10,0,2,0,2,0,0,0,0,0,0,2,29,39.4,22.3,8.0,7.0,2,4,3,9,1,0.06,0.07,0.13,0.93,False,12,3
385,Chiesa,Liverpool,MID,2,10,1,0,0,0,1,0,0,0,0,0,0,0,2,1.2,0.3,0.0,0.2,1,0,0,1,0,0.00,0.00,0.00,0.16,False,12,3
386,Mac Allister,Liverpool,MID,2,0,0,0,0,0,0,0,0,0,0,0,0,0,0,0.0,0.0,0.0,0.0,0,0,0,0,0,0.00,0.00,0.00,0.00,False,12,3
387,Szoboszlai,Liverpool,MID,2,90,2,0,0,0,2,0,0,0,0,0,0,0,13,9.6,2.4,2.0,1.4,4,4,1,9,1,0.00,0.01,0.01,0.93,False,12,3
388,C.Jones,Liverpool,MID,2,90,2,0,0,0,2,0,0,0,0,0,0,0,16,12.4,7.8,0.0,2.0,0,6,4,10,1,0.00,0.02,0.02,0.93,False,12,3
389,Elliott,Liverpool,MID,2,1,1,0,0,0,0,0,0,0,0,0,0,0,2,0.2,0.8,0.0,0.1,0,0,0,0,0,0.00,0.00,0.00,0.00,False,12,3
390,Gravenberch,Liverpool,MID,2,90,7,1,0,0,2,0,0,0,1,0,0,1,28,40.6,6.3,7.0,5.4,3,4,1,8,1,0.02,0.01,0.03,0.93,False,12,3
391,Gannon-Doak,Bournemouth,MID,2,0,0,0,0,0,0,0,0,0,0,0,0,0,0,0.0,0.0,0.0,0.0,0,0,0,0,0,0.00,0.00,0.00,0.00,False,4,3
392,Endo,Liverpool,MID,2,1,1,0,0,0,0,0,0,0,0,0,0,0,3,0.0,0.0,0.0,0.0,0,0,0,0,0,0.00,0.00,0.00,0.00,False,12,3
393,Bajcetic,Liverpool,MID,2,0,0,0,0,0,0,0,0,0,0,0,0,0,0,0.0,0.0,0.0,0.0,0,0,0,0,0,0.00,0.00,0.00,0.00,False,12,3
394,McConnell,Liverpool,MID,2,0,0,0,0,0,0,0,0,0,0,0,0,0,0,0.0,0.0,0.0,0.0,0,0,0,0,0,0.00,0.00,0.00,0.00,False,12,3
395,Morton,Liverpool,MID,2,0,0,0,0,0,0,0,0,0,0,0,0,0,0,0.0,0.0,0.0,0.0,0,0,0,0,0,0.00,0.00,0.00,0.00,False,12,3
396,Nyoni,Liverpool,MID,2,0,0,0,0,0,0,0,0,0,0,0,0,0,0,0.0,0.0,0.0,0.0,0,0,0,0,0,0.00,0.00,0.00,0.00,False,12,3
397,Darwin,Liverpool,FWD,2,0,0,0,0,0,0,0,0,0,0,0,0,0,0,0.0,0.0,0.0,0.0,0,0,0,0,0,0.00,0.00,0.00,0.00,False,12,4
398,Danns,Liverpool,FWD,2,0,0,0,0,0,0,0,0,0,0,0,0,0,0,0.0,0.0,0.0,0.0,0,0,0,0,0,0.00,0.00,0.00,0.00,False,12,4
399,Ederson M.,Man City,GK,2,0,0,0,0,0,0,0,0,0,0,0,0,0,0,0.0,0.0,0.0,0.0,0,0,0,0,0,0.00,0.00,0.00,0.00,False,13,1
400,Ortega Moreno,Man City,GK,2,0,0,0,0,0,0,0,0,0,0,0,0,0,0,0.0,0.0,0.0,0.0,0,0,0,0,0,0.00,0.00,0.00,0.00,False,13,1
401,Bettinelli,Man City,GK,2,0,0,0,0,0,0,0,0,0,0,0,0,0,0,0.0,0.0,0.0,0.0,0,0,0,0,0,0.00,0.00,0.00,0.00,False,13,1
402,Aït-Nouri,Man City,DEF,2,22,1,0,0,0,0,0,0,0,0,0,0,0,2,0.0,0.4,0.0,0.0,0,2,0,0,1,0.00,0.00,0.00,0.08,False,13,2
403,Gvardiol,Man City,DEF,2,0,0,0,0,0,0,0,0,0,0,0,0,0,0,0.0,0.0,0.0,0.0,0,0,0,0,0,0.00,0.00,0.00,0.00,False,13,2
404,Akanji,Man City,DEF,2,0,0,0,0,0,0,0,0,0,0,0,0,0,0,0.0,0.0,0.0,0.0,0,0,0,0,0,0.00,0.00,0.00,0.00,False,13,2
405,Aké,Man City,DEF,2,67,1,0,0,0,2,0,0,0,0,0,0,0,9,15.2,9.8,5.0,3.0,4,2,1,5,0,0.14,0.12,0.26,1.03,False,13,2
406,Khusanov,Man City,DEF,2,0,0,0,0,0,0,0,0,0,0,0,0,0,0,0.0,0.0,0.0,0.0,0,0,0,0,0,0.00,0.00,0.00,0.00,False,13,2
407,Matheus N.,Man City,DEF,2,0,0,0,0,0,0,0,0,0,0,0,0,0,0,0.0,0.0,0.0,0.0,0,0,0,0,0,0.00,0.00,0.00,0.00,False,13,2
408,Rúben,Man City,DEF,2,90,1,0,0,0,2,0,0,0,0,0,0,0,5,18.2,1.6,0.0,2.0,5,2,2,7,1,0.00,0.01,0.01,1.11,False,13,2
409,Stones,Man City,DEF,2,90,1,0,0,0,2,0,0,0,0,0,0,0,9,23.8,1.8,0.0,2.6,8,4,0,8,1,0.00,0.02,0.02,1.11,False,13,2
410,Lewis,Man City,DEF,2,90,1,0,0,0,2,0,0,0,0,0,0,0,3,16.4,14.8,5.0,3.6,4,3,2,6,1,0.02,0.08,0.10,1.11,False,13,2
411,O’Reilly,Man City,DEF,2,0,0,0,0,0,0,0,0,0,0,0,0,0,0,0.0,0.0,0.0,0.0,0,0,0,0,0,0.00,0.00,0.00,0.00,False,13,2
412,Vitor Reis,Man City,DEF,2,0,0,0,0,0,0,0,0,0,0,0,0,0,0,0.0,0.0,0.0,0.0,0,0,0,0,0,0.00,0.00,0.00,0.00,False,13,2
413,Marmoush,Man City,MID,2,53,1,0,0,0,2,0,0,0,0,0,0,0,7,13.0,2.8,36.0,5.2,2,1,1,4,1,0.65,0.01,0.66,0.62,False,13,3
414,Foden,Man City,MID,2,15,1,0,0,0,0,0,0,0,0,0,0,0,8,5.6,14.3,12.0,3.2,0,3,0,3,0,0.18,0.02,0.20,0.36,False,13,3
415,Savinho,Man City,MID,2,0,0,0,0,0,0,0,0,0,0,0,0,0,0,0.0,0.0,0.0,0.0,0,0,0,0,0,0.00,0.00,0.00,0.00,False,13,3
416,Bernardo,Man City,MID,2,36,1,0,0,0,0,0,0,0,0,0,0,0,2,3.2,2.9,4.0,1.0,2,1,0,3,0,0.00,0.02,0.02,0.49,False,13,3
417,Cherki,Man City,MID,2,53,1,0,0,0,2,0,0,0,0,0,0,0,10,14.4,25.5,8.0,4.8,1,3,4,8,1,0.00,0.44,0.44,0.62,False,13,3
418,Doku,Man City,MID,2,36,1,0,0,0,0,0,0,0,0,0,0,0,1,2.2,12.0,8.0,2.2,0,1,0,1,0,0.00,0.25,0.25,0.49,False,13,3
419,Grealish,Everton,MID,2,90,11,0,2,1,0,0,0,0,0,0,0,2,37,48.2,35.3,12.0,9.6,1,7,3,11,1,0.01,0.70,0.71,2.43,True,9,3
420,Gündoğan,Man City,MID,2,0,0,0,0,0,0,0,0,0,0,0,0,0,0,0.0,0.0,0.0,0.0,0,0,0,0,0,0.00,0.00,0.00,0.00,False,13,3
421,Rodrigo,Man City,MID,2,15,1,0,0,0,0,0,0,0,0,0,0,0,7,5.4,11.4,17.0,3.4,0,4,1,5,0,0.05,0.02,0.07,0.36,False,13,3
422,Kovačić,Man City,MID,2,0,0,0,0,0,0,0,0,0,0,0,0,0,0,0.0,0.0,0.0,0.0,0,0,0,0,0,0.00,0.00,0.00,0.00,False,13,3
423,N.Gonzalez,Man City,MID,2,74,1,0,0,0,2,0,0,0,1,0,0,0,15,10.4,6.7,0.0,1.7,1,2,3,6,1,0.00,0.02,0.02,0.75,False,13,3
424,Bobb,Man City,MID,2,74,2,0,0,0,2,0,0,0,0,0,0,0,12,11.8,30.1,14.0,5.6,0,2,3,5,1,0.00,0.21,0.21,0.75,False,13,3
425,Echeverri,Man City,MID,2,0,0,0,0,0,0,0,0,0,0,0,0,0,0,0.0,0.0,0.0,0.0,0,0,0,0,0,0.00,0.00,0.00,0.00,False,13,3
426,McAtee,Nott'm Forest,MID,2,18,1,0,0,0,0,0,0,0,0,0,0,0,4,1.4,11.3,2.0,1.5,0,0,0,0,0,0.00,0.03,0.03,0.00,False,16,3
427,Reijnders,Man City,MID,2,90,2,0,0,0,2,0,0,0,0,0,0,0,12,5.4,5.1,4.0,1.5,0,4,1,5,1,0.04,0.04,0.08,1.11,False,13,3
428,Nypan,Man City,MID,2,0,0,0,0,0,0,0,0,0,0,0,0,0,0,0.0,0.0,0.0,0.0,0,0,0,0,0,0.00,0.00,0.00,0.00,False,13,3
429,Phillips,Man City,MID,2,0,0,0,0,0,0,0,0,0,0,0,0,0,0,0.0,0.0,0.0,0.0,0,0,0,0,0,0.00,0.00,0.00,0.00,False,13,3
430,Haaland,Man City,FWD,2,90,2,0,0,0,2,0,0,0,0,0,0,0,6,1.4,15.2,15.0,3.2,1,3,0,4,1,0.47,0.30,0.77,1.11,False,13,4
431,Bayindir,Man Utd,GK,2,90,2,0,0,0,1,0,0,0,0,0,2,0,13,16.0,10.0,0.0,2.6,0,6,0,0,1,0.00,0.03,0.03,1.76,False,14,1
432,Onana,Man Utd,GK,2,0,0,0,0,0,0,0,0,0,0,0,0,0,0,0.0,0.0,0.0,0.0,0,0,0,0,0,0.00,0.00,0.00,0.00,False,14,1
433,Harrison,Man Utd,GK,2,0,0,0,0,0,0,0,0,0,0,0,0,0,0,0.0,0.0,0.0,0.0,0,0,0,0,0,0.00,0.00,0.00,0.00,False,14,1
434,Heaton,Man Utd,GK,2,0,0,0,0,0,0,0,0,0,0,0,0,0,0,0.0,0.0,0.0,0.0,0,0,0,0,0,0.00,0.00,0.00,0.00,False,14,1
435,Mee,Man Utd,GK,2,0,0,0,0,0,0,0,0,0,0,0,0,0,0,0.0,0.0,0.0,0.0,0,0,0,0,0,0.00,0.00,0.00,0.00,False,14,1
436,De Ligt,Man Utd,DEF,2,90,7,0,0,0,1,0,0,0,0,0,0,3,24,29.0,0.2,0.0,2.9,10,2,1,11,1,0.00,0.01,0.01,1.76,False,14,2
437,Martinez,Man Utd,DEF,2,0,0,0,0,0,0,0,0,0,0,0,0,0,0,0.0,0.0,0.0,0.0,0,0,0,0,0,0.00,0.00,0.00,0.00,False,14,2
438,Mazraoui,Man Utd,DEF,2,0,0,0,0,0,0,0,0,0,0,0,0,0,0,0.0,0.0,0.0,0.0,0,0,0,0,0,0.00,0.00,0.00,0.00,False,14,2
439,D.Leon,Man Utd,DEF,2,0,0,0,0,0,0,0,0,0,0,0,0,0,0,0.0,0.0,0.0,0.0,0,0,0,0,0,0.00,0.00,0.00,0.00,False,14,2
440,Dalot,Man Utd,DEF,2,38,1,0,0,0,1,0,0,0,0,0,0,0,-4,0.0,4.8,10.0,1.4,1,1,1,2,0,0.01,0.01,0.02,0.86,False,14,2
441,Dorgu,Man Utd,DEF,2,90,2,0,0,0,1,0,0,0,0,0,0,0,4,4.8,4.5,6.0,1.5,4,1,0,4,1,0.00,0.04,0.04,1.76,False,14,2
442,Maguire,Man Utd,DEF,2,3,1,0,0,0,0,0,0,0,0,0,0,0,2,0.2,0.0,4.0,0.4,1,0,0,1,0,0.10,0.00,0.10,0.03,False,14,2
443,Shaw,Man Utd,DEF,2,86,2,0,0,0,1,0,0,0,0,0,0,0,5,9.6,2.8,0.0,1.2,4,1,1,5,1,0.00,0.01,0.01,1.73,False,14,2
444,Yoro,Man Utd,DEF,2,86,6,0,1,0,1,0,0,0,0,0,0,1,22,15.0,11.3,9.0,3.5,6,1,2,8,1,0.18,0.01,0.19,1.73,False,14,2
445,Amass,Man Utd,DEF,2,0,0,0,0,0,0,0,0,0,0,0,0,0,0,0.0,0.0,0.0,0.0,0,0,0,0,0,0.00,0.00,0.00,0.00,False,14,2
446,Fredricson,Man Utd,DEF,2,0,0,0,0,0,0,0,0,0,0,0,0,0,0,0.0,0.0,0.0,0.0,0,0,0,0,0,0.00,0.00,0.00,0.00,False,14,2
447,Heaven,Man Utd,DEF,2,3,1,0,0,0,0,0,0,0,0,0,0,0,3,2.0,0.0,0.0,0.2,1,0,0,1,0,0.00,0.00,0.00,0.03,False,14,2
448,Malacia,Man Utd,DEF,2,0,0,0,0,0,0,0,0,0,0,0,0,0,0,0.0,0.0,0.0,0.0,0,0,0,0,0,0.00,0.00,0.00,0.00,False,14,2
449,B.Fernandes,Man Utd,MID,2,90,2,0,0,0,1,0,0,1,0,0,0,0,12,21.0,17.3,13.0,5.1,3,8,2,13,1,0.82,0.04,0.86,1.76,False,14,3
450,Cunha,Man Utd,MID,2,90,2,0,0,0,1,0,0,0,0,0,0,0,5,8.6,14.9,22.0,4.6,1,2,1,4,1,0.39,0.02,0.41,1.76,False,14,3
451,Rashford,Man Utd,MID,2,0,0,0,0,0,0,0,0,0,0,0,0,0,0,0.0,0.0,0.0,0.0,0,0,0,0,0,0.00,0.00,0.00,0.00,False,14,3
452,Amad,Man Utd,MID,2,51,1,0,0,0,0,0,0,0,0,0,0,0,7,11.4,3.4,22.0,3.7,2,2,2,6,1,0.14,0.02,0.16,0.90,False,14,3
453,Garnacho,Man Utd,MID,2,0,0,0,0,0,0,0,0,0,0,0,0,0,0,0.0,0.0,0.0,0.0,0,0,0,0,0,0.00,0.00,0.00,0.00,False,14,3
454,Antony,Man Utd,MID,2,0,0,0,0,0,0,0,0,0,0,0,0,0,0,0.0,0.0,0.0,0.0,0,0,0,0,0,0.00,0.00,0.00,0.00,False,14,3
455,Mount,Man Utd,MID,2,68,3,0,0,1,0,0,0,0,0,0,0,0,10,6.4,28.5,6.0,4.1,0,1,2,3,1,0.00,0.19,0.19,1.06,False,14,3
456,Sancho,Man Utd,MID,2,0,0,0,0,0,0,0,0,0,0,0,0,0,0,0.0,0.0,0.0,0.0,0,0,0,0,0,0.00,0.00,0.00,0.00,False,14,3
457,Casemiro,Man Utd,MID,2,52,0,0,0,0,0,0,0,0,1,0,0,0,4,7.8,0.5,2.0,1.0,2,3,2,7,1,0.00,0.00,0.00,0.90,False,14,3
458,Mainoo,Man Utd,MID,2,0,0,0,0,0,0,0,0,0,0,0,0,0,0,0.0,0.0,0.0,0.0,0,0,0,0,0,0.00,0.00,0.00,0.00,False,14,3
459,Ugarte,Man Utd,MID,2,21,1,0,0,0,1,0,0,0,0,0,0,0,7,8.6,0.8,0.0,0.9,2,0,3,5,0,0.00,0.00,0.00,0.70,False,14,3
460,Collyer,Man Utd,MID,2,0,0,0,0,0,0,0,0,0,0,0,0,0,0,0.0,0.0,0.0,0.0,0,0,0,0,0,0.00,0.00,0.00,0.00,False,14,3
461,Fitzgerald,Man Utd,MID,2,0,0,0,0,0,0,0,0,0,0,0,0,0,0,0.0,0.0,0.0,0.0,0,0,0,0,0,0.00,0.00,0.00,0.00,False,14,3
462,J.Fletcher,Man Utd,MID,2,0,0,0,0,0,0,0,0,0,0,0,0,0,0,0.0,0.0,0.0,0.0,0,0,0,0,0,0.00,0.00,0.00,0.00,False,14,3
463,Kone,Man Utd,MID,2,0,0,0,0,0,0,0,0,0,0,0,0,0,0,0.0,0.0,0.0,0.0,0,0,0,0,0,0.00,0.00,0.00,0.00,False,14,3
464,Moorhouse,Man Utd,MID,2,0,0,0,0,0,0,0,0,0,0,0,0,0,0,0.0,0.0,0.0,0.0,0,0,0,0,0,0.00,0.00,0.00,0.00,False,14,3
465,Højlund,Man Utd,FWD,2,0,0,0,0,0,0,0,0,0,0,0,0,0,0,0.0,0.0,0.0,0.0,0,0,0,0,0,0.00,0.00,0.00,0.00,False,14,4
466,Zirkzee,Man Utd,FWD,2,0,0,0,0,0,0,0,0,0,0,0,0,0,0,0.0,0.0,0.0,0.0,0,0,0,0,0,0.00,0.00,0.00,0.00,False,14,4
467,Obi,Man Utd,FWD,2,0,0,0,0,0,0,0,0,0,0,0,0,0,0,0.0,0.0,0.0,0.0,0,0,0,0,0,0.00,0.00,0.00,0.00,False,14,4
468,Wheatley,Man Utd,FWD,2,0,0,0,0,0,0,0,0,0,0,0,0,0,0,0.0,0.0,0.0,0.0,0,0,0,0,0,0.00,0.00,0.00,0.00,False,14,4
469,Pope,Newcastle,GK,2,90,4,0,1,0,3,0,0,0,0,0,1,0,7,10.0,0.0,0.0,1.0,1,4,0,0,1,0.00,0.00,0.00,0.70,False,15,1
470,Dúbravka,Burnley,GK,2,90,6,0,0,1,0,0,0,0,0,0,1,0,25,10.8,0.0,0.0,1.1,2,11,0,0,1,0.00,0.00,0.00,0.77,False,3,1
471,Gillespie,Newcastle,GK,2,0,0,0,0,0,0,0,0,0,0,0,0,0,0,0.0,0.0,0.0,0.0,0,0,0,0,0,0.00,0.00,0.00,0.00,False,15,1
472,Odysseas,Newcastle,GK,2,0,0,0,0,0,0,0,0,0,0,0,0,0,0,0.0,0.0,0.0,0.0,0,0,0,0,0,0.00,0.00,0.00,0.00,False,15,1
473,Hall,Newcastle,DEF,2,14,1,0,0,0,1,0,0,0,0,0,0,0,1,7.4,0.5,0.0,0.8,4,1,1,5,0,0.00,0.00,0.00,0.37,False,15,2
474,Schär,Newcastle,DEF,2,80,1,0,0,0,2,0,0,0,0,0,0,0,5,15.2,0.3,6.0,2.2,5,3,3,8,1,0.00,0.00,0.00,0.33,False,15,2
475,Botman,Newcastle,DEF,2,0,0,0,0,0,0,0,0,0,0,0,0,0,0,0.0,0.0,0.0,0.0,0,0,0,0,0,0.00,0.00,0.00,0.00,False,15,2
476,Burn,Newcastle,DEF,2,90,2,0,0,0,3,0,0,0,1,0,0,0,-2,20.4,14.3,12.0,4.7,11,2,1,12,1,0.01,0.07,0.08,0.70,False,15,2
477,Livramento,Newcastle,DEF,2,90,4,0,1,0,3,0,0,0,0,0,0,0,12,24.8,15.3,4.0,4.4,1,3,0,1,1,0.00,0.20,0.20,0.70,False,15,2
478,Trippier,Newcastle,DEF,2,75,1,0,0,0,2,0,0,0,0,0,0,0,-2,0.0,11.6,0.0,1.1,0,4,0,0,1,0.00,0.08,0.08,0.33,False,15,2
479,Krafth,Newcastle,DEF,2,0,0,0,0,0,0,0,0,0,0,0,0,0,0,0.0,0.0,0.0,0.0,0,0,0,0,0,0.00,0.00,0.00,0.00,False,15,2
480,Lascelles,Newcastle,DEF,2,0,0,0,0,0,0,0,0,0,0,0,0,0,0,0.0,0.0,0.0,0.0,0,0,0,0,0,0.00,0.00,0.00,0.00,False,15,2
481,A.Murphy,Newcastle,DEF,2,0,0,0,0,0,0,0,0,0,0,0,0,0,0,0.0,0.0,0.0,0.0,0,0,0,0,0,0.00,0.00,0.00,0.00,False,15,2
482,Ashby,Newcastle,DEF,2,0,0,0,0,0,0,0,0,0,0,0,0,0,0,0.0,0.0,0.0,0.0,0,0,0,0,0,0.00,0.00,0.00,0.00,False,15,2
483,Pivas,Newcastle,DEF,2,0,0,0,0,0,0,0,0,0,0,0,0,0,0,0.0,0.0,0.0,0.0,0,0,0,0,0,0.00,0.00,0.00,0.00,False,15,2
484,Targett,Newcastle,DEF,2,0,0,0,0,0,0,0,0,0,0,0,0,0,0,0.0,0.0,0.0,0.0,0,0,0,0,0,0.00,0.00,0.00,0.00,False,15,2
485,Gordon,Newcastle,MID,2,47,-2,0,0,0,3,0,0,0,0,1,0,0,-6,0.0,11.2,45.0,5.4,0,3,0,3,1,0.48,0.02,0.50,0.07,False,15,3
486,Elanga,Newcastle,MID,2,90,2,0,0,0,3,0,0,0,0,0,0,0,7,6.6,14.8,10.0,3.1,1,0,0,1,1,0.00,0.06,0.06,0.70,False,15,3
487,Barnes,Newcastle,MID,2,75,2,0,0,0,2,0,0,0,0,0,0,0,10,4.2,15.8,2.0,2.2,0,2,0,2,1,0.00,0.36,0.36,0.33,False,15,3
488,Bruno G.,Newcastle,MID,2,90,6,1,0,0,3,0,0,0,1,0,0,0,22,37.0,8.3,17.0,6.2,0,8,3,11,1,0.17,0.02,0.19,0.70,False,15,3
489,J.Murphy,Newcastle,MID,2,0,0,0,0,0,0,0,0,0,0,0,0,0,0,0.0,0.0,0.0,0.0,0,0,0,0,0,0.00,0.00,0.00,0.00,False,15,3
490,Joelinton,Newcastle,MID,2,75,2,0,0,0,2,0,0,0,0,0,0,0,7,6.6,0.4,7.0,1.4,2,3,2,7,1,0.03,0.00,0.03,0.33,False,15,3
491,Tonali,Newcastle,MID,2,65,2,0,0,0,2,0,0,0,0,0,0,0,7,0.4,1.3,8.0,1.0,2,3,0,5,1,0.09,0.01,0.10,0.33,False,15,3
492,Antoñito C.,Newcastle,MID,2,0,0,0,0,0,0,0,0,0,0,0,0,0,0,0.0,0.0,0.0,0.0,0,0,0,0,0,0.00,0.00,0.00,0.00,False,15,3
493,Longstaff,Leeds,MID,2,32,1,0,0,0,1,0,0,0,0,0,0,0,2,1.4,0.4,0.0,0.2,1,1,0,2,0,0.00,0.00,0.00,1.03,False,11,3
494,Willock,Newcastle,MID,2,0,0,0,0,0,0,0,0,0,0,0,0,0,0,0.0,0.0,0.0,0.0,0,0,0,0,0,0.00,0.00,0.00,0.00,False,15,3
495,Hayden,Newcastle,MID,2,0,0,0,0,0,0,0,0,0,0,0,0,0,0,0.0,0.0,0.0,0.0,0,0,0,0,0,0.00,0.00,0.00,0.00,False,15,3
496,Kuol,Newcastle,MID,2,0,0,0,0,0,0,0,0,0,0,0,0,0,0,0.0,0.0,0.0,0.0,0,0,0,0,0,0.00,0.00,0.00,0.00,False,15,3
497,L.Miley,Newcastle,MID,2,24,1,0,0,0,1,0,0,0,0,0,0,0,3,2.2,0.3,2.0,0.5,0,1,1,2,0,0.03,0.00,0.03,0.37,False,15,3
498,White,Newcastle,MID,2,0,0,0,0,0,0,0,0,0,0,0,0,0,0,0.0,0.0,0.0,0.0,0,0,0,0,0,0.00,0.00,0.00,0.00,False,15,3
499,Isak,Newcastle,FWD,2,0,0,0,0,0,0,0,0,0,0,0,0,0,0,0.0,0.0,0.0,0.0,0,0,0,0,0,0.00,0.00,0.00,0.00,False,15,4
500,Osula,Newcastle,FWD,2,14,5,1,0,0,1,0,0,0,0,0,0,0,27,31.0,0.3,17.0,4.8,0,0,0,0,0,0.13,0.00,0.13,0.37,False,15,4
501,Neave,Newcastle,FWD,2,0,0,0,0,0,0,0,0,0,0,0,0,0,0,0.0,0.0,0.0,0.0,0,0,0,0,0,0.00,0.00,0.00,0.00,False,15,4
502,Sels,Nott'm Forest,GK,2,90,2,0,0,0,1,0,0,0,1,0,3,0,11,21.6,0.0,0.0,2.2,0,13,0,0,1,0.00,0.00,0.00,1.10,False,16,1
503,C.Miguel,Nott'm Forest,GK,2,0,0,0,0,0,0,0,0,0,0,0,0,0,0,0.0,0.0,0.0,0.0,0,0,0,0,0,0.00,0.00,0.00,0.00,False,16,1
504,Turner,Nott'm Forest,GK,2,0,0,0,0,0,0,0,0,0,0,0,0,0,0,0.0,0.0,0.0,0.0,0,0,0,0,0,0.00,0.00,0.00,0.00,False,16,1
505,Milenković,Nott'm Forest,DEF,2,90,2,0,0,0,1,0,0,0,0,0,0,0,14,15.8,0.8,2.0,1.9,6,2,1,7,1,0.00,0.02,0.02,1.10,False,16,2
506,Murillo,Nott'm Forest,DEF,2,90,1,0,0,0,1,0,0,0,1,0,0,0,3,14.4,5.3,0.0,2.0,4,5,2,6,1,0.00,0.16,0.16,1.10,False,16,2
507,Aina,Nott'm Forest,DEF,2,90,1,0,0,0,1,0,0,0,1,0,0,0,5,12.4,1.9,0.0,1.4,5,10,1,6,1,0.00,0.01,0.01,1.10,False,16,2
508,N.Williams,Nott'm Forest,DEF,2,90,2,0,0,0,1,0,0,0,0,0,0,0,18,7.8,3.5,6.0,1.7,0,6,3,3,1,0.00,0.02,0.02,1.10,False,16,2
509,David Carmo,Nott'm Forest,DEF,2,0,0,0,0,0,0,0,0,0,0,0,0,0,0,0.0,0.0,0.0,0.0,0,0,0,0,0,0.00,0.00,0.00,0.00,False,16,2
510,Jair Cunha,Nott'm Forest,DEF,2,0,0,0,0,0,0,0,0,0,0,0,0,0,0,0.0,0.0,0.0,0.0,0,0,0,0,0,0.00,0.00,0.00,0.00,False,16,2
511,Morato,Nott'm Forest,DEF,2,0,0,0,0,0,0,0,0,0,0,0,0,0,0,0.0,0.0,0.0,0.0,0,0,0,0,0,0.00,0.00,0.00,0.00,False,16,2
512,O.Richards,Nott'm Forest,DEF,2,0,0,0,0,0,0,0,0,0,0,0,0,0,0,0.0,0.0,0.0,0.0,0,0,0,0,0,0.00,0.00,0.00,0.00,False,16,2
513,Abbott,Nott'm Forest,DEF,2,0,0,0,0,0,0,0,0,0,0,0,0,0,0,0.0,0.0,0.0,0.0,0,0,0,0,0,0.00,0.00,0.00,0.00,False,16,2
514,Boly,Nott'm Forest,DEF,2,0,0,0,0,0,0,0,0,0,0,0,0,0,0,0.0,0.0,0.0,0.0,0,0,0,0,0,0.00,0.00,0.00,0.00,False,16,2
515,Gibbs-White,Nott'm Forest,MID,2,81,2,0,0,0,1,0,0,0,0,0,0,0,7,0.0,20.5,4.0,2.2,0,1,0,1,1,0.11,0.10,0.21,1.10,False,16,3
516,Hudson-Odoi,Nott'm Forest,MID,2,71,10,1,0,0,1,0,0,0,0,0,0,3,26,35.6,3.3,24.0,6.3,1,1,1,3,1,0.31,0.02,0.33,1.10,False,16,3
517,Anderson,Nott'm Forest,MID,2,90,2,0,0,0,1,0,0,0,0,0,0,0,13,17.2,21.5,0.0,3.9,1,7,3,11,1,0.00,0.03,0.03,1.10,False,16,3
518,Jota,Nott'm Forest,MID,2,0,0,0,0,0,0,0,0,0,0,0,0,0,0,0.0,0.0,0.0,0.0,0,0,0,0,0,0.00,0.00,0.00,0.00,False,16,3
519,Dominguez,Nott'm Forest,MID,2,0,0,0,0,0,0,0,0,0,0,0,0,0,0,0.0,0.0,0.0,0.0,0,0,0,0,0,0.00,0.00,0.00,0.00,False,16,3
520,O'Brien,Nott'm Forest,MID,2,0,0,0,0,0,0,0,0,0,0,0,0,0,0,0.0,0.0,0.0,0.0,0,0,0,0,0,0.00,0.00,0.00,0.00,False,16,3
521,Sangaré,Nott'm Forest,MID,2,87,2,0,0,0,1,0,0,0,0,0,0,0,14,9.4,3.3,1.0,1.4,4,3,1,8,1,0.01,0.01,0.02,1.10,False,16,3
522,Yates,Nott'm Forest,MID,2,2,1,0,0,0,0,0,0,0,0,0,0,0,3,2.6,1.8,0.0,0.4,1,0,0,1,0,0.00,0.00,0.00,0.00,False,16,3
523,Da Silva Moreira,Nott'm Forest,MID,2,0,0,0,0,0,0,0,0,0,0,0,0,0,0,0.0,0.0,0.0,0.0,0,0,0,0,0,0.00,0.00,0.00,0.00,False,16,3
524,Stamenic,Nott'm Forest,MID,2,0,0,0,0,0,0,0,0,0,0,0,0,0,0,0.0,0.0,0.0,0.0,0,0,0,0,0,0.00,0.00,0.00,0.00,False,16,3
525,Wood,Nott'm Forest,FWD,2,87,2,0,0,0,1,0,0,0,0,0,0,0,3,0.0,11.0,13.0,2.0,0,0,0,0,1,0.23,0.06,0.29,1.10,False,16,4
526,Igor Jesus,Nott'm Forest,FWD,2,2,1,0,0,0,0,0,0,0,0,0,0,0,1,0.0,0.3,6.0,0.4,0,0,0,0,0,0.07,0.00,0.07,0.00,False,16,4
527,Awoniyi,Nott'm Forest,FWD,2,0,0,0,0,0,0,0,0,0,0,0,0,0,0,0.0,0.0,0.0,0.0,0,0,0,0,0,0.00,0.00,0.00,0.00,False,16,4
528,Patterson,Sunderland,GK,2,0,0,0,0,0,0,0,0,0,0,0,0,0,0,0.0,0.0,0.0,0.0,0,0,0,0,0,0.00,0.00,0.00,0.00,False,17,1
529,Moore,Sunderland,GK,2,0,0,0,0,0,0,0,0,0,0,0,0,0,0,0.0,0.0,0.0,0.0,0,0,0,0,0,0.00,0.00,0.00,0.00,False,17,1
530,Nna Noukeu,Sunderland,GK,2,0,0,0,0,0,0,0,0,0,0,0,0,0,0,0.0,0.0,0.0,0.0,0,0,0,0,0,0.00,0.00,0.00,0.00,False,17,1
531,Ballard,Sunderland,DEF,2,8,1,0,0,0,0,0,0,0,0,0,0,0,8,5.2,10.3,2.0,1.8,2,0,0,2,1,0.00,0.17,0.17,0.00,False,17,2
532,Hume,Sunderland,DEF,2,90,1,0,0,0,2,0,0,0,0,0,0,0,5,10.6,14.0,2.0,2.7,1,3,2,3,1,0.03,0.03,0.06,1.00,False,17,2
533,Alese,Sunderland,DEF,2,0,0,0,0,0,0,0,0,0,0,0,0,0,0,0.0,0.0,0.0,0.0,0,0,0,0,0,0.00,0.00,0.00,0.00,False,17,2
534,Anderson,Sunderland,DEF,2,0,0,0,0,0,0,0,0,0,0,0,0,0,0,0.0,0.0,0.0,0.0,0,0,0,0,0,0.00,0.00,0.00,0.00,False,17,2
535,Cirkin,Sunderland,DEF,2,0,0,0,0,0,0,0,0,0,0,0,0,0,0,0.0,0.0,0.0,0.0,0,0,0,0,0,0.00,0.00,0.00,0.00,False,17,2
536,Hjelde,Sunderland,DEF,2,0,0,0,0,0,0,0,0,0,0,0,0,0,0,0.0,0.0,0.0,0.0,0,0,0,0,0,0.00,0.00,0.00,0.00,False,17,2
537,Huggins,Sunderland,DEF,2,0,0,0,0,0,0,0,0,0,0,0,0,0,0,0.0,0.0,0.0,0.0,0,0,0,0,0,0.00,0.00,0.00,0.00,False,17,2
538,Johnson,Sunderland,DEF,2,0,0,0,0,0,0,0,0,0,0,0,0,0,0,0.0,0.0,0.0,0.0,0,0,0,0,0,0.00,0.00,0.00,0.00,False,17,2
539,O'Nien,Sunderland,DEF,2,0,0,0,0,0,0,0,0,0,0,0,0,0,0,0.0,0.0,0.0,0.0,0,0,0,0,0,0.00,0.00,0.00,0.00,False,17,2
540,Pembele,Sunderland,DEF,2,0,0,0,0,0,0,0,0,0,0,0,0,0,0,0.0,0.0,0.0,0.0,0,0,0,0,0,0.00,0.00,0.00,0.00,False,17,2
541,Reinildo,Sunderland,DEF,2,90,3,0,0,0,2,0,0,0,0,0,0,0,14,29.4,10.4,0.0,4.0,7,3,5,12,1,0.00,0.02,0.02,1.00,False,17,2
542,Seelt,Sunderland,DEF,2,81,1,0,0,0,2,0,0,0,0,0,0,0,5,18.4,1.8,0.0,2.0,4,2,2,6,0,0.00,0.01,0.01,1.00,False,17,2
543,Adingra,Sunderland,MID,2,62,1,0,0,0,1,0,0,0,1,0,0,0,7,8.2,19.5,0.0,2.8,3,2,0,5,1,0.00,0.09,0.09,0.34,False,17,3
544,Diarra,Sunderland,MID,2,79,2,0,0,0,1,0,0,0,0,0,0,0,7,3.6,16.6,4.0,2.4,1,2,0,3,1,0.00,0.04,0.04,0.34,False,17,3
545,Roberts,Sunderland,MID,2,27,1,0,0,0,1,0,0,0,0,0,0,0,4,1.8,7.3,5.0,1.4,0,1,0,1,0,0.03,0.02,0.05,0.66,False,17,3
546,Aleksić,Sunderland,MID,2,0,0,0,0,0,0,0,0,0,0,0,0,0,0,0.0,0.0,0.0,0.0,0,0,0,0,0,0.00,0.00,0.00,0.00,False,17,3
547,E.Le Fée,Sunderland,MID,2,27,1,0,0,0,1,0,0,0,0,0,0,0,15,9.0,23.4,4.0,3.6,0,6,2,8,0,0.04,0.05,0.09,0.66,False,17,3
548,Mundle,Sunderland,MID,2,0,0,0,0,0,0,0,0,0,0,0,0,0,0,0.0,0.0,0.0,0.0,0,0,0,0,0,0.00,0.00,0.00,0.00,False,17,3
549,Neil,Sunderland,MID,2,0,0,0,0,0,0,0,0,0,0,0,0,0,0,0.0,0.0,0.0,0.0,0,0,0,0,0,0.00,0.00,0.00,0.00,False,17,3
550,Poveda,Sunderland,MID,2,0,0,0,0,0,0,0,0,0,0,0,0,0,0,0.0,0.0,0.0,0.0,0,0,0,0,0,0.00,0.00,0.00,0.00,False,17,3
551,Rigg,Sunderland,MID,2,0,0,0,0,0,0,0,0,0,0,0,0,0,0,0.0,0.0,0.0,0.0,0,0,0,0,0,0.00,0.00,0.00,0.00,False,17,3
552,Sadiki,Sunderland,MID,2,90,2,0,0,0,2,0,0,0,0,0,0,0,13,9.4,9.5,4.0,2.3,2,0,2,4,1,0.00,0.08,0.08,1.00,False,17,3
553,Talbi,Sunderland,MID,2,62,2,0,0,0,1,0,0,0,0,0,0,0,3,1.8,16.3,4.0,2.2,0,2,0,2,1,0.23,0.01,0.24,0.34,False,17,3
554,Ba,Sunderland,MID,2,0,0,0,0,0,0,0,0,0,0,0,0,0,0,0.0,0.0,0.0,0.0,0,0,0,0,0,0.00,0.00,0.00,0.00,False,17,3
555,Browne,Sunderland,MID,2,0,0,0,0,0,0,0,0,0,0,0,0,0,0,0.0,0.0,0.0,0.0,0,0,0,0,0,0.00,0.00,0.00,0.00,False,17,3
556,Ekwah,Sunderland,MID,2,0,0,0,0,0,0,0,0,0,0,0,0,0,0,0.0,0.0,0.0,0.0,0,0,0,0,0,0.00,0.00,0.00,0.00,False,17,3
557,H.Jones,Sunderland,MID,2,0,0,0,0,0,0,0,0,0,0,0,0,0,0,0.0,0.0,0.0,0.0,0,0,0,0,0,0.00,0.00,0.00,0.00,False,17,3
558,Matete,Sunderland,MID,2,0,0,0,0,0,0,0,0,0,0,0,0,0,0,0.0,0.0,0.0,0.0,0,0,0,0,0,0.00,0.00,0.00,0.00,False,17,3
559,Triantis,Sunderland,MID,2,0,0,0,0,0,0,0,0,0,0,0,0,0,0,0.0,0.0,0.0,0.0,0,0,0,0,0,0.00,0.00,0.00,0.00,False,17,3
560,Isidor,Sunderland,FWD,2,27,1,0,0,0,1,0,0,0,0,0,0,0,0,0.0,0.0,4.0,0.4,0,0,0,0,0,0.00,0.00,0.00,0.66,False,17,4
561,Mayenda,Sunderland,FWD,2,62,2,0,0,0,1,0,0,0,0,0,0,0,3,11.2,0.3,19.0,3.1,2,2,1,5,1,0.30,0.00,0.30,0.34,False,17,4
562,Abdullahi,Sunderland,FWD,2,0,0,0,0,0,0,0,0,0,0,0,0,0,0,0.0,0.0,0.0,0.0,0,0,0,0,0,0.00,0.00,0.00,0.00,False,17,4
563,Luís Hemir,Sunderland,FWD,2,0,0,0,0,0,0,0,0,0,0,0,0,0,0,0.0,0.0,0.0,0.0,0,0,0,0,0,0.00,0.00,0.00,0.00,False,17,4
564,Rusyn,Sunderland,FWD,2,0,0,0,0,0,0,0,0,0,0,0,0,0,0,0.0,0.0,0.0,0.0,0,0,0,0,0,0.00,0.00,0.00,0.00,False,17,4
565,Vicario,Spurs,GK,2,90,9,0,0,1,0,0,0,0,0,0,4,2,30,28.4,0.0,0.0,2.8,1,6,0,0,1,0.00,0.01,0.01,1.55,False,18,1
566,Austin,Spurs,GK,2,0,0,0,0,0,0,0,0,0,0,0,0,0,0,0.0,0.0,0.0,0.0,0,0,0,0,0,0.00,0.00,0.00,0.00,False,18,1
567,Kinsky,Spurs,GK,2,0,0,0,0,0,0,0,0,0,0,0,0,0,0,0.0,0.0,0.0,0.0,0,0,0,0,0,0.00,0.00,0.00,0.00,False,18,1
568,Pedro Porro,Spurs,DEF,2,90,5,0,0,1,0,0,0,0,1,0,0,0,20,15.2,33.4,8.0,5.7,5,4,1,6,1,0.08,0.13,0.21,1.55,False,18,2
569,Romero,Spurs,DEF,2,90,7,0,0,1,0,0,0,0,1,0,0,0,28,20.6,0.3,2.0,2.3,7,6,3,10,1,0.00,0.00,0.00,1.55,False,18,2
570,Danso,Spurs,DEF,2,1,1,0,0,0,0,0,0,0,0,0,0,0,4,4.2,0.0,0.0,0.4,2,0,0,2,0,0.00,0.00,0.00,0.00,False,18,2
571,Davies,Spurs,DEF,2,0,0,0,0,0,0,0,0,0,0,0,0,0,0,0.0,0.0,0.0,0.0,0,0,0,0,0,0.00,0.00,0.00,0.00,False,18,2
572,Dragusin,Spurs,DEF,2,0,0,0,0,0,0,0,0,0,0,0,0,0,0,0.0,0.0,0.0,0.0,0,0,0,0,0,0.00,0.00,0.00,0.00,False,18,2
573,Spence,Spurs,DEF,2,90,6,0,0,1,0,0,0,0,0,0,0,0,19,10.4,2.6,2.0,1.5,4,4,2,6,1,0.00,0.02,0.02,1.55,False,18,2
574,Udogie,Spurs,DEF,2,0,0,0,0,0,0,0,0,0,0,0,0,0,0,0.0,0.0,0.0,0.0,0,0,0,0,0,0.00,0.00,0.00,0.00,False,18,2
575,Van de Ven,Spurs,DEF,2,90,6,0,0,1,0,0,0,0,0,0,0,0,26,12.6,0.7,0.0,1.3,3,3,1,4,1,0.00,0.00,0.00,1.55,False,18,2
576,Phillips,Spurs,DEF,2,0,0,0,0,0,0,0,0,0,0,0,0,0,0,0.0,0.0,0.0,0.0,0,0,0,0,0,0.00,0.00,0.00,0.00,False,18,2
577,Takai,Spurs,DEF,2,0,0,0,0,0,0,0,0,0,0,0,0,0,0,0.0,0.0,0.0,0.0,0,0,0,0,0,0.00,0.00,0.00,0.00,False,18,2
578,Vuskovic,Spurs,DEF,2,0,0,0,0,0,0,0,0,0,0,0,0,0,0,0.0,0.0,0.0,0.0,0,0,0,0,0,0.00,0.00,0.00,0.00,False,18,2
579,Son,Spurs,MID,2,0,0,0,0,0,0,0,0,0,0,0,0,0,0,0.0,0.0,0.0,0.0,0,0,0,0,0,0.00,0.00,0.00,0.00,False,18,3
580,Johnson,Spurs,MID,2,77,9,1,0,1,0,0,0,0,1,0,0,2,30,42.6,15.8,22.0,8.0,0,2,4,6,1,0.40,0.03,0.43,1.37,False,18,3
581,Maddison,Spurs,MID,2,0,0,0,0,0,0,0,0,0,0,0,0,0,0,0.0,0.0,0.0,0.0,0,0,0,0,0,0.00,0.00,0.00,0.00,False,18,3
582,Kudus,Spurs,MID,2,85,3,0,0,1,0,0,0,0,0,0,0,0,14,11.4,18.9,2.0,3.2,0,6,3,9,1,0.00,0.09,0.09,1.55,False,18,3
583,Kulusevski,Spurs,MID,2,0,0,0,0,0,0,0,0,0,0,0,0,0,0,0.0,0.0,0.0,0.0,0,0,0,0,0,0.00,0.00,0.00,0.00,False,18,3
584,Tel,Spurs,MID,2,0,0,0,0,0,0,0,0,0,0,0,0,0,0,0.0,0.0,0.0,0.0,0,0,0,0,0,0.00,0.00,0.00,0.00,False,18,3
585,Bentancur,Spurs,MID,2,90,3,0,0,1,0,0,0,0,0,0,0,0,14,11.4,12.2,2.0,2.6,3,6,2,11,1,0.00,0.00,0.00,1.55,False,18,3
586,Bergvall,Spurs,MID,2,4,1,0,0,0,0,0,0,0,0,0,0,0,5,8.0,10.5,2.0,2.1,3,0,0,3,0,0.00,0.05,0.05,0.00,False,18,3
587,Bissouma,Spurs,MID,2,0,0,0,0,0,0,0,0,0,0,0,0,0,0,0.0,0.0,0.0,0.0,0,0,0,0,0,0.00,0.00,0.00,0.00,False,18,3
588,Odobert,Spurs,MID,2,12,1,0,0,0,0,0,0,0,0,0,0,0,1,2.4,0.3,21.0,2.4,0,2,0,2,0,0.25,0.00,0.25,0.18,False,18,3
589,Solomon,Spurs,MID,2,0,0,0,0,0,0,0,0,0,0,0,0,0,0,0.0,0.0,0.0,0.0,0,0,0,0,0,0.00,0.00,0.00,0.00,False,18,3
590,Bryan,Spurs,MID,2,0,0,0,0,0,0,0,0,0,0,0,0,0,0,0.0,0.0,0.0,0.0,0,0,0,0,0,0.00,0.00,0.00,0.00,False,18,3
591,Gray,Spurs,MID,2,0,0,0,0,0,0,0,0,0,0,0,0,0,0,0.0,0.0,0.0,0.0,0,0,0,0,0,0.00,0.00,0.00,0.00,False,18,3
592,Moore,Spurs,MID,2,0,0,0,0,0,0,0,0,0,0,0,0,0,0,0.0,0.0,0.0,0.0,0,0,0,0,0,0.00,0.00,0.00,0.00,False,18,3
593,P.M.Sarr,Spurs,MID,2,90,3,0,0,1,0,0,0,0,0,0,0,0,7,6.2,1.5,19.0,2.7,1,6,2,9,1,0.03,0.01,0.04,1.55,False,18,3
594,Min-hyeok,Spurs,MID,2,0,0,0,0,0,0,0,0,0,0,0,0,0,0,0.0,0.0,0.0,0.0,0,0,0,0,0,0.00,0.00,0.00,0.00,False,18,3
595,Olusesi,Spurs,MID,2,0,0,0,0,0,0,0,0,0,0,0,0,0,0,0.0,0.0,0.0,0.0,0,0,0,0,0,0.00,0.00,0.00,0.00,False,18,3
596,Solanke,Spurs,FWD,2,12,1,0,0,0,0,0,0,0,0,0,0,0,5,4.0,0.0,19.0,2.3,1,0,0,1,0,0.12,0.00,0.12,0.18,False,18,4
597,Richarlison,Spurs,FWD,2,77,4,0,1,1,0,0,0,0,1,0,0,0,18,17.0,10.8,23.0,5.1,2,4,2,8,1,0.10,0.11,0.21,1.37,False,18,4
598,Lankshear,Spurs,FWD,2,0,0,0,0,0,0,0,0,0,0,0,0,0,0,0.0,0.0,0.0,0.0,0,0,0,0,0,0.00,0.00,0.00,0.00,False,18,4
599,Scarlett,Spurs,FWD,2,0,0,0,0,0,0,0,0,0,0,0,0,0,0,0.0,0.0,0.0,0.0,0,0,0,0,0,0.00,0.00,0.00,0.00,False,18,4
600,Areola,West Ham,GK,2,0,0,0,0,0,0,0,0,0,0,0,0,0,0,0.0,0.0,0.0,0.0,0,0,0,0,0,0.00,0.00,0.00,0.00,False,19,1
601,Foderingham,West Ham,GK,2,0,0,0,0,0,0,0,0,0,0,0,0,0,0,0.0,0.0,0.0,0.0,0,0,0,0,0,0.00,0.00,0.00,0.00,False,19,1
602,Hegyi,West Ham,GK,2,0,0,0,0,0,0,0,0,0,0,0,0,0,0,0.0,0.0,0.0,0.0,0,0,0,0,0,0.00,0.00,0.00,0.00,False,19,1
603,Diouf,West Ham,DEF,2,90,3,0,1,0,5,0,0,0,0,0,0,0,-1,20.6,12.7,2.0,3.5,3,5,1,4,1,0.00,0.01,0.01,2.74,False,19,2
604,Emerson,West Ham,DEF,2,0,0,0,0,0,0,0,0,0,0,0,0,0,0,0.0,0.0,0.0,0.0,0,0,0,0,0,0.00,0.00,0.00,0.00,False,19,2
605,Kilman,West Ham,DEF,2,90,0,0,0,0,5,0,0,0,0,0,0,0,-18,4.0,0.3,7.0,1.1,5,1,0,5,1,0.19,0.00,0.19,2.74,False,19,2
606,Mavropanos,West Ham,DEF,2,0,0,0,0,0,0,0,0,0,0,0,0,0,0,0.0,0.0,0.0,0.0,0,0,0,0,0,0.00,0.00,0.00,0.00,False,19,2
607,N.Aguerd,West Ham,DEF,2,90,2,0,0,0,5,0,0,0,0,0,0,0,-2,24.4,0.9,8.0,3.3,12,4,1,13,1,0.10,0.01,0.11,2.74,False,19,2
608,Scarles,West Ham,DEF,2,0,0,0,0,0,0,0,0,0,0,0,0,0,0,0.0,0.0,0.0,0.0,0,0,0,0,0,0.00,0.00,0.00,0.00,False,19,2
609,Todibo,West Ham,DEF,2,45,0,0,0,0,3,0,0,0,0,0,0,0,-9,5.4,0.3,0.0,0.6,3,0,0,3,1,0.00,0.00,0.00,1.62,False,19,2
610,Wan-Bissaka,West Ham,DEF,2,90,0,0,0,0,5,0,0,0,0,0,0,0,-8,17.0,19.8,0.0,3.7,5,2,0,5,1,0.00,0.06,0.06,2.74,False,19,2
611,Casey,West Ham,DEF,2,0,0,0,0,0,0,0,0,0,0,0,0,0,0,0.0,0.0,0.0,0.0,0,0,0,0,0,0.00,0.00,0.00,0.00,False,19,2
612,L.Paquetá,West Ham,MID,2,90,9,1,0,0,5,0,0,0,0,0,0,2,39,54.4,18.3,14.0,8.7,1,5,5,11,1,0.07,0.09,0.16,2.74,False,19,3
613,Souček,West Ham,MID,2,69,2,0,0,0,5,0,0,0,0,0,0,0,8,6.0,0.7,22.0,2.9,1,4,1,6,1,0.09,0.00,0.09,2.43,False,19,3
614,Ward-Prowse,West Ham,MID,2,90,2,0,0,0,5,0,0,0,0,0,0,0,23,17.6,58.6,2.0,7.8,3,1,2,6,1,0.11,0.31,0.42,2.74,False,19,3
615,Summerville,West Ham,MID,2,0,0,0,0,0,0,0,0,0,0,0,0,0,0,0.0,0.0,0.0,0.0,0,0,0,0,0,0.00,0.00,0.00,0.00,False,19,3
616,Álvarez,West Ham,MID,2,0,0,0,0,0,0,0,0,0,0,0,0,0,0,0.0,0.0,0.0,0.0,0,0,0,0,0,0.00,0.00,0.00,0.00,False,19,3
617,Cornet,West Ham,MID,2,0,0,0,0,0,0,0,0,0,0,0,0,0,0,0.0,0.0,0.0,0.0,0,0,0,0,0,0.00,0.00,0.00,0.00,False,19,3
618,G.Rodriguez,West Ham,MID,2,0,0,0,0,0,0,0,0,0,0,0,0,0,0,0.0,0.0,0.0,0.0,0,0,0,0,0,0.00,0.00,0.00,0.00,False,19,3
619,L.Guilherme,West Ham,MID,2,0,0,0,0,0,0,0,0,0,0,0,0,0,0,0.0,0.0,0.0,0.0,0,0,0,0,0,0.00,0.00,0.00,0.00,False,19,3
620,Earthy,West Ham,MID,2,0,0,0,0,0,0,0,0,0,0,0,0,0,0,0.0,0.0,0.0,0.0,0,0,0,0,0,0.00,0.00,0.00,0.00,False,19,3
621,Irving,West Ham,MID,2,0,0,0,0,0,0,0,0,0,0,0,0,0,0,0.0,0.0,0.0,0.0,0,0,0,0,0,0.00,0.00,0.00,0.00,False,19,3
622,Orford,West Ham,MID,2,0,0,0,0,0,0,0,0,0,0,0,0,0,0,0.0,0.0,0.0,0.0,0,0,0,0,0,0.00,0.00,0.00,0.00,False,19,3
623,Potts,West Ham,MID,2,45,1,0,0,0,2,0,0,0,0,0,0,0,2,6.2,2.2,2.0,1.0,1,2,1,4,0,0.00,0.00,0.00,1.12,False,19,3
624,Bowen,West Ham,FWD,2,90,2,0,0,0,5,0,0,0,0,0,0,0,10,9.8,21.2,30.0,6.1,0,1,0,1,1,0.09,0.11,0.20,2.74,False,19,4
625,Füllkrug,West Ham,FWD,2,45,1,0,0,0,3,0,0,0,0,0,0,0,3,1.2,10.5,2.0,1.4,0,1,0,1,1,0.00,0.02,0.02,1.62,False,19,4
626,Marshall,West Ham,FWD,2,0,0,0,0,0,0,0,0,0,0,0,0,0,0,0.0,0.0,0.0,0.0,0,0,0,0,0,0.00,0.00,0.00,0.00,False,19,4
627,Johnstone,Wolves,GK,2,0,0,0,0,0,0,0,0,0,0,0,0,0,0,0.0,0.0,0.0,0.0,0,0,0,0,0,0.00,0.00,0.00,0.00,False,20,1
628,José Sá,Wolves,GK,2,90,3,0,0,0,1,0,0,0,0,0,3,0,14,21.0,10.0,0.0,3.1,1,12,0,0,1,0.00,0.03,0.03,1.29,False,20,1
629,Bentley,Wolves,GK,2,0,0,0,0,0,0,0,0,0,0,0,0,0,0,0.0,0.0,0.0,0.0,0,0,0,0,0,0.00,0.00,0.00,0.00,False,20,1
630,King,Everton,GK,2,0,0,0,0,0,0,0,0,0,0,0,0,0,0,0.0,0.0,0.0,0.0,0,0,0,0,0,0.00,0.00,0.00,0.00,False,9,1
631,Agbadou,Wolves,DEF,2,90,4,0,0,0,1,0,0,0,0,0,0,0,17,36.0,0.7,4.0,4.1,12,3,2,14,1,0.10,0.03,0.13,1.29,False,20,2
632,Doherty,Wolves,DEF,2,90,1,0,0,0,1,0,0,0,1,0,0,0,5,19.2,1.8,0.0,2.1,6,2,3,9,1,0.00,0.02,0.02,1.29,False,20,2
633,H.Bueno,Wolves,DEF,2,45,0,0,0,0,0,0,0,0,1,0,0,0,3,5.6,18.7,5.0,2.9,2,1,1,3,0,0.06,0.10,0.16,0.57,False,20,2
634,Mosquera,Wolves,DEF,2,0,0,0,0,0,0,0,0,0,0,0,0,0,0,0.0,0.0,0.0,0.0,0,0,0,0,0,0.00,0.00,0.00,0.00,False,20,2
635,R.Gomes,Wolves,DEF,2,0,0,0,0,0,0,0,0,0,0,0,0,0,0,0.0,0.0,0.0,0.0,0,0,0,0,0,0.00,0.00,0.00,0.00,False,20,2
636,S.Bueno,Wolves,DEF,2,34,1,0,0,0,0,0,0,0,0,0,0,0,6,12.0,0.2,0.0,1.2,2,1,2,4,0,0.00,0.00,0.00,0.46,False,20,2
637,Toti,Wolves,DEF,2,48,-2,0,0,0,1,0,0,0,0,1,0,0,-9,7.6,0.6,0.0,0.8,6,2,0,6,1,0.00,0.00,0.00,0.72,False,20,2
638,Hoever,Wolves,DEF,2,34,1,0,0,0,1,0,0,0,0,0,0,0,1,5.2,14.4,2.0,2.2,1,0,0,1,1,0.00,0.10,0.10,0.63,False,20,2
639,Meupiyou,Wolves,DEF,2,0,0,0,0,0,0,0,0,0,0,0,0,0,0,0.0,0.0,0.0,0.0,0,0,0,0,0,0.00,0.00,0.00,0.00,False,20,2
640,Pedro Lima,Wolves,DEF,2,0,0,0,0,0,0,0,0,0,0,0,0,0,0,0.0,0.0,0.0,0.0,0,0,0,0,0,0.00,0.00,0.00,0.00,False,20,2
641,Pond,Wolves,DEF,2,0,0,0,0,0,0,0,0,0,0,0,0,0,0,0.0,0.0,0.0,0.0,0,0,0,0,0,0.00,0.00,0.00,0.00,False,20,2
642,Hee Chan,Wolves,MID,2,12,1,0,0,0,0,0,0,0,0,0,0,0,0,0.0,0.0,0.0,0.0,0,0,0,0,0,0.00,0.00,0.00,0.16,False,20,3
643,André,Wolves,MID,2,45,1,0,0,0,0,0,0,0,0,0,0,0,8,8.0,1.8,0.0,1.0,1,2,2,5,0,0.00,0.01,0.01,0.57,False,20,3
644,Bellegarde,Wolves,MID,2,45,1,0,0,0,1,0,0,0,0,0,0,0,6,2.8,5.2,2.0,1.0,1,1,2,4,1,0.01,0.01,0.02,0.72,False,20,3
645,Fer López,Wolves,MID,2,0,0,0,0,0,0,0,0,0,0,0,0,0,0,0.0,0.0,0.0,0.0,0,0,0,0,0,0.00,0.00,0.00,0.00,False,20,3
646,Gomes,Wolves,MID,2,90,1,0,0,0,1,0,0,0,1,0,0,0,13,8.6,3.0,2.0,1.4,3,5,3,11,1,0.00,0.02,0.02,1.29,False,20,3
647,Guedes,Wolves,MID,2,0,0,0,0,0,0,0,0,0,0,0,0,0,0,0.0,0.0,0.0,0.0,0,0,0,0,0,0.00,0.00,0.00,0.00,False,20,3
648,Munetsi,Wolves,MID,2,90,2,0,0,0,1,0,0,0,0,0,0,0,7,4.2,1.2,4.0,0.9,3,2,1,6,1,0.06,0.01,0.07,1.29,False,20,3
649,B.Traore,Wolves,MID,2,0,0,0,0,0,0,0,0,0,0,0,0,0,0,0.0,0.0,0.0,0.0,0,0,0,0,0,0.00,0.00,0.00,0.00,False,20,3
650,Chirewa,Wolves,MID,2,0,0,0,0,0,0,0,0,0,0,0,0,0,0,0.0,0.0,0.0,0.0,0,0,0,0,0,0.00,0.00,0.00,0.00,False,20,3
651,Edozie,Wolves,MID,2,0,0,0,0,0,0,0,0,0,0,0,0,0,0,0.0,0.0,0.0,0.0,0,0,0,0,0,0.00,0.00,0.00,0.00,False,20,3
652,Gonzalez,Wolves,MID,2,0,0,0,0,0,0,0,0,0,0,0,0,0,0,0.0,0.0,0.0,0.0,0,0,0,0,0,0.00,0.00,0.00,0.00,False,20,3
653,Hodge,Wolves,MID,2,0,0,0,0,0,0,0,0,0,0,0,0,0,0,0.0,0.0,0.0,0.0,0,0,0,0,0,0.00,0.00,0.00,0.00,False,20,3
654,Strand Larsen,Wolves,FWD,2,77,2,0,0,0,1,0,0,0,0,0,0,0,4,3.2,3.8,23.0,3.0,1,0,0,1,1,0.10,0.01,0.11,1.13,False,20,4
655,Fábio Silva,Wolves,FWD,2,0,0,0,0,0,0,0,0,0,0,0,0,0,0,0.0,0.0,0.0,0.0,0,0,0,0,0,0.00,0.00,0.00,0.00,False,20,4
656,Kalajdžić,Wolves,FWD,2,0,0,0,0,0,0,0,0,0,0,0,0,0,0,0.0,0.0,0.0,0.0,0,0,0,0,0,0.00,0.00,0.00,0.00,False,20,4
657,Chiwome,Wolves,FWD,2,0,0,0,0,0,0,0,0,0,0,0,0,0,0,0.0,0.0,0.0,0.0,0,0,0,0,0,0.00,0.00,0.00,0.00,False,20,4
658,Fraser,Wolves,FWD,2,0,0,0,0,0,0,0,0,0,0,0,0,0,0,0.0,0.0,0.0,0.0,0,0,0,0,0,0.00,0.00,0.00,0.00,False,20,4
659,Walker-Peters,West Ham,DEF,2,20,1,0,0,0,0,0,0,0,0,0,0,0,3,0.0,1.6,6.0,0.7,0,1,0,0,0,0.04,0.00,0.04,0.31,False,19,2
660,Stach,Leeds,MID,2,90,2,0,0,0,5,0,0,0,0,0,0,0,6,2.4,35.7,0.0,3.8,1,1,2,4,1,0.00,0.07,0.07,2.88,False,11,3
661,Ekitiké,Liverpool,FWD,2,79,9,1,0,0,1,0,0,0,0,0,0,3,33,39.8,22.4,23.0,8.5,3,2,0,5,1,0.21,0.06,0.27,0.78,False,12,4
662,Mosquera,Arsenal,DEF,2,26,1,0,0,0,0,0,0,0,0,0,0,0,7,4.8,0.0,0.0,0.5,0,0,2,2,0,0.00,0.00,0.00,0.00,False,1,2
663,J.Arias,Wolves,MID,2,55,1,0,0,0,1,0,0,0,0,0,0,0,4,5.6,1.6,4.0,1.1,1,2,4,7,1,0.13,0.01,0.14,0.83,False,20,3
664,Lecomte,Fulham,GK,2,0,0,0,0,0,0,0,0,0,0,0,0,0,0,0.0,0.0,0.0,0.0,0,0,0,0,0,0.00,0.00,0.00,0.00,False,10,1
665,Perri,Leeds,GK,2,90,0,0,0,0,5,0,0,0,0,0,0,0,-13,2.8,0.0,0.0,0.3,0,4,0,0,1,0.00,0.00,0.00,2.88,False,11,1
666,Gyökeres,Arsenal,FWD,2,90,12,2,0,1,0,0,0,0,0,0,0,2,44,67.0,1.6,44.0,11.3,2,3,0,5,1,1.28,0.03,1.31,0.17,True,1,4
667,Aznou,Everton,DEF,2,0,0,0,0,0,0,0,0,0,0,0,0,0,0,0.0,0.0,0.0,0.0,0,0,0,0,0,0.00,0.00,0.00,0.00,False,9,2
668,Xhaka,Sunderland,MID,2,90,4,0,0,0,2,0,0,0,0,0,0,0,14,19.6,22.1,3.0,4.5,5,6,2,13,1,0.05,0.06,0.11,1.00,False,17,3
669,Ndoye,Nott'm Forest,MID,2,70,7,0,1,0,1,0,0,0,0,0,0,2,21,23.8,29.2,8.0,6.1,2,3,0,5,1,0.00,0.35,0.35,1.10,False,16,3
670,Roefs,Sunderland,GK,2,90,1,0,0,0,2,0,0,0,0,0,0,0,0,4.2,0.0,0.0,0.4,1,8,0,0,1,0.00,0.00,0.00,1.00,False,17,1
671,Wilson,West Ham,FWD,2,45,1,0,0,0,2,0,0,0,0,0,0,0,1,2.4,11.8,8.0,2.2,1,0,0,1,0,0.03,0.04,0.07,1.12,False,19,4
672,Hato,Chelsea,DEF,2,21,0,0,0,0,0,0,0,0,1,0,0,0,-2,1.2,1.0,0.0,0.2,1,1,0,1,0,0.00,0.00,0.00,0.44,False,7,2
673,J.Palhinha,Spurs,MID,2,90,11,1,0,1,0,0,0,0,0,0,0,3,31,49.8,0.7,19.0,7.0,3,2,4,9,1,0.14,0.00,0.14,1.55,False,18,3
674,Ramsdale,Newcastle,GK,2,0,0,0,0,0,0,0,0,0,0,0,0,0,0,0.0,0.0,0.0,0.0,0,0,0,0,0,0.00,0.00,0.00,0.00,False,15,1
675,Gunn,Nott'm Forest,GK,2,0,0,0,0,0,0,0,0,0,0,0,0,0,0,0.0,0.0,0.0,0.0,0,0,0,0,0,0.00,0.00,0.00,0.00,False,16,1
676,Ugochukwu,Burnley,MID,2,68,3,0,0,1,0,0,0,0,0,0,0,0,11,7.8,16.7,3.0,2.8,1,1,2,4,1,0.02,0.02,0.04,0.61,False,3,3
677,Guessand,Aston Villa,MID,2,15,1,0,0,0,0,0,0,0,0,0,0,0,1,2.4,1.0,2.0,0.5,0,1,1,2,0,0.00,0.01,0.01,0.11,False,2,3
678,Masuaku,Sunderland,DEF,2,0,0,0,0,0,0,0,0,0,0,0,0,0,0,0.0,0.0,0.0,0.0,0,0,0,0,0,0.00,0.00,0.00,0.00,False,17,2
679,Hermansen,West Ham,GK,2,90,0,0,0,0,5,0,0,0,0,0,2,0,-8,16.8,0.0,0.0,1.7,2,7,0,0,1,0.00,0.00,0.00,2.74,False,19,1
680,Broja,Burnley,FWD,2,0,0,0,0,0,0,0,0,0,0,0,0,0,0,0.0,0.0,0.0,0.0,0,0,0,0,0,0.00,0.00,0.00,0.00,False,3,4
681,Šeško,Man Utd,FWD,2,37,1,0,0,0,1,0,0,0,0,0,0,0,2,0.4,2.3,2.0,0.5,0,1,0,1,0,0.00,0.04,0.04,0.86,False,14,4
682,Møller Wolfe,Wolves,DEF,2,45,1,0,0,0,1,0,0,0,0,0,0,0,3,2.2,0.3,2.0,0.5,0,2,1,1,1,0.00,0.00,0.00,0.72,False,20,2
683,Alderete,Sunderland,DEF,2,90,1,0,0,0,2,0,0,0,0,0,0,0,9,25.0,5.7,10.0,4.1,7,6,2,9,1,0.06,0.02,0.08,1.00,False,17,2
684,Thiaw,Newcastle,DEF,2,9,1,0,0,0,1,0,0,0,0,0,0,0,-1,1.8,0.1,0.0,0.2,1,0,0,1,0,0.00,0.00,0.00,0.37,False,15,2
685,Diakité,Bournemouth,DEF,2,90,10,0,0,1,0,0,0,0,0,0,0,2,34,20.8,0.9,0.0,2.2,7,3,3,10,1,0.00,0.00,0.00,0.46,True,4,2
686,Ngumoha,Liverpool,MID,2,1,6,1,0,0,0,0,0,0,0,0,0,0,27,34.0,0.1,17.0,5.1,0,0,0,0,0,0.37,0.00,0.37,0.00,False,12,3
687,Rees-Dottin,Bournemouth,MID,2,0,0,0,0,0,0,0,0,0,0,0,0,0,0,0.0,0.0,0.0,0.0,0,0,0,0,0,0.00,0.00,0.00,0.00,False,4,3
688,Wright,Aston Villa,GK,2,0,0,0,0,0,0,0,0,0,0,0,0,0,0,0.0,0.0,0.0,0.0,0,0,0,0,0,0.00,0.00,0.00,0.00,False,2,1
689,Seung soo,Newcastle,MID,2,0,0,0,0,0,0,0,0,0,0,0,0,0,0,0.0,0.0,0.0,0.0,0,0,0,0,0,0.00,0.00,0.00,0.00,False,15,3
690,Cardines,Crystal Palace,MID,2,0,0,0,0,0,0,0,0,0,0,0,0,0,0,0.0,0.0,0.0,0.0,0,0,0,0,0,0.00,0.00,0.00,0.00,False,8,3
691,Calvert-Lewin,Leeds,FWD,2,0,0,0,0,0,0,0,0,0,0,0,0,0,0,0.0,0.0,0.0,0.0,0,0,0,0,0,0.00,0.00,0.00,0.00,False,11,4
692,Leoni,Liverpool,DEF,2,0,0,0,0,0,0,0,0,0,0,0,0,0,0,0.0,0.0,0.0,0.0,0,0,0,0,0,0.00,0.00,0.00,0.00,False,12,2
693,Hutchinson,Nott'm Forest,MID,2,8,1,0,0,0,0,0,0,0,0,0,0,0,-2,0.0,0.6,8.0,0.5,0,0,0,0,0,0.20,0.00,0.20,0.00,False,16,3
694,Mukiele,Sunderland,DEF,2,0,0,0,0,0,0,0,0,0,0,0,0,0,0,0.0,0.0,0.0,0.0,0,0,0,0,0,0.00,0.00,0.00,0.00,False,17,2
695,Tchatchoua,Wolves,DEF,2,55,1,0,0,0,0,0,0,0,0,0,0,0,7,8.6,16.8,4.0,2.9,4,3,0,4,0,0.00,0.02,0.02,0.66,False,20,2
696,Kalimuendo,Nott'm Forest,FWD,2,19,1,0,0,0,0,0,0,0,0,0,0,0,2,1.0,1.6,0.0,0.3,1,1,0,2,0,0.00,0.00,0.00,0.00,False,16,4
697,Adli,Bournemouth,MID,2,24,1,0,0,0,0,0,0,0,0,0,0,0,9,10.4,15.0,2.0,2.7,1,2,3,6,0,0.00,0.02,0.02,0.06,False,4,3
698,Okafor,Leeds,MID,2,24,1,0,0,0,1,0,0,0,0,0,0,0,3,4.6,0.3,0.0,0.5,0,2,2,4,0,0.00,0.00,0.00,0.87,False,11,3
699,Douglas Luiz,Nott'm Forest,MID,2,0,0,0,0,0,0,0,0,0,0,0,0,0,0,0.0,0.0,0.0,0.0,0,0,0,0,0,0.00,0.00,0.00,0.00,False,16,3
700,Dowman,Arsenal,MID,2,26,4,0,1,0,0,0,0,0,0,0,0,0,13,1.0,0.5,15.0,1.7,0,1,2,3,0,0.08,0.02,0.10,0.00,False,1,3
701,Rowe,Aston Villa,DEF,2,0,0,0,0,0,0,0,0,0,0,0,0,0,0,0.0,0.0,0.0,0.0,0,0,0,0,0,0.00,0.00,0.00,0.00,False,2,2
702,Burrowes,Aston Villa,MID,2,0,0,0,0,0,0,0,0,0,0,0,0,0,0,0.0,0.0,0.0,0.0,0,0,0,0,0,0.00,0.00,0.00,0.00,False,2,3
703,Proctor,Aston Villa,GK,2,0,0,0,0,0,0,0,0,0,0,0,0,0,0,0.0,0.0,0.0,0.0,0,0,0,0,0,0.00,0.00,0.00,0.00,False,2,1
704,Onyango,Everton,MID,2,0,0,0,0,0,0,0,0,0,0,0,0,0,0,0.0,0.0,0.0,0.0,0,0,0,0,0,0.00,0.00,0.00,0.00,False,9,3
705,Campbell,Everton,DEF,2,0,0,0,0,0,0,0,0,0,0,0,0,0,0,0.0,0.0,0.0,0.0,0,0,0,0,0,0.00,0.00,0.00,0.00,False,9,2
