element,web_name,team_name,position,gw,minutes,total_points,goals_scored,assists,clean_sheets,goals_conceded,own_goals,penalties_saved,penalties_missed,yellow_cards,red_cards,saves,bonus,bps,influence,creativity,threat,ict_index,clearances_blocks_interceptions,recoveries,tackles,defensive_contribution,starts,expected_goals,expected_assists,expected_goal_involvements,expected_goals_conceded,in_dreamteam,team,element_type,player_id
1,Raya,Arsenal,GK,1,90,10,0,0,1,0,0,0,0,1,0,7,3,38,49.2,0.0,0.0,4.9,1,13,0,0,1,0.0,0.0,0.0,1.52,True,1,1,1
2,Arrizabalaga,Arsenal,GK,1,0,0,0,0,0,0,0,0,0,0,0,0,0,0,0.0,0.0,0.0,0.0,0,0,0,0,0,0.0,0.0,0.0,0.0,False,1,1,2
3,Hein,Arsenal,GK,1,0,0,0,0,0,0,0,0,0,0,0,0,0,0,0.0,0.0,0.0,0.0,0,0,0,0,0,0.0,0.0,0.0,0.0,False,1,1,3
4,Setford,Arsenal,GK,1,0,0,0,0,0,0,0,0,0,0,0,0,0,0,0.0,0.0,0.0,0.0,0,0,0,0,0,0.0,0.0,0.0,0.0,False,1,1,4
5,Gabriel,Arsenal,DEF,1,90,6,0,0,1,0,0,0,0,0,0,0,0,23,22.8,0.3,4.0,2.7,6,1,1,7,1,0.0,0.0,0.0,1.52,False,1,2,5
6,Saliba,Arsenal,DEF,1,90,9,0,0,1,0,0,0,0,0,0,0,1,25,31.4,0.1,0.0,3.2,10,3,4,14,1,0.0,0.0,0.0,1.52,False,1,2,6
7,Calafiori,Arsenal,DEF,1,71,13,1,0,1,0,0,0,0,1,0,0,2,33,36.2,2.1,35.0,7.3,3,5,1,4,1,0.91,0.01,0.92,0.87,True,1,2,7
8,J.Timber,Arsenal,DEF,1,19,0,0,0,0,0,0,0,0,1,0,0,0,-3,3.0,0.3,0.0,0.3,1,1,2,3,0,0.0,0.0,0.0,0.66,False,1,2,8
9,Kiwior,Arsenal,DEF,1,0,0,0,0,0,0,0,0,0,0,0,0,0,0,0.0,0.0,0.0,0.0,0,0,0,0,0,0.0,0.0,0.0,0.0,False,1,2,9
10,Lewis-Skelly,Arsenal,DEF,1,18,0,0,0,0,0,0,0,0,1,0,0,0,-1,0.2,0.0,0.0,0.0,1,0,0,1,0,0.0,0.0,0.0,0.66,False,1,2,10
11,White,Arsenal,DEF,1,70,6,0,0,1,0,0,0,0,0,0,0,0,23,15.4,11.3,1.0,2.8,6,4,2,8,1,0.01,0.01,0.02,0.87,False,1,2,11
12,Zinchenko,Arsenal,DEF,1,0,0,0,0,0,0,0,0,0,0,0,0,0,0,0.0,0.0,0.0,0.0,0,0,0,0,0,0.0,0.0,0.0,0.0,False,1,2,12
13,Clarke,Arsenal,DEF,1,0,0,0,0,0,0,0,0,0,0,0,0,0,0,0.0,0.0,0.0,0.0,0,0,0,0,0,0.0,0.0,0.0,0.0,False,1,2,13
14,Kacurri,Arsenal,DEF,1,0,0,0,0,0,0,0,0,0,0,0,0,0,0,0.0,0.0,0.0,0.0,0,0,0,0,0,0.0,0.0,0.0,0.0,False,1,2,14
15,Nichols,Arsenal,DEF,1,0,0,0,0,0,0,0,0,0,0,0,0,0,0,0.0,0.0,0.0,0.0,0,0,0,0,0,0.0,0.0,0.0,0.0,False,1,2,15
16,Saka,Arsenal,MID,1,90,3,0,0,1,0,0,0,0,0,0,0,0,7,12.0,16.4,7.0,3.5,0,2,3,5,1,0.15,0.09,0.24,1.52,False,1,3,16
17,Ødegaard,Arsenal,MID,1,90,5,0,0,1,0,0,0,0,0,0,0,0,16,17.8,20.3,17.0,5.5,6,7,1,14,1,0.09,0.29,0.38,1.52,False,1,3,17
18,Madueke,Arsenal,MID,1,30,1,0,0,0,0,0,0,0,0,0,0,0,2,1.6,10.7,2.0,1.4,0,0,0,0,0,0.0,0.02,0.02,0.82,False,1,3,18
19,Martinelli,Arsenal,MID,1,59,1,0,0,0,0,0,0,0,0,0,0,0,8,6.2,10.3,21.0,3.8,0,3,1,4,1,0.02,0.01,0.03,0.7,False,1,3,19
20,Trossard,Arsenal,MID,1,0,0,0,0,0,0,0,0,0,0,0,0,0,0,0.0,0.0,0.0,0.0,0,0,0,0,0,0.0,0.0,0.0,0.0,False,1,3,20
21,Rice,Arsenal,MID,1,82,6,0,1,1,0,0,0,0,0,0,0,0,14,2.6,1.3,8.0,1.2,1,3,0,4,1,0.13,0.01,0.14,1.04,False,1,3,21
22,Merino,Arsenal,MID,1,7,1,0,0,0,0,0,0,0,0,0,0,0,2,1.2,0.0,0.0,0.1,1,0,0,1,0,0.0,0.0,0.0,0.49,False,1,3,22
23,Fábio Vieira,Arsenal,MID,1,0,0,0,0,0,0,0,0,0,0,0,0,0,0,0.0,0.0,0.0,0.0,0,0,0,0,0,0.0,0.0,0.0,0.0,False,1,3,23
24,Nørgaard,Arsenal,MID,1,0,0,0,0,0,0,0,0,0,0,0,0,0,0,0.0,0.0,0.0,0.0,0,0,0,0,0,0.0,0.0,0.0,0.0,False,1,3,24
25,Nwaneri,Arsenal,MID,1,0,0,0,0,0,0,0,0,0,0,0,0,0,0,0.0,0.0,0.0,0.0,0,0,0,0,0,0.0,0.0,0.0,0.0,False,1,3,25
26,Zubimendi,Arsenal,MID,1,90,5,0,0,1,0,0,0,0,0,0,0,0,15,16.0,1.9,2.0,2.0,4,5,3,12,1,0.0,0.01,0.01,1.52,False,1,3,26
27,Nelson,Arsenal,MID,1,0,0,0,0,0,0,0,0,0,0,0,0,0,0,0.0,0.0,0.0,0.0,0,0,0,0,0,0.0,0.0,0.0,0.0,False,1,3,27
28,Kabia,Arsenal,MID,1,0,0,0,0,0,0,0,0,0,0,0,0,0,0,0.0,0.0,0.0,0.0,0,0,0,0,0,0.0,0.0,0.0,0.0,False,1,3,28
29,Sambi,Arsenal,MID,1,0,0,0,0,0,0,0,0,0,0,0,0,0,0,0.0,0.0,0.0,0.0,0,0,0,0,0,0.0,0.0,0.0,0.0,False,1,3,29
30,Havertz,Arsenal,FWD,1,30,1,0,0,0,0,0,0,0,0,0,0,0,4,2.8,0.8,2.0,0.6,1,2,0,3,0,0.0,0.01,0.01,0.82,False,1,4,30
31,G.Jesus,Arsenal,FWD,1,0,0,0,0,0,0,0,0,0,0,0,0,0,0,0.0,0.0,0.0,0.0,0,0,0,0,0,0.0,0.0,0.0,0.0,False,1,4,31
32,Martinez,Aston Villa,GK,1,0,0,0,0,0,0,0,0,0,0,0,0,0,0,0.0,0.0,0.0,0.0,0,0,0,0,0,0.0,0.0,0.0,0.0,False,2,1,32
33,M.Bizot,Aston Villa,GK,1,90,7,0,0,1,0,0,0,0,0,0,3,0,29,19.6,0.0,0.0,2.0,1,12,0,0,1,0.0,0.0,0.0,1.43,False,2,1,33
34,Gauci,Aston Villa,GK,1,0,0,0,0,0,0,0,0,0,0,0,0,0,0,0.0,0.0,0.0,0.0,0,0,0,0,0,0.0,0.0,0.0,0.0,False,2,1,34
35,Marschall,Aston Villa,GK,1,0,0,0,0,0,0,0,0,0,0,0,0,0,0,0.0,0.0,0.0,0.0,0,0,0,0,0,0.0,0.0,0.0,0.0,False,2,1,35
36,Cash,Aston Villa,DEF,1,90,8,0,0,1,0,0,0,0,0,0,0,0,25,37.6,1.1,2.0,4.1,9,2,2,11,1,0.0,0.0,0.0,1.43,False,2,2,36
37,Digne,Aston Villa,DEF,1,90,6,0,0,1,0,0,0,0,0,0,0,0,22,11.6,5.8,0.0,1.7,5,3,2,7,1,0.0,0.01,0.01,1.43,False,2,2,37
38,Konsa,Aston Villa,DEF,1,65,3,0,0,1,0,0,0,0,0,1,0,0,15,1.8,1.1,0.0,0.3,3,1,0,3,1,0.0,0.01,0.01,1.11,False,2,2,38
39,Maatsen,Aston Villa,DEF,1,0,0,0,0,0,0,0,0,0,0,0,0,0,0,0.0,0.0,0.0,0.0,0,0,0,0,0,0.0,0.0,0.0,0.0,False,2,2,39
40,Mings,Aston Villa,DEF,1,90,6,0,0,1,0,0,0,0,0,0,0,0,25,13.0,3.7,0.0,1.7,5,2,0,5,1,0.0,0.0,0.0,1.43,False,2,2,40
41,Pau,Aston Villa,DEF,1,0,0,0,0,0,0,0,0,0,0,0,0,0,0,0.0,0.0,0.0,0.0,0,0,0,0,0,0.0,0.0,0.0,0.0,False,2,2,41
42,A.García,Aston Villa,DEF,1,0,0,0,0,0,0,0,0,0,0,0,0,0,0,0.0,0.0,0.0,0.0,0,0,0,0,0,0.0,0.0,0.0,0.0,False,2,2,42
43,Alex Moreno,Aston Villa,DEF,1,0,0,0,0,0,0,0,0,0,0,0,0,0,0,0.0,0.0,0.0,0.0,0,0,0,0,0,0.0,0.0,0.0,0.0,False,2,2,43
44,Bogarde,Aston Villa,DEF,1,0,0,0,0,0,0,0,0,0,0,0,0,0,0,0.0,0.0,0.0,0.0,0,0,0,0,0,0.0,0.0,0.0,0.0,False,2,2,44
45,Sousa,Aston Villa,DEF,1,0,0,0,0,0,0,0,0,0,0,0,0,0,0,0.0,0.0,0.0,0.0,0,0,0,0,0,0.0,0.0,0.0,0.0,False,2,2,45
46,Yasin,Aston Villa,DEF,1,0,0,0,0,0,0,0,0,0,0,0,0,0,0,0.0,0.0,0.0,0.0,0,0,0,0,0,0.0,0.0,0.0,0.0,False,2,2,46
47,Rogers,Aston Villa,MID,1,90,3,0,0,1,0,0,0,0,0,0,0,0,7,7.2,20.1,4.0,3.1,1,5,1,7,1,0.0,0.05,0.05,1.43,False,2,3,47
48,Tielemans,Aston Villa,MID,1,90,3,0,0,1,0,0,0,0,0,0,0,0,5,4.0,1.1,0.0,0.5,3,2,2,7,1,0.0,0.01,0.01,1.43,False,2,3,48
49,Bailey,Aston Villa,MID,1,0,0,0,0,0,0,0,0,0,0,0,0,0,0,0.0,0.0,0.0,0.0,0,0,0,0,0,0.0,0.0,0.0,0.0,False,2,3,49
50,Buendía,Aston Villa,MID,1,0,0,0,0,0,0,0,0,0,0,0,0,0,0,0.0,0.0,0.0,0.0,0,0,0,0,0,0.0,0.0,0.0,0.0,False,2,3,50
51,Iling Jr,Aston Villa,MID,1,0,0,0,0,0,0,0,0,0,0,0,0,0,0,0.0,0.0,0.0,0.0,0,0,0,0,0,0.0,0.0,0.0,0.0,False,2,3,51
52,J.Ramsey,Newcastle,MID,1,0,0,0,0,0,0,0,0,0,0,0,0,0,0,0.0,0.0,0.0,0.0,0,0,0,0,0,0.0,0.0,0.0,0.0,False,15,3,52
53,Malen,Aston Villa,MID,1,6,1,0,0,0,0,0,0,0,0,0,0,0,4,3.0,0.0,17.0,2.0,0,0,0,0,0,0.03,0.0,0.03,0.1,False,2,3,53
54,McGinn,Aston Villa,MID,1,83,3,0,0,1,0,0,0,0,0,0,0,0,10,5.0,19.3,6.0,3.0,0,7,0,7,1,0.0,0.09,0.09,1.33,False,2,3,54
55,Barkley,Aston Villa,MID,1,0,0,0,0,0,0,0,0,0,0,0,0,0,0,0.0,0.0,0.0,0.0,0,0,0,0,0,0.0,0.0,0.0,0.0,False,2,3,55
56,Barrenechea,Aston Villa,MID,1,0,0,0,0,0,0,0,0,0,0,0,0,0,0,0.0,0.0,0.0,0.0,0,0,0,0,0,0.0,0.0,0.0,0.0,False,2,3,56
57,Dobbin,Aston Villa,MID,1,0,0,0,0,0,0,0,0,0,0,0,0,0,0,0.0,0.0,0.0,0.0,0,0,0,0,0,0.0,0.0,0.0,0.0,False,2,3,57
58,Kamara,Aston Villa,MID,1,90,2,0,0,1,0,0,0,0,1,0,0,0,13,13.8,2.2,17.0,3.3,3,6,2,11,1,0.05,0.03,0.08,1.43,False,2,3,58
59,Onana,Aston Villa,MID,1,90,5,0,0,1,0,0,0,0,0,0,0,0,19,19.4,3.0,0.0,2.2,5,7,2,14,1,0.0,0.01,0.01,1.43,False,2,3,59
60,Broggio,Aston Villa,MID,1,0,0,0,0,0,0,0,0,0,0,0,0,0,0,0.0,0.0,0.0,0.0,0,0,0,0,0,0.0,0.0,0.0,0.0,False,2,3,60
61,Dendoncker,Aston Villa,MID,1,0,0,0,0,0,0,0,0,0,0,0,0,0,0,0.0,0.0,0.0,0.0,0,0,0,0,0,0.0,0.0,0.0,0.0,False,2,3,61
62,Jimoh-Aloba,Aston Villa,MID,1,0,0,0,0,0,0,0,0,0,0,0,0,0,0,0.0,0.0,0.0,0.0,0,0,0,0,0,0.0,0.0,0.0,0.0,False,2,3,62
63,Young,Aston Villa,MID,1,0,0,0,0,0,0,0,0,0,0,0,0,0,0,0.0,0.0,0.0,0.0,0,0,0,0,0,0.0,0.0,0.0,0.0,False,2,3,63
64,Watkins,Aston Villa,FWD,1,90,2,0,0,1,0,0,0,0,0,0,0,0,12,10.6,12.2,27.0,5.0,2,3,0,5,1,0.12,0.01,0.13,1.43,False,2,4,64
65,Redmond,Aston Villa,FWD,1,0,0,0,0,0,0,0,0,0,0,0,0,0,0,0.0,0.0,0.0,0.0,0,0,0,0,0,0.0,0.0,0.0,0.0,False,2,4,65
66,Neto,Bournemouth,GK,1,0,0,0,0,0,0,0,0,0,0,0,0,0,0,0.0,0.0,0.0,0.0,0,0,0,0,0,0.0,0.0,0.0,0.0,False,4,1,66
67,Petrović,Bournemouth,GK,1,90,2,0,0,0,4,0,0,0,0,0,6,0,10,47.8,0.0,0.0,4.8,4,8,0,0,1,0.0,0.0,0.0,2.21,False,4,1,67
68,Dennis,Bournemouth,GK,1,0,0,0,0,0,0,0,0,0,0,0,0,0,0,0.0,0.0,0.0,0.0,0,0,0,0,0,0.0,0.0,0.0,0.0,False,4,1,68
69,McKenna,Bournemouth,GK,1,0,0,0,0,0,0,0,0,0,0,0,0,0,0,0.0,0.0,0.0,0.0,0,0,0,0,0,0.0,0.0,0.0,0.0,False,4,1,69
70,Paulsen,Bournemouth,GK,1,0,0,0,0,0,0,0,0,0,0,0,0,0,0,0.0,0.0,0.0,0.0,0,0,0,0,0,0.0,0.0,0.0,0.0,False,4,1,70
71,Zabarnyi,Bournemouth,DEF,1,0,0,0,0,0,0,0,0,0,0,0,0,0,0,0.0,0.0,0.0,0.0,0,0,0,0,0,0.0,0.0,0.0,0.0,False,4,2,71
72,Senesi,Bournemouth,DEF,1,90,2,0,0,0,4,0,0,0,0,0,0,0,1,26.6,14.6,2.0,4.3,12,2,3,15,1,0.0,0.05,0.05,2.21,False,4,2,72
73,Smith,Bournemouth,DEF,1,89,1,0,0,0,3,0,0,0,0,0,0,0,2,12.2,10.5,4.0,2.7,8,2,1,9,1,0.0,0.08,0.08,2.1,False,4,2,73
74,Truffert,Bournemouth,DEF,1,90,0,0,0,0,4,0,0,0,0,0,0,0,-1,18.2,19.1,0.0,3.7,4,4,2,6,1,0.0,0.13,0.13,2.21,False,4,2,74
75,Akinmboni,Bournemouth,DEF,1,0,0,0,0,0,0,0,0,0,0,0,0,0,0,0.0,0.0,0.0,0.0,0,0,0,0,0,0.0,0.0,0.0,0.0,False,4,2,75
76,Bevan,Bournemouth,DEF,1,0,0,0,0,0,0,0,0,0,0,0,0,0,0,0.0,0.0,0.0,0.0,0,0,0,0,0,0.0,0.0,0.0,0.0,False,4,2,76
77,Hill,Bournemouth,DEF,1,1,1,0,0,0,1,0,0,0,0,0,0,0,0,3.0,0.1,0.0,0.3,2,0,0,2,0,0.0,0.0,0.0,0.11,False,4,2,77
78,J.Araujo,Bournemouth,DEF,1,0,0,0,0,0,0,0,0,0,0,0,0,0,0,0.0,0.0,0.0,0.0,0,0,0,0,0,0.0,0.0,0.0,0.0,False,4,2,78
79,Mepham,Bournemouth,DEF,1,0,0,0,0,0,0,0,0,0,0,0,0,0,0,0.0,0.0,0.0,0.0,0,0,0,0,0,0.0,0.0,0.0,0.0,False,4,2,79
80,Soler,Bournemouth,DEF,1,0,0,0,0,0,0,0,0,0,0,0,0,0,0,0.0,0.0,0.0,0.0,0,0,0,0,0,0.0,0.0,0.0,0.0,False,4,2,80
81,Kluivert,Bournemouth,MID,1,0,0,0,0,0,0,0,0,0,0,0,0,0,0,0.0,0.0,0.0,0.0,0,0,0,0,0,0.0,0.0,0.0,0.0,False,4,3,81
82,Semenyo,Bournemouth,MID,1,90,15,2,0,0,4,0,0,0,0,0,0,3,42,66.4,1.3,32.0,10.0,1,3,1,5,1,0.91,0.02,0.93,2.21,True,4,3,82
83,O.Dango,Brentford,MID,1,0,0,0,0,0,0,0,0,0,0,0,0,0,0,0.0,0.0,0.0,0.0,0,0,0,0,0,0.0,0.0,0.0,0.0,False,5,3,83
84,Tavernier,Bournemouth,MID,1,90,4,0,0,0,4,0,0,0,0,0,0,0,20,24.6,14.1,33.0,7.2,7,10,3,20,1,0.32,0.06,0.38,2.21,False,4,3,84
85,Adams,Bournemouth,MID,1,90,4,0,0,0,3,0,0,0,0,0,0,0,11,21.6,1.7,4.0,2.7,8,6,5,19,1,0.0,0.1,0.1,2.1,False,4,3,85
86,Brooks,Bournemouth,MID,1,83,4,0,1,0,2,0,0,0,1,0,0,0,23,27.2,40.3,18.0,8.6,0,5,2,7,1,0.19,0.19,0.38,1.9,False,4,3,86
87,Christie,Bournemouth,MID,1,0,0,0,0,0,0,0,0,0,0,0,0,0,0,0.0,0.0,0.0,0.0,0,0,0,0,0,0.0,0.0,0.0,0.0,False,4,3,87
88,Cook,Bournemouth,MID,1,0,0,0,0,0,0,0,0,0,0,0,0,0,0,0.0,0.0,0.0,0.0,0,0,0,0,0,0.0,0.0,0.0,0.0,False,4,3,88
89,Philip,Bournemouth,MID,1,0,0,0,0,0,0,0,0,0,0,0,0,0,0,0.0,0.0,0.0,0.0,0,0,0,0,0,0.0,0.0,0.0,0.0,False,4,3,89
90,Scott,Bournemouth,MID,1,73,2,0,0,0,2,0,0,0,0,0,0,0,7,2.0,2.1,2.0,0.6,1,2,0,3,1,0.0,0.0,0.0,1.81,False,4,3,90
91,Sinisterra,Bournemouth,MID,1,0,0,0,0,0,0,0,0,0,0,0,0,0,0,0.0,0.0,0.0,0.0,0,0,0,0,0,0.0,0.0,0.0,0.0,False,4,3,91
92,Faivre,Bournemouth,MID,1,0,0,0,0,0,0,0,0,0,0,0,0,0,0,0.0,0.0,0.0,0.0,0,0,0,0,0,0.0,0.0,0.0,0.0,False,4,3,92
93,H.Traorè,Bournemouth,MID,1,16,4,0,1,0,2,0,0,0,0,0,0,0,12,21.2,10.0,0.0,3.1,1,2,1,4,0,0.0,0.0,0.0,0.4,False,4,3,93
94,Sadi,Bournemouth,MID,1,0,0,0,0,0,0,0,0,0,0,0,0,0,0,0.0,0.0,0.0,0.0,0,0,0,0,0,0.0,0.0,0.0,0.0,False,4,3,94
95,Silcott-Duberry,Bournemouth,MID,1,0,0,0,0,0,0,0,0,0,0,0,0,0,0,0.0,0.0,0.0,0.0,0,0,0,0,0,0.0,0.0,0.0,0.0,False,4,3,95
96,Winterburn,Bournemouth,MID,1,6,1,0,0,0,2,0,0,0,0,0,0,0,3,0.0,0.0,0.0,0.0,0,0,0,0,0,0.0,0.0,0.0,0.31,False,4,3,96
97,Evanilson,Bournemouth,FWD,1,90,1,0,0,0,4,0,0,0,1,0,0,0,-1,0.0,0.6,17.0,1.6,3,2,0,5,1,0.29,0.0,0.29,2.21,False,4,4,97
98,Enes Ünal,Bournemouth,FWD,1,0,0,0,0,0,0,0,0,0,0,0,0,0,0,0.0,0.0,0.0,0.0,0,0,0,0,0,0.0,0.0,0.0,0.0,False,4,4,98
99,Adu-Adjei,Bournemouth,FWD,1,0,0,0,0,0,0,0,0,0,0,0,0,0,0,0.0,0.0,0.0,0.0,0,0,0,0,0,0.0,0.0,0.0,0.0,False,4,4,99
100,Kroupi.Jr,Bournemouth,FWD,1,1,1,0,0,0,1,0,0,0,0,0,0,0,2,0.0,0.0,0.0,0.0,0,0,0,0,0,0.0,0.0,0.0,0.11,False,4,4,100
101,Kelleher,Brentford,GK,1,90,1,0,0,0,3,0,0,0,0,0,2,0,4,11.8,0.0,0.0,1.2,4,14,0,0,1,0.0,0.0,0.0,1.86,False,5,1,101
102,Balcombe,Brentford,GK,1,0,0,0,0,0,0,0,0,0,0,0,0,0,0,0.0,0.0,0.0,0.0,0,0,0,0,0,0.0,0.0,0.0,0.0,False,5,1,102
103,Cox,Brentford,GK,1,0,0,0,0,0,0,0,0,0,0,0,0,0,0,0.0,0.0,0.0,0.0,0,0,0,0,0,0.0,0.0,0.0,0.0,False,5,1,103
104,Eyestone,Brentford,GK,1,0,0,0,0,0,0,0,0,0,0,0,0,0,0,0.0,0.0,0.0,0.0,0,0,0,0,0,0.0,0.0,0.0,0.0,False,5,1,104
105,Valdimarsson,Brentford,GK,1,0,0,0,0,0,0,0,0,0,0,0,0,0,0,0.0,0.0,0.0,0.0,0,0,0,0,0,0.0,0.0,0.0,0.0,False,5,1,105
106,Collins,Brentford,DEF,1,90,0,0,0,0,3,0,0,0,1,0,0,0,0,9.8,0.2,5.0,1.5,5,5,0,5,1,0.02,0.0,0.02,1.86,False,5,2,106
107,Lewis-Potter,Brentford,DEF,1,68,1,0,0,0,3,0,0,0,0,0,0,0,-8,5.4,4.5,7.0,1.7,3,2,2,5,1,0.12,0.0,0.12,1.86,False,5,2,107
108,Ajer,Brentford,DEF,1,0,0,0,0,0,0,0,0,0,0,0,0,0,0,0.0,0.0,0.0,0.0,0,0,0,0,0,0.0,0.0,0.0,0.0,False,5,2,108
109,Henry,Brentford,DEF,1,87,1,0,0,0,3,0,0,0,0,0,0,0,1,8.6,11.5,6.0,2.6,2,2,1,3,1,0.0,0.04,0.04,1.86,False,5,2,109
110,Kayode,Brentford,DEF,1,90,1,0,0,0,3,0,0,0,0,0,0,0,3,17.8,20.5,0.0,3.8,4,2,2,6,1,0.0,0.08,0.08,1.86,False,5,2,110
111,Pinnock,Brentford,DEF,1,0,0,0,0,0,0,0,0,0,0,0,0,0,0,0.0,0.0,0.0,0.0,0,0,0,0,0,0.0,0.0,0.0,0.0,False,5,2,111
112,Roerslev,Brentford,DEF,1,0,0,0,0,0,0,0,0,0,0,0,0,0,0,0.0,0.0,0.0,0.0,0,0,0,0,0,0.0,0.0,0.0,0.0,False,5,2,112
113,Van den Berg,Brentford,DEF,1,90,3,0,0,0,3,0,0,0,0,0,0,0,6,34.4,0.6,24.0,5.9,12,4,2,14,1,0.21,0.0,0.21,1.86,False,5,2,113
114,Arthur,Brentford,DEF,1,0,0,0,0,0,0,0,0,0,0,0,0,0,0,0.0,0.0,0.0,0.0,0,0,0,0,0,0.0,0.0,0.0,0.0,False,5,2,114
115,Fredrick,Brentford,DEF,1,0,0,0,0,0,0,0,0,0,0,0,0,0,0,0.0,0.0,0.0,0.0,0,0,0,0,0,0.0,0.0,0.0,0.0,False,5,2,115
116,Hickey,Brentford,DEF,1,2,0,0,0,0,0,0,0,0,1,0,0,0,1,2.0,0.0,0.0,0.2,1,0,1,2,0,0.0,0.0,0.0,0.0,False,5,2,116
117,Ji-soo,Brentford,DEF,1,0,0,0,0,0,0,0,0,0,0,0,0,0,0,0.0,0.0,0.0,0.0,0,0,0,0,0,0.0,0.0,0.0,0.0,False,5,2,117
118,Meghoma,Brentford,DEF,1,0,0,0,0,0,0,0,0,0,0,0,0,0,0,0.0,0.0,0.0,0.0,0,0,0,0,0,0.0,0.0,0.0,0.0,False,5,2,118
119,Mbeumo,Man Utd,MID,1,90,2,0,0,0,1,0,0,0,0,0,0,0,17,10.6,21.4,49.0,8.1,1,5,0,6,1,0.42,0.05,0.47,1.31,False,14,3,119
120,Schade,Brentford,MID,1,45,1,0,0,0,0,0,0,0,0,0,0,0,1,4.6,0.9,6.0,1.2,2,3,2,7,0,0.0,0.04,0.04,0.37,False,5,3,120
121,Damsgaard,Brentford,MID,1,0,0,0,0,0,0,0,0,0,0,0,0,0,0,0.0,0.0,0.0,0.0,0,0,0,0,0,0.0,0.0,0.0,0.0,False,5,3,121
122,Milambo,Brentford,MID,1,45,1,0,0,0,3,0,0,0,0,0,0,0,5,4.0,1.8,0.0,0.6,0,2,2,4,1,0.0,0.01,0.01,1.49,False,5,3,122
123,Carvalho,Brentford,MID,1,90,2,0,0,0,3,0,0,0,0,0,0,0,7,5.4,5.0,3.0,1.3,0,4,3,7,1,0.03,0.03,0.06,1.86,False,5,3,123
124,Henderson,Brentford,MID,1,21,1,0,0,0,0,0,0,0,0,0,0,0,2,0.0,1.1,0.0,0.1,0,3,0,3,0,0.0,0.0,0.0,0.0,False,5,3,124
125,Janelt,Brentford,MID,1,0,0,0,0,0,0,0,0,0,0,0,0,0,0,0.0,0.0,0.0,0.0,0,0,0,0,0,0.0,0.0,0.0,0.0,False,5,3,125
126,Jensen,Brentford,MID,1,68,2,0,0,0,3,0,0,0,0,0,0,0,10,9.0,25.4,8.0,4.2,2,1,2,5,1,0.13,0.03,0.16,1.86,False,5,3,126
127,Nunes,Brentford,MID,1,0,0,0,0,0,0,0,0,0,0,0,0,0,0,0.0,0.0,0.0,0.0,0,0,0,0,0,0.0,0.0,0.0,0.0,False,5,3,127
128,Onyeka,Brentford,MID,1,21,4,0,1,0,0,0,0,0,0,0,0,0,9,0.0,0.1,2.0,0.1,0,1,0,1,0,0.0,0.0,0.0,0.0,False,5,3,128
129,Yarmoliuk,Brentford,MID,1,90,2,0,0,0,3,0,0,0,0,0,0,0,10,3.6,10.8,7.0,2.1,0,9,0,9,1,0.08,0.01,0.09,1.86,False,5,3,129
130,Donovan,Brentford,MID,1,0,0,0,0,0,0,0,0,0,0,0,0,0,0,0.0,0.0,0.0,0.0,0,0,0,0,0,0.0,0.0,0.0,0.0,False,5,3,130
131,Konak,Brentford,MID,1,0,0,0,0,0,0,0,0,0,0,0,0,0,0,0.0,0.0,0.0,0.0,0,0,0,0,0,0.0,0.0,0.0,0.0,False,5,3,131
132,Maghoma,Brentford,MID,1,0,0,0,0,0,0,0,0,0,0,0,0,0,0,0.0,0.0,0.0,0.0,0,0,0,0,0,0.0,0.0,0.0,0.0,False,5,3,132
133,Peart-Harris,Brentford,MID,1,0,0,0,0,0,0,0,0,0,0,0,0,0,0,0.0,0.0,0.0,0.0,0,0,0,0,0,0.0,0.0,0.0,0.0,False,5,3,133
134,Trevitt,Brentford,MID,1,0,0,0,0,0,0,0,0,0,0,0,0,0,0,0.0,0.0,0.0,0.0,0,0,0,0,0,0.0,0.0,0.0,0.0,False,5,3,134
135,Wissa,Brentford,FWD,1,0,0,0,0,0,0,0,0,0,0,0,0,0,0,0.0,0.0,0.0,0.0,0,0,0,0,0,0.0,0.0,0.0,0.0,False,5,4,135
136,Thiago,Brentford,FWD,1,90,6,1,0,0,3,0,0,0,0,0,0,0,17,36.4,10.7,22.0,6.9,1,0,1,2,1,0.91,0.01,0.92,1.86,False,5,4,136
137,Morgan,Brentford,FWD,1,0,0,0,0,0,0,0,0,0,0,0,0,0,0,0.0,0.0,0.0,0.0,0,0,0,0,0,0.0,0.0,0.0,0.0,False,5,4,137
138,Steele,Brighton,GK,1,0,0,0,0,0,0,0,0,0,0,0,0,0,0,0.0,0.0,0.0,0.0,0,0,0,0,0,0.0,0.0,0.0,0.0,False,6,1,138
139,Verbruggen,Brighton,GK,1,90,2,0,0,0,1,0,0,0,0,0,1,0,9,14.4,0.0,0.0,1.4,1,6,0,0,1,0.0,0.0,0.0,0.76,False,6,1,139
140,McGill,Brighton,GK,1,0,0,0,0,0,0,0,0,0,0,0,0,0,0,0.0,0.0,0.0,0.0,0,0,0,0,0,0.0,0.0,0.0,0.0,False,6,1,140
141,Rushworth,Brighton,GK,1,0,0,0,0,0,0,0,0,0,0,0,0,0,0,0.0,0.0,0.0,0.0,0,0,0,0,0,0.0,0.0,0.0,0.0,False,6,1,141
142,Scherpen,Brighton,GK,1,0,0,0,0,0,0,0,0,0,0,0,0,0,0,0.0,0.0,0.0,0.0,0,0,0,0,0,0.0,0.0,0.0,0.0,False,6,1,142
143,Boscagli,Brighton,DEF,1,0,0,0,0,0,0,0,0,0,0,0,0,0,0,0.0,0.0,0.0,0.0,0,0,0,0,0,0.0,0.0,0.0,0.0,False,6,2,143
144,Coppola,Brighton,DEF,1,0,0,0,0,0,0,0,0,0,0,0,0,0,0,0.0,0.0,0.0,0.0,0,0,0,0,0,0.0,0.0,0.0,0.0,False,6,2,144
145,De Cuyper,Brighton,DEF,1,90,2,0,0,0,1,0,0,0,0,0,0,0,8,15.0,26.7,4.0,4.6,4,3,2,6,1,0.0,0.09,0.09,0.76,False,6,2,145
146,Dunk,Brighton,DEF,1,90,2,0,0,0,1,0,0,0,0,0,0,0,16,16.6,1.8,7.0,2.5,7,5,1,8,1,0.09,0.0,0.09,0.76,False,6,2,146
147,Estupiñan,Brighton,DEF,1,0,0,0,0,0,0,0,0,0,0,0,0,0,0,0.0,0.0,0.0,0.0,0,0,0,0,0,0.0,0.0,0.0,0.0,False,6,2,147
148,F.Kadıoğlu,Brighton,DEF,1,21,0,0,0,0,1,0,0,0,1,0,0,0,-5,0.0,1.3,0.0,0.1,1,0,0,1,0,0.0,0.0,0.0,0.24,False,6,2,148
149,Igor,Brighton,DEF,1,0,0,0,0,0,0,0,0,0,0,0,0,0,0,0.0,0.0,0.0,0.0,0,0,0,0,0,0.0,0.0,0.0,0.0,False,6,2,149
150,Lamptey,Brighton,DEF,1,0,0,0,0,0,0,0,0,0,0,0,0,0,0,0.0,0.0,0.0,0.0,0,0,0,0,0,0.0,0.0,0.0,0.0,False,6,2,150
151,Van Hecke,Brighton,DEF,1,90,2,0,0,0,1,0,0,0,0,0,0,0,15,28.0,1.3,0.0,2.9,7,4,1,8,1,0.0,0.13,0.13,0.76,False,6,2,151
152,Veltman,Brighton,DEF,1,0,0,0,0,0,0,0,0,0,0,0,0,0,0,0.0,0.0,0.0,0.0,0,0,0,0,0,0.0,0.0,0.0,0.0,False,6,2,152
153,Webster,Brighton,DEF,1,0,0,0,0,0,0,0,0,0,0,0,0,0,0,0.0,0.0,0.0,0.0,0,0,0,0,0,0.0,0.0,0.0,0.0,False,6,2,153
154,Cashin,Brighton,DEF,1,0,0,0,0,0,0,0,0,0,0,0,0,0,0,0.0,0.0,0.0,0.0,0,0,0,0,0,0.0,0.0,0.0,0.0,False,6,2,154
155,Slater,Brighton,DEF,1,0,0,0,0,0,0,0,0,0,0,0,0,0,0,0.0,0.0,0.0,0.0,0,0,0,0,0,0.0,0.0,0.0,0.0,False,6,2,155
156,Tasker,Brighton,DEF,1,0,0,0,0,0,0,0,0,0,0,0,0,0,0,0.0,0.0,0.0,0.0,0,0,0,0,0,0.0,0.0,0.0,0.0,False,6,2,156
157,Mitoma,Brighton,MID,1,82,2,0,0,1,0,0,0,0,1,0,0,0,-2,0.0,2.4,8.0,0.6,0,0,0,0,1,0.07,0.04,0.11,0.52,False,6,3,157
158,Georginio,Brighton,MID,1,68,6,0,1,1,0,0,0,0,0,0,0,0,15,2.2,1.2,15.0,1.8,0,1,1,2,1,0.07,0.0,0.07,0.52,False,6,3,158
159,March,Brighton,MID,1,0,0,0,0,0,0,0,0,0,0,0,0,0,0,0.0,0.0,0.0,0.0,0,0,0,0,0,0.0,0.0,0.0,0.0,False,6,3,159
160,Minteh,Brighton,MID,1,68,3,0,0,1,0,0,0,0,0,0,0,0,7,0.4,2.9,12.0,1.5,1,3,0,4,1,0.09,0.02,0.11,0.52,False,6,3,160
161,Enciso,Brighton,MID,1,0,0,0,0,0,0,0,0,0,0,0,0,0,0,0.0,0.0,0.0,0.0,0,0,0,0,0,0.0,0.0,0.0,0.0,False,6,3,161
162,Gruda,Brighton,MID,1,7,1,0,0,0,1,0,0,0,0,0,0,0,-2,0.2,0.3,4.0,0.5,0,1,1,2,0,0.31,0.0,0.31,0.24,False,6,3,162
163,Hinshelwood,Brighton,MID,1,0,0,0,0,0,0,0,0,0,0,0,0,0,0,0.0,0.0,0.0,0.0,0,0,0,0,0,0.0,0.0,0.0,0.0,False,6,3,163
164,O'Riley,Brighton,MID,1,87,10,1,0,1,0,0,0,0,0,0,0,2,24,45.8,44.3,25.0,11.5,0,0,3,3,1,0.79,0.14,0.93,0.52,True,6,3,164
165,Sima,Brighton,MID,1,0,0,0,0,0,0,0,0,0,0,0,0,0,0,0.0,0.0,0.0,0.0,0,0,0,0,0,0.0,0.0,0.0,0.0,False,6,3,165
166,Ayari,Brighton,MID,1,90,3,0,0,0,1,0,0,0,0,0,0,1,20,7.2,3.2,2.0,1.2,3,6,1,10,1,0.0,0.12,0.12,0.76,False,6,3,166
167,Baleba,Brighton,MID,1,68,3,0,0,1,0,0,0,0,0,0,0,0,10,4.0,11.9,1.0,1.7,4,6,1,11,1,0.02,0.01,0.03,0.52,False,6,3,167
168,Buonanotte,Brighton,MID,1,0,0,0,0,0,0,0,0,0,0,0,0,0,0,0.0,0.0,0.0,0.0,0,0,0,0,0,0.0,0.0,0.0,0.0,False,6,3,168
169,Gomez,Brighton,MID,1,21,0,0,0,0,1,0,0,0,1,0,0,0,7,7.6,11.3,7.0,2.6,1,2,2,5,0,0.03,0.03,0.06,0.24,False,6,3,169
170,Milner,Brighton,MID,1,2,1,0,0,0,1,0,0,0,0,0,0,0,3,0.0,0.1,0.0,0.0,0,0,0,0,0,0.0,0.0,0.0,0.24,False,6,3,170
171,Sarmiento,Brighton,MID,1,0,0,0,0,0,0,0,0,0,0,0,0,0,0,0.0,0.0,0.0,0.0,0,0,0,0,0,0.0,0.0,0.0,0.0,False,6,3,171
172,Watson,Brighton,MID,1,0,0,0,0,0,0,0,0,0,0,0,0,0,0,0.0,0.0,0.0,0.0,0,0,0,0,0,0.0,0.0,0.0,0.0,False,6,3,172
173,Wieffer,Brighton,MID,1,90,4,0,0,0,1,0,0,0,0,0,0,0,17,24.8,2.8,21.0,4.9,8,5,5,18,1,0.02,0.02,0.04,0.76,False,6,3,173
174,Yalcouye,Brighton,MID,1,0,0,0,0,0,0,0,0,0,0,0,0,0,0,0.0,0.0,0.0,0.0,0,0,0,0,0,0.0,0.0,0.0,0.0,False,6,3,174
175,Knight,Brighton,MID,1,0,0,0,0,0,0,0,0,0,0,0,0,0,0,0.0,0.0,0.0,0.0,0,0,0,0,0,0.0,0.0,0.0,0.0,False,6,3,175
176,Mazilu,Brighton,MID,1,0,0,0,0,0,0,0,0,0,0,0,0,0,0,0.0,0.0,0.0,0.0,0,0,0,0,0,0.0,0.0,0.0,0.0,False,6,3,176
177,Moran,Brighton,MID,1,0,0,0,0,0,0,0,0,0,0,0,0,0,0,0.0,0.0,0.0,0.0,0,0,0,0,0,0.0,0.0,0.0,0.0,False,6,3,177
178,Welbeck,Brighton,FWD,1,21,1,0,0,0,1,0,0,0,0,0,0,0,3,2.2,0.6,2.0,0.5,0,0,1,1,0,0.0,0.0,0.0,0.24,False,6,4,178
179,Ferguson,Brighton,FWD,1,0,0,0,0,0,0,0,0,0,0,0,0,0,0,0.0,0.0,0.0,0.0,0,0,0,0,0,0.0,0.0,0.0,0.0,False,6,4,179
180,Tzimas,Brighton,FWD,1,0,0,0,0,0,0,0,0,0,0,0,0,0,0,0.0,0.0,0.0,0.0,0,0,0,0,0,0.0,0.0,0.0,0.0,False,6,4,180
181,Kostoulas,Brighton,FWD,1,0,0,0,0,0,0,0,0,0,0,0,0,0,0,0.0,0.0,0.0,0.0,0,0,0,0,0,0.0,0.0,0.0,0.0,False,6,4,181
182,Trafford,Man City,GK,1,90,7,0,0,1,0,0,0,0,0,0,3,0,31,28.8,0.0,0.0,2.9,2,10,0,0,1,0.0,0.0,0.0,0.56,False,13,1,182
183,Weiss,Burnley,GK,1,0,0,0,0,0,0,0,0,0,0,0,0,0,0,0.0,0.0,0.0,0.0,0,0,0,0,0,0.0,0.0,0.0,0.0,False,3,1,183
184,Green,Burnley,GK,1,0,0,0,0,0,0,0,0,0,0,0,0,0,0,0.0,0.0,0.0,0.0,0,0,0,0,0,0.0,0.0,0.0,0.0,False,3,1,184
185,Hladký,Burnley,GK,1,0,0,0,0,0,0,0,0,0,0,0,0,0,0,0.0,0.0,0.0,0.0,0,0,0,0,0,0.0,0.0,0.0,0.0,False,3,1,185
186,Roberts,Burnley,DEF,1,0,0,0,0,0,0,0,0,0,0,0,0,0,0,0.0,0.0,0.0,0.0,0,0,0,0,0,0.0,0.0,0.0,0.0,False,3,2,186
187,Walker,Burnley,DEF,1,90,1,0,0,0,3,0,0,0,0,0,0,0,-3,8.2,0.9,1.0,1.0,5,4,0,5,1,0.01,0.02,0.03,2.32,False,3,2,187
188,Delcroix,Burnley,DEF,1,0,0,0,0,0,0,0,0,0,0,0,0,0,0,0.0,0.0,0.0,0.0,0,0,0,0,0,0.0,0.0,0.0,0.0,False,3,2,188
189,Dodgson,Burnley,DEF,1,0,0,0,0,0,0,0,0,0,0,0,0,0,0,0.0,0.0,0.0,0.0,0,0,0,0,0,0.0,0.0,0.0,0.0,False,3,2,189
190,Ekdal,Burnley,DEF,1,90,1,0,0,0,3,0,0,0,0,0,0,0,-5,9.8,0.5,8.0,1.8,5,1,0,5,1,0.0,0.0,0.0,2.32,False,3,2,190
191,Estève,Burnley,DEF,1,90,1,0,0,0,3,0,0,0,0,0,0,0,0,19.4,0.5,17.0,3.7,8,2,0,8,1,0.05,0.0,0.05,2.32,False,3,2,191
192,Hartman,Burnley,DEF,1,90,1,0,0,0,3,0,0,0,0,0,0,0,-2,13.4,11.7,2.0,2.7,5,2,1,6,1,0.0,0.04,0.04,2.32,False,3,2,192
193,Humphreys,Burnley,DEF,1,0,0,0,0,0,0,0,0,0,0,0,0,0,0,0.0,0.0,0.0,0.0,0,0,0,0,0,0.0,0.0,0.0,0.0,False,3,2,193
194,Jordan,Burnley,DEF,1,0,0,0,0,0,0,0,0,0,0,0,0,0,0,0.0,0.0,0.0,0.0,0,0,0,0,0,0.0,0.0,0.0,0.0,False,3,2,194
195,Lucas Pires,Burnley,DEF,1,0,0,0,0,0,0,0,0,0,0,0,0,0,0,0.0,0.0,0.0,0.0,0,0,0,0,0,0.0,0.0,0.0,0.0,False,3,2,195
196,Sambo,Burnley,DEF,1,0,0,0,0,0,0,0,0,0,0,0,0,0,0,0.0,0.0,0.0,0.0,0,0,0,0,0,0.0,0.0,0.0,0.0,False,3,2,196
197,Sonne,Burnley,DEF,1,73,1,0,0,0,3,0,0,0,0,0,0,0,-4,4.6,15.9,6.0,2.7,0,1,0,0,1,0.03,0.08,0.11,2.09,False,3,2,197
198,Tuanzebe,Burnley,DEF,1,0,0,0,0,0,0,0,0,0,0,0,0,0,0,0.0,0.0,0.0,0.0,0,0,0,0,0,0.0,0.0,0.0,0.0,False,3,2,198
199,Worrall,Burnley,DEF,1,0,0,0,0,0,0,0,0,0,0,0,0,0,0,0.0,0.0,0.0,0.0,0,0,0,0,0,0.0,0.0,0.0,0.0,False,3,2,199
200,Anthony,Burnley,MID,1,84,2,0,0,0,3,0,0,0,0,0,0,0,9,7.0,26.2,32.0,6.5,0,4,0,4,1,0.44,0.36,0.8,2.32,False,3,3,200
201,Benson,Burnley,MID,1,0,0,0,0,0,0,0,0,0,0,0,0,0,0,0.0,0.0,0.0,0.0,0,0,0,0,0,0.0,0.0,0.0,0.0,False,3,3,201
202,Bruun Larsen,Burnley,MID,1,27,1,0,0,0,1,0,0,0,0,0,0,0,2,3.6,0.7,8.0,1.2,1,1,0,2,0,0.0,0.01,0.01,0.91,False,3,3,202
203,Boateng,Burnley,MID,1,0,0,0,0,0,0,0,0,0,0,0,0,0,0,0.0,0.0,0.0,0.0,0,0,0,0,0,0.0,0.0,0.0,0.0,False,3,3,203
204,Churlinov,Burnley,MID,1,0,0,0,0,0,0,0,0,0,0,0,0,0,0,0.0,0.0,0.0,0.0,0,0,0,0,0,0.0,0.0,0.0,0.0,False,3,3,204
205,Cullen,Burnley,MID,1,90,4,0,0,0,3,0,0,0,0,0,0,0,21,23.8,59.4,0.0,8.3,5,4,3,12,1,0.0,0.28,0.28,2.32,False,3,3,205
206,Edwards,Burnley,MID,1,5,1,0,0,0,0,0,0,0,0,0,0,0,3,0.0,0.0,0.0,0.0,0,0,0,0,0,0.0,0.0,0.0,0.0,False,3,3,206
207,Hannibal,Burnley,MID,1,62,2,0,0,0,2,0,0,0,0,0,0,0,8,0.0,1.7,5.0,0.6,0,1,0,1,1,0.03,0.01,0.04,1.41,False,3,3,207
208,Koleosho,Burnley,MID,1,0,0,0,0,0,0,0,0,0,0,0,0,0,0,0.0,0.0,0.0,0.0,0,0,0,0,0,0.0,0.0,0.0,0.0,False,3,3,208
209,Laurent,Burnley,MID,1,62,2,0,0,0,2,0,0,0,0,0,0,0,11,10.6,11.2,20.0,4.2,2,3,1,6,1,0.11,0.13,0.24,1.41,False,3,3,209
210,Tchaouna,Burnley,MID,1,16,1,0,0,0,0,0,0,0,0,0,0,0,4,3.2,0.8,0.0,0.4,0,1,1,2,0,0.0,0.01,0.01,0.23,False,3,3,210
211,A.Ramsey,Burnley,MID,1,0,0,0,0,0,0,0,0,0,0,0,0,0,0,0.0,0.0,0.0,0.0,0,0,0,0,0,0.0,0.0,0.0,0.0,False,3,3,211
212,Adewumi,Burnley,MID,1,0,0,0,0,0,0,0,0,0,0,0,0,0,0,0.0,0.0,0.0,0.0,0,0,0,0,0,0.0,0.0,0.0,0.0,False,3,3,212
213,Banel,Burnley,MID,1,0,0,0,0,0,0,0,0,0,0,0,0,0,0,0.0,0.0,0.0,0.0,0,0,0,0,0,0.0,0.0,0.0,0.0,False,3,3,213
214,Trésor,Burnley,MID,1,0,0,0,0,0,0,0,0,0,0,0,0,0,0,0.0,0.0,0.0,0.0,0,0,0,0,0,0.0,0.0,0.0,0.0,False,3,3,214
215,Flemming,Burnley,FWD,1,16,1,0,0,0,0,0,0,0,0,0,0,0,3,0.0,0.0,0.0,0.0,0,0,0,0,0,0.0,0.0,0.0,0.23,False,3,4,215
216,Amdouni,Burnley,FWD,1,0,0,0,0,0,0,0,0,0,0,0,0,0,0,0.0,0.0,0.0,0.0,0,0,0,0,0,0.0,0.0,0.0,0.0,False,3,4,216
217,Foster,Burnley,FWD,1,73,2,0,0,0,3,0,0,0,0,0,0,0,6,4.8,22.7,10.0,3.8,2,1,0,3,1,0.22,0.04,0.26,2.09,False,3,4,217
218,Barnes,Burnley,FWD,1,0,0,0,0,0,0,0,0,0,0,0,0,0,0,0.0,0.0,0.0,0.0,0,0,0,0,0,0.0,0.0,0.0,0.0,False,3,4,218
219,Obafemi,Burnley,FWD,1,0,0,0,0,0,0,0,0,0,0,0,0,0,0,0.0,0.0,0.0,0.0,0,0,0,0,0,0.0,0.0,0.0,0.0,False,3,4,219
220,Sánchez,Chelsea,GK,1,90,8,0,0,1,0,0,0,0,0,0,4,1,31,24.4,0.0,0.0,2.4,1,8,0,0,1,0.0,0.0,0.0,0.66,False,7,1,220
221,Jörgensen,Chelsea,GK,1,0,0,0,0,0,0,0,0,0,0,0,0,0,0,0.0,0.0,0.0,0.0,0,0,0,0,0,0.0,0.0,0.0,0.0,False,7,1,221
222,Penders,Chelsea,GK,1,0,0,0,0,0,0,0,0,0,0,0,0,0,0,0.0,0.0,0.0,0.0,0,0,0,0,0,0.0,0.0,0.0,0.0,False,7,1,222
223,Slonina,Chelsea,GK,1,0,0,0,0,0,0,0,0,0,0,0,0,0,0,0.0,0.0,0.0,0.0,0,0,0,0,0,0.0,0.0,0.0,0.0,False,7,1,223
224,Cucurella,Chelsea,DEF,1,90,8,0,0,1,0,0,0,0,0,0,0,2,34,11.6,15.8,13.0,4.0,2,4,2,4,1,0.11,0.1,0.21,0.66,False,7,2,224
225,James,Chelsea,DEF,1,78,5,0,0,1,0,0,0,0,1,0,0,0,29,17.0,46.6,0.0,6.4,6,6,1,7,1,0.0,0.19,0.19,0.61,False,7,2,225
226,Chalobah,Chelsea,DEF,1,90,6,0,0,1,0,0,0,0,0,0,0,0,25,21.4,4.9,4.0,3.0,9,3,0,9,1,0.09,0.03,0.12,0.66,False,7,2,226
227,Colwill,Chelsea,DEF,1,0,0,0,0,0,0,0,0,0,0,0,0,0,0,0.0,0.0,0.0,0.0,0,0,0,0,0,0.0,0.0,0.0,0.0,False,7,2,227
228,Gusto,Chelsea,DEF,1,11,1,0,0,0,0,0,0,0,0,0,0,0,2,0.0,1.3,1.0,0.2,0,0,0,0,0,0.02,0.0,0.02,0.05,False,7,2,228
229,B.Badiashile,Chelsea,DEF,1,0,0,0,0,0,0,0,0,0,0,0,0,0,0,0.0,0.0,0.0,0.0,0,0,0,0,0,0.0,0.0,0.0,0.0,False,7,2,229
230,Fofana,Chelsea,DEF,1,0,0,0,0,0,0,0,0,0,0,0,0,0,0,0.0,0.0,0.0,0.0,0,0,0,0,0,0.0,0.0,0.0,0.0,False,7,2,230
231,M.Sarr,Chelsea,DEF,1,0,0,0,0,0,0,0,0,0,0,0,0,0,0,0.0,0.0,0.0,0.0,0,0,0,0,0,0.0,0.0,0.0,0.0,False,7,2,231
232,Tosin,Chelsea,DEF,1,0,0,0,0,0,0,0,0,0,0,0,0,0,0,0.0,0.0,0.0,0.0,0,0,0,0,0,0.0,0.0,0.0,0.0,False,7,2,232
233,Acheampong,Chelsea,DEF,1,90,9,0,0,1,0,0,0,0,0,0,0,3,35,16.2,2.3,10.0,2.9,6,4,2,8,1,0.09,0.01,0.1,0.66,False,7,2,233
234,Anselmino,Chelsea,DEF,1,0,0,0,0,0,0,0,0,0,0,0,0,0,0,0.0,0.0,0.0,0.0,0,0,0,0,0,0.0,0.0,0.0,0.0,False,7,2,234
235,Palmer,Chelsea,MID,1,90,3,0,0,1,0,0,0,0,0,0,0,0,10,4.8,16.9,23.0,4.5,0,4,1,5,1,0.17,0.03,0.2,0.66,False,7,3,235
236,Neto,Chelsea,MID,1,90,3,0,0,1,0,0,0,0,0,0,0,0,18,13.8,37.7,10.0,6.2,1,4,1,6,1,0.03,0.36,0.39,0.66,False,7,3,236
237,Enzo,Chelsea,MID,1,78,3,0,0,1,0,0,0,0,0,0,0,0,11,3.6,16.5,2.0,2.2,0,0,0,0,1,0.0,0.1,0.1,0.61,False,7,3,237
238,Estêvão,Chelsea,MID,1,36,0,0,0,0,0,0,0,0,1,0,0,0,-3,1.2,4.9,8.0,1.4,1,2,0,3,0,0.34,0.37,0.71,0.07,False,7,3,238
239,Gittens,Chelsea,MID,1,53,1,0,0,0,0,0,0,0,0,0,0,0,2,7.2,22.8,8.0,3.8,1,1,1,3,1,0.07,0.07,0.14,0.59,False,7,3,239
240,Nkunku,Chelsea,MID,1,0,0,0,0,0,0,0,0,0,0,0,0,0,0,0.0,0.0,0.0,0.0,0,0,0,0,0,0.0,0.0,0.0,0.0,False,7,3,240
241,Caicedo,Chelsea,MID,1,90,5,0,0,1,0,0,0,0,0,0,0,0,18,31.2,3.9,2.0,3.7,6,1,5,12,1,0.04,0.04,0.08,0.66,False,7,3,241
242,Dewsbury-Hall,Everton,MID,1,90,2,0,0,0,1,0,0,0,0,0,0,0,15,12.6,27.4,2.0,4.2,2,2,2,6,1,0.0,0.24,0.24,2.07,False,9,3,242
243,George,Chelsea,MID,1,0,0,0,0,0,0,0,0,0,0,0,0,0,0,0.0,0.0,0.0,0.0,0,0,0,0,0,0.0,0.0,0.0,0.0,False,7,3,243
244,Lavia,Chelsea,MID,1,0,0,0,0,0,0,0,0,0,0,0,0,0,0,0.0,0.0,0.0,0.0,0,0,0,0,0,0.0,0.0,0.0,0.0,False,7,3,244
245,Mudryk,Chelsea,MID,1,0,0,0,0,0,0,0,0,0,0,0,0,0,0,0.0,0.0,0.0,0.0,0,0,0,0,0,0.0,0.0,0.0,0.0,False,7,3,245
246,Andrey Santos,Chelsea,MID,1,11,1,0,0,0,0,0,0,0,0,0,0,0,1,0.4,0.3,21.0,2.2,0,0,0,0,0,0.31,0.0,0.31,0.05,False,7,3,246
247,D.Essugo,Chelsea,MID,1,0,0,0,0,0,0,0,0,0,0,0,0,0,0,0.0,0.0,0.0,0.0,0,0,0,0,0,0.0,0.0,0.0,0.0,False,7,3,247
248,Paez,Chelsea,MID,1,0,0,0,0,0,0,0,0,0,0,0,0,0,0,0.0,0.0,0.0,0.0,0,0,0,0,0,0.0,0.0,0.0,0.0,False,7,3,248
249,João Pedro,Chelsea,FWD,1,72,2,0,0,1,0,0,0,0,0,0,0,0,3,0.0,5.1,16.0,1.9,0,1,0,1,1,0.28,0.02,0.3,0.6,False,7,4,249
250,Delap,Chelsea,FWD,1,17,1,0,0,0,0,0,0,0,0,0,0,0,4,5.4,1.3,19.0,2.6,1,1,0,2,0,0.05,0.01,0.06,0.05,False,7,4,250
251,N.Jackson,Chelsea,FWD,1,0,0,0,0,0,0,0,0,0,0,0,0,0,0,0.0,0.0,0.0,0.0,0,0,0,0,0,0.0,0.0,0.0,0.0,False,7,4,251
252,Marc Guiu,Sunderland,FWD,1,0,0,0,0,0,0,0,0,0,0,0,0,0,0,0.0,0.0,0.0,0.0,0,0,0,0,0,0.0,0.0,0.0,0.0,False,17,4,252
253,Henderson,Crystal Palace,GK,1,90,6,0,0,1,0,0,0,0,0,0,2,0,27,22.4,10.0,0.0,3.2,2,5,0,0,1,0.0,0.0,0.0,1.6,False,8,1,253
254,Benitez,Crystal Palace,GK,1,0,0,0,0,0,0,0,0,0,0,0,0,0,0,0.0,0.0,0.0,0.0,0,0,0,0,0,0.0,0.0,0.0,0.0,False,8,1,254
255,Matthews,Crystal Palace,GK,1,0,0,0,0,0,0,0,0,0,0,0,0,0,0,0.0,0.0,0.0,0.0,0,0,0,0,0,0.0,0.0,0.0,0.0,False,8,1,255
256,Muñoz,Crystal Palace,DEF,1,90,5,0,0,1,0,0,0,0,1,0,0,0,17,10.0,0.4,6.0,1.6,6,2,2,8,1,0.05,0.0,0.05,1.6,False,8,2,256
257,Lacroix,Crystal Palace,DEF,1,90,8,0,0,1,0,0,0,0,0,0,0,0,25,30.8,0.1,0.0,3.1,13,2,3,16,1,0.0,0.0,0.0,1.6,False,8,2,257
258,Mitchell,Crystal Palace,DEF,1,90,9,0,0,1,0,0,0,0,0,0,0,1,31,26.0,0.3,0.0,2.6,6,5,5,11,1,0.0,0.0,0.0,1.6,False,8,2,258
259,Sosa,Crystal Palace,DEF,1,0,0,0,0,0,0,0,0,0,0,0,0,0,0,0.0,0.0,0.0,0.0,0,0,0,0,0,0.0,0.0,0.0,0.0,False,8,2,259
260,Guéhi,Crystal Palace,DEF,1,90,6,0,0,1,0,0,0,0,0,0,0,0,22,13.8,10.0,2.0,2.6,5,1,1,6,1,0.0,0.0,0.0,1.6,False,8,2,260
261,Richards,Crystal Palace,DEF,1,90,6,0,0,1,0,0,0,0,0,0,0,0,24,21.8,0.0,4.0,2.6,6,0,2,8,1,0.08,0.01,0.09,1.6,False,8,2,261
262,Chadi Riad,Crystal Palace,DEF,1,0,0,0,0,0,0,0,0,0,0,0,0,0,0,0.0,0.0,0.0,0.0,0,0,0,0,0,0.0,0.0,0.0,0.0,False,8,2,262
263,Clyne,Crystal Palace,DEF,1,0,0,0,0,0,0,0,0,0,0,0,0,0,0,0.0,0.0,0.0,0.0,0,0,0,0,0,0.0,0.0,0.0,0.0,False,8,2,263
264,Holding,Crystal Palace,DEF,1,0,0,0,0,0,0,0,0,0,0,0,0,0,0,0.0,0.0,0.0,0.0,0,0,0,0,0,0.0,0.0,0.0,0.0,False,8,2,264
265,Kporha,Crystal Palace,DEF,1,0,0,0,0,0,0,0,0,0,0,0,0,0,0,0.0,0.0,0.0,0.0,0,0,0,0,0,0.0,0.0,0.0,0.0,False,8,2,265
266,Eze,Crystal Palace,MID,1,83,3,0,0,1,0,0,0,0,0,0,0,0,10,7.2,2.6,26.0,3.6,1,5,1,7,1,0.24,0.0,0.24,1.22,False,8,3,266
267,Sarr,Crystal Palace,MID,1,90,3,0,0,1,0,0,0,0,0,0,0,0,16,10.0,15.5,0.0,2.6,4,3,0,7,1,0.0,0.01,0.01,1.6,False,8,3,267
268,Doucouré,Crystal Palace,MID,1,0,0,0,0,0,0,0,0,0,0,0,0,0,0,0.0,0.0,0.0,0.0,0,0,0,0,0,0.0,0.0,0.0,0.0,False,8,3,268
269,Esse,Crystal Palace,MID,1,0,0,0,0,0,0,0,0,0,0,0,0,0,0,0.0,0.0,0.0,0.0,0,0,0,0,0,0.0,0.0,0.0,0.0,False,8,3,269
270,Hughes,Crystal Palace,MID,1,69,2,0,0,1,0,0,0,0,1,0,0,0,7,14.4,0.1,0.0,1.5,6,3,0,9,1,0.0,0.0,0.0,1.22,False,8,3,270
271,Kamada,Crystal Palace,MID,1,0,0,0,0,0,0,0,0,0,0,0,0,0,0,0.0,0.0,0.0,0.0,0,0,0,0,0,0.0,0.0,0.0,0.0,False,8,3,271
272,Lerma,Crystal Palace,MID,1,20,1,0,0,0,0,0,0,0,0,0,0,0,3,1.0,1.0,2.0,0.4,1,2,0,3,0,0.0,0.0,0.0,0.38,False,8,3,272
273,Wharton,Crystal Palace,MID,1,90,3,0,0,1,0,0,0,0,0,0,0,0,14,14.6,22.3,0.0,3.7,2,4,0,6,1,0.0,0.05,0.05,1.6,False,8,3,273
274,Agbinone,Crystal Palace,MID,1,0,0,0,0,0,0,0,0,0,0,0,0,0,0,0.0,0.0,0.0,0.0,0,0,0,0,0,0.0,0.0,0.0,0.0,False,8,3,274
275,Ahamada,Crystal Palace,MID,1,0,0,0,0,0,0,0,0,0,0,0,0,0,0,0.0,0.0,0.0,0.0,0,0,0,0,0,0.0,0.0,0.0,0.0,False,8,3,275
276,Devenny,Crystal Palace,MID,1,6,1,0,0,0,0,0,0,0,0,0,0,0,5,3.0,0.0,2.0,0.5,1,0,1,2,0,0.0,0.0,0.0,0.38,False,8,3,276
277,Ebiowei,Crystal Palace,MID,1,0,0,0,0,0,0,0,0,0,0,0,0,0,0,0.0,0.0,0.0,0.0,0,0,0,0,0,0.0,0.0,0.0,0.0,False,8,3,277
278,J.Rak-Sakyi,Crystal Palace,MID,1,0,0,0,0,0,0,0,0,0,0,0,0,0,0,0.0,0.0,0.0,0.0,0,0,0,0,0,0.0,0.0,0.0,0.0,False,8,3,278
279,M.França,Crystal Palace,MID,1,0,0,0,0,0,0,0,0,0,0,0,0,0,0,0.0,0.0,0.0,0.0,0,0,0,0,0,0.0,0.0,0.0,0.0,False,8,3,279
280,Ozoh,Crystal Palace,MID,1,0,0,0,0,0,0,0,0,0,0,0,0,0,0,0.0,0.0,0.0,0.0,0,0,0,0,0,0.0,0.0,0.0,0.0,False,8,3,280
281,Rodney,Crystal Palace,MID,1,0,0,0,0,0,0,0,0,0,0,0,0,0,0,0.0,0.0,0.0,0.0,0,0,0,0,0,0.0,0.0,0.0,0.0,False,8,3,281
282,Umeh,Crystal Palace,MID,1,0,0,0,0,0,0,0,0,0,0,0,0,0,0,0.0,0.0,0.0,0.0,0,0,0,0,0,0.0,0.0,0.0,0.0,False,8,3,282
283,Mateta,Crystal Palace,FWD,1,90,1,0,0,1,0,0,0,0,1,0,0,0,7,16.0,0.8,26.0,4.3,5,3,1,9,1,0.29,0.0,0.29,1.6,False,8,4,283
284,Nketiah,Crystal Palace,FWD,1,0,0,0,0,0,0,0,0,0,0,0,0,0,0,0.0,0.0,0.0,0.0,0,0,0,0,0,0.0,0.0,0.0,0.0,False,8,4,284
285,Édouard,Crystal Palace,FWD,1,0,0,0,0,0,0,0,0,0,0,0,0,0,0,0.0,0.0,0.0,0.0,0,0,0,0,0,0.0,0.0,0.0,0.0,False,8,4,285
286,Marsh,Crystal Palace,FWD,1,0,0,0,0,0,0,0,0,0,0,0,0,0,0,0.0,0.0,0.0,0.0,0,0,0,0,0,0.0,0.0,0.0,0.0,False,8,4,286
287,Pickford,Everton,GK,1,90,2,0,0,0,1,0,0,0,0,0,2,0,12,21.2,0.0,0.0,2.1,3,8,0,0,1,0.0,0.0,0.0,2.07,False,9,1,287
288,Travers,Everton,GK,1,0,0,0,0,0,0,0,0,0,0,0,0,0,0,0.0,0.0,0.0,0.0,0,0,0,0,0,0.0,0.0,0.0,0.0,False,9,1,288
289,Tyrer,Everton,GK,1,0,0,0,0,0,0,0,0,0,0,0,0,0,0,0.0,0.0,0.0,0.0,0,0,0,0,0,0.0,0.0,0.0,0.0,False,9,1,289
290,Branthwaite,Everton,DEF,1,0,0,0,0,0,0,0,0,0,0,0,0,0,0,0.0,0.0,0.0,0.0,0,0,0,0,0,0.0,0.0,0.0,0.0,False,9,2,290
291,Tarkowski,Everton,DEF,1,90,4,0,0,0,1,0,0,0,0,0,0,0,7,31.0,2.1,7.0,4.0,13,3,2,15,1,0.2,0.01,0.21,2.07,False,9,2,291
292,Mykolenko,Everton,DEF,1,0,0,0,0,0,0,0,0,0,0,0,0,0,0,0.0,0.0,0.0,0.0,0,0,0,0,0,0.0,0.0,0.0,0.0,False,9,2,292
293,O'Brien,Everton,DEF,1,90,2,0,0,0,1,0,0,0,0,0,0,0,0,4.2,1.0,7.0,1.2,2,5,2,4,1,0.17,0.01,0.18,2.07,False,9,2,293
294,Coleman,Everton,DEF,1,0,0,0,0,0,0,0,0,0,0,0,0,0,0,0.0,0.0,0.0,0.0,0,0,0,0,0,0.0,0.0,0.0,0.0,False,9,2,294
295,Keane,Everton,DEF,1,90,2,0,0,0,1,0,0,0,0,0,0,0,10,19.8,0.4,4.0,2.4,7,4,0,7,1,0.0,0.0,0.0,2.07,False,9,2,295
296,Patterson,Everton,DEF,1,0,0,0,0,0,0,0,0,0,0,0,0,0,0,0.0,0.0,0.0,0.0,0,0,0,0,0,0.0,0.0,0.0,0.0,False,9,2,296
297,Dixon,Everton,DEF,1,0,0,0,0,0,0,0,0,0,0,0,0,0,0,0.0,0.0,0.0,0.0,0,0,0,0,0,0.0,0.0,0.0,0.0,False,9,2,297
298,Welch,Everton,DEF,1,0,0,0,0,0,0,0,0,0,0,0,0,0,0,0.0,0.0,0.0,0.0,0,0,0,0,0,0.0,0.0,0.0,0.0,False,9,2,298
299,Ndiaye,Everton,MID,1,90,2,0,0,0,1,0,0,0,0,0,0,0,11,12.6,12.1,2.0,2.7,1,6,2,9,1,0.0,0.02,0.02,2.07,False,9,3,299
300,McNeil,Everton,MID,1,0,0,0,0,0,0,0,0,0,0,0,0,0,0,0.0,0.0,0.0,0.0,0,0,0,0,0,0.0,0.0,0.0,0.0,False,9,3,300
301,Alcaraz,Everton,MID,1,85,1,0,0,0,1,0,0,0,1,0,0,0,8,7.6,2.4,21.0,3.1,1,4,1,6,1,0.03,0.01,0.04,1.87,False,9,3,301
302,Gana,Everton,MID,1,90,2,0,0,0,1,0,0,0,0,0,0,0,12,7.2,19.6,3.0,3.0,0,4,1,5,1,0.06,0.12,0.18,2.07,False,9,3,302
303,Garner,Everton,MID,1,90,2,0,0,0,1,0,0,0,0,0,0,0,16,16.4,3.2,2.0,2.2,4,3,2,9,1,0.03,0.01,0.04,2.07,False,9,3,303
304,Iroegbunam,Everton,MID,1,70,2,0,0,1,0,0,0,0,1,0,0,0,5,12.0,1.1,0.0,1.3,3,3,3,9,1,0.0,0.0,0.0,0.93,False,9,3,304
305,Armstrong,Everton,MID,1,0,0,0,0,0,0,0,0,0,0,0,0,0,0,0.0,0.0,0.0,0.0,0,0,0,0,0,0.0,0.0,0.0,0.0,False,9,3,305
306,Bates,Everton,MID,1,0,0,0,0,0,0,0,0,0,0,0,0,0,0,0.0,0.0,0.0,0.0,0,0,0,0,0,0.0,0.0,0.0,0.0,False,9,3,306
307,Ebere,Everton,MID,1,0,0,0,0,0,0,0,0,0,0,0,0,0,0,0.0,0.0,0.0,0.0,0,0,0,0,0,0.0,0.0,0.0,0.0,False,9,3,307
308,Heath,Everton,MID,1,0,0,0,0,0,0,0,0,0,0,0,0,0,0,0.0,0.0,0.0,0.0,0,0,0,0,0,0.0,0.0,0.0,0.0,False,9,3,308
309,Metcalfe,Everton,MID,1,0,0,0,0,0,0,0,0,0,0,0,0,0,0,0.0,0.0,0.0,0.0,0,0,0,0,0,0.0,0.0,0.0,0.0,False,9,3,309
310,Barry,Everton,FWD,1,4,1,0,0,0,0,0,0,0,0,0,0,0,3,0.0,1.0,2.0,0.3,0,0,0,0,0,0.0,0.0,0.0,0.2,False,9,4,310
311,Beto,Everton,FWD,1,90,2,0,0,0,1,0,0,0,0,0,0,0,7,10.2,2.8,7.0,2.0,3,1,1,5,1,0.06,0.01,0.07,2.07,False,9,4,311
312,Y.Chermiti,Everton,FWD,1,0,0,0,0,0,0,0,0,0,0,0,0,0,0,0.0,0.0,0.0,0.0,0,0,0,0,0,0.0,0.0,0.0,0.0,False,9,4,312
313,Sherif,Everton,FWD,1,0,0,0,0,0,0,0,0,0,0,0,0,0,0,0.0,0.0,0.0,0.0,0,0,0,0,0,0.0,0.0,0.0,0.0,False,9,4,313
314,Leno,Fulham,GK,1,90,3,0,0,0,1,0,0,0,0,0,3,0,15,23.6,0.0,0.0,2.4,1,10,0,0,1,0.0,0.0,0.0,1.48,False,10,1,314
315,Benda,Fulham,GK,1,0,0,0,0,0,0,0,0,0,0,0,0,0,0,0.0,0.0,0.0,0.0,0,0,0,0,0,0.0,0.0,0.0,0.0,False,10,1,315
316,Robinson,Fulham,DEF,1,0,0,0,0,0,0,0,0,0,0,0,0,0,0,0.0,0.0,0.0,0.0,0,0,0,0,0,0.0,0.0,0.0,0.0,False,10,2,316
317,Andersen,Fulham,DEF,1,90,2,0,0,0,1,0,0,0,0,0,0,0,14,16.4,1.0,4.0,2.1,5,1,3,8,1,0.0,0.01,0.01,1.48,False,10,2,317
318,Bassey,Fulham,DEF,1,90,1,0,0,0,1,0,0,0,1,0,0,0,3,12.4,1.6,0.0,1.4,2,4,2,4,1,0.0,0.01,0.01,1.48,False,10,2,318
319,Castagne,Fulham,DEF,1,6,1,0,0,0,0,0,0,0,0,0,0,0,3,0.2,0.7,2.0,0.3,0,0,0,0,0,0.0,0.0,0.0,0.4,False,10,2,319
320,Diop,Fulham,DEF,1,0,0,0,0,0,0,0,0,0,0,0,0,0,0,0.0,0.0,0.0,0.0,0,0,0,0,0,0.0,0.0,0.0,0.0,False,10,2,320
321,J.Cuenca,Fulham,DEF,1,83,2,0,0,0,1,0,0,0,0,0,0,0,10,9.6,1.2,4.0,1.5,2,4,1,3,1,0.0,0.01,0.01,1.07,False,10,2,321
322,Tete,Fulham,DEF,1,90,2,0,0,0,1,0,0,0,0,0,0,0,17,13.0,1.7,0.0,1.5,4,5,3,7,1,0.0,0.01,0.01,1.48,False,10,2,322
323,Amissah,Fulham,DEF,1,0,0,0,0,0,0,0,0,0,0,0,0,0,0,0.0,0.0,0.0,0.0,0,0,0,0,0,0.0,0.0,0.0,0.0,False,10,2,323
324,Iwobi,Fulham,MID,1,65,2,0,0,0,1,0,0,0,0,0,0,0,10,9.6,40.5,1.0,5.1,0,2,0,2,1,0.01,0.28,0.29,1.05,False,10,3,324
325,Smith Rowe,Fulham,MID,1,13,1,0,0,0,0,0,0,0,0,0,0,0,2,0.2,2.0,2.0,0.4,0,0,0,0,0,0.09,0.0,0.09,0.4,False,10,3,325
326,Adama,Fulham,MID,1,24,1,0,0,0,0,0,0,0,0,0,0,0,1,0.0,0.8,0.0,0.0,0,0,0,0,0,0.0,0.0,0.0,0.43,False,10,3,326
327,Andreas,Fulham,MID,1,0,0,0,0,0,0,0,0,0,0,0,0,0,0,0.0,0.0,0.0,0.0,0,0,0,0,0,0.0,0.0,0.0,0.0,False,10,3,327
328,Sessegnon,Fulham,MID,1,0,0,0,0,0,0,0,0,0,0,0,0,0,0,0.0,0.0,0.0,0.0,0,0,0,0,0,0.0,0.0,0.0,0.0,False,10,3,328
329,Wilson,Fulham,MID,1,90,5,0,1,0,1,0,0,0,0,0,0,0,16,3.0,5.4,13.0,2.1,1,4,1,6,1,0.07,0.02,0.09,1.48,False,10,3,329
330,Berge,Fulham,MID,1,65,2,0,0,0,1,0,0,0,0,0,0,0,3,1.2,0.7,0.0,0.2,1,0,1,2,1,0.0,0.01,0.01,1.05,False,10,3,330
331,Cairney,Fulham,MID,1,24,0,0,0,0,0,0,0,0,1,0,0,0,-3,0.0,0.4,0.0,0.0,0,2,0,2,0,0.0,0.0,0.0,0.43,False,10,3,331
332,Lukić,Fulham,MID,1,90,2,0,0,0,1,0,0,0,0,0,0,0,9,1.8,13.3,2.0,1.7,2,0,1,3,1,0.0,0.01,0.01,1.48,False,10,3,332
333,Godo,Fulham,MID,1,0,0,0,0,0,0,0,0,0,0,0,0,0,0,0.0,0.0,0.0,0.0,0,0,0,0,0,0.0,0.0,0.0,0.0,False,10,3,333
334,Harris,Fulham,MID,1,0,0,0,0,0,0,0,0,0,0,0,0,0,0,0.0,0.0,0.0,0.0,0,0,0,0,0,0.0,0.0,0.0,0.0,False,10,3,334
335,King,Fulham,MID,1,76,2,0,0,0,1,0,0,0,0,0,0,0,11,12.4,14.0,27.0,5.3,0,6,3,9,1,0.18,0.13,0.31,1.07,False,10,3,335
336,Reed,Fulham,MID,1,0,0,0,0,0,0,0,0,0,0,0,0,0,0,0.0,0.0,0.0,0.0,0,0,0,0,0,0.0,0.0,0.0,0.0,False,10,3,336
337,Raúl,Fulham,FWD,1,65,2,0,0,0,1,0,0,0,0,0,0,0,0,0.0,3.3,11.0,0.7,0,0,0,0,1,0.29,0.0,0.29,1.05,False,10,4,337
338,Muniz,Fulham,FWD,1,24,7,1,0,0,0,0,0,0,1,0,0,3,25,31.0,0.0,33.0,6.4,0,0,0,0,0,0.15,0.0,0.15,0.43,False,10,4,338
339,Meslier,Leeds,GK,1,0,0,0,0,0,0,0,0,0,0,0,0,0,0,0.0,0.0,0.0,0.0,0,0,0,0,0,0.0,0.0,0.0,0.0,False,11,1,339
340,Cairns,Leeds,GK,1,0,0,0,0,0,0,0,0,0,0,0,0,0,0,0.0,0.0,0.0,0.0,0,0,0,0,0,0.0,0.0,0.0,0.0,False,11,1,340
341,Darlow,Leeds,GK,1,0,0,0,0,0,0,0,0,0,0,0,0,0,0,0.0,0.0,0.0,0.0,0,0,0,0,0,0.0,0.0,0.0,0.0,False,11,1,341
342,Bogle,Leeds,DEF,1,90,6,0,0,1,0,0,0,0,0,0,0,0,20,13.4,1.2,2.0,1.7,3,3,2,5,1,0.01,0.01,0.02,0.55,False,11,2,342
343,Struijk,Leeds,DEF,1,90,8,0,0,1,0,0,0,0,0,0,0,2,29,23.2,11.4,9.0,4.4,8,5,0,8,1,0.13,0.01,0.14,0.55,False,11,2,343
344,Bijol,Leeds,DEF,1,0,0,0,0,0,0,0,0,0,0,0,0,0,0,0.0,0.0,0.0,0.0,0,0,0,0,0,0.0,0.0,0.0,0.0,False,11,2,344
345,Bornauw,Leeds,DEF,1,0,0,0,0,0,0,0,0,0,0,0,0,0,0,0.0,0.0,0.0,0.0,0,0,0,0,0,0.0,0.0,0.0,0.0,False,11,2,345
346,Byram,Leeds,DEF,1,0,0,0,0,0,0,0,0,0,0,0,0,0,0,0.0,0.0,0.0,0.0,0,0,0,0,0,0.0,0.0,0.0,0.0,False,11,2,346
347,Gudmundsson,Leeds,DEF,1,90,9,0,0,1,0,0,0,0,0,0,0,3,35,30.4,33.6,17.0,8.1,7,6,1,8,1,0.17,0.14,0.31,0.55,False,11,2,347
348,Rodon,Leeds,DEF,1,90,7,0,0,1,0,0,0,0,0,0,0,1,26,14.4,0.6,0.0,1.5,7,2,0,7,1,0.0,0.0,0.0,0.55,False,11,2,348
349,Schmidt,Leeds,DEF,1,0,0,0,0,0,0,0,0,0,0,0,0,0,0,0.0,0.0,0.0,0.0,0,0,0,0,0,0.0,0.0,0.0,0.0,False,11,2,349
350,Aaronson,Leeds,MID,1,23,1,0,0,0,0,0,0,0,0,0,0,0,10,9.2,24.9,6.0,4.0,0,0,2,2,0,0.0,0.21,0.21,0.47,False,11,3,350
351,Gnonto,Leeds,MID,1,66,3,0,0,1,0,0,0,0,0,0,0,0,12,6.6,6.3,11.0,2.4,2,1,4,7,1,0.14,0.01,0.15,0.08,False,11,3,351
352,Harrison,Leeds,MID,1,12,1,0,0,0,0,0,0,0,0,0,0,0,3,2.2,1.3,2.0,0.6,0,0,1,1,0,0.0,0.0,0.0,0.28,False,11,3,352
353,James,Leeds,MID,1,77,3,0,0,1,0,0,0,0,0,0,0,0,6,6.2,15.7,11.0,3.3,1,1,0,2,1,0.14,0.05,0.19,0.28,False,11,3,353
354,Ampadu,Leeds,MID,1,77,3,0,0,1,0,0,0,0,0,0,0,0,12,10.8,4.9,2.0,1.8,2,3,3,8,1,0.0,0.02,0.02,0.28,False,11,3,354
355,Greenwood,Leeds,MID,1,0,0,0,0,0,0,0,0,0,0,0,0,0,0,0.0,0.0,0.0,0.0,0,0,0,0,0,0.0,0.0,0.0,0.0,False,11,3,355
356,Gruev,Leeds,MID,1,12,1,0,0,0,0,0,0,0,0,0,0,0,3,1.6,0.3,0.0,0.2,1,0,0,1,0,0.0,0.0,0.0,0.28,False,11,3,356
357,Ramazani,Leeds,MID,1,0,0,0,0,0,0,0,0,0,0,0,0,0,0,0.0,0.0,0.0,0.0,0,0,0,0,0,0.0,0.0,0.0,0.0,False,11,3,357
358,Tanaka,Leeds,MID,1,90,3,0,0,1,0,0,0,0,0,0,0,0,13,2.2,24.3,9.0,3.6,1,6,0,7,1,0.09,0.03,0.12,0.55,False,11,3,358
359,Crew,Leeds,MID,1,0,0,0,0,0,0,0,0,0,0,0,0,0,0,0.0,0.0,0.0,0.0,0,0,0,0,0,0.0,0.0,0.0,0.0,False,11,3,359
360,Gelhardt,Leeds,MID,1,0,0,0,0,0,0,0,0,0,0,0,0,0,0,0.0,0.0,0.0,0.0,0,0,0,0,0,0.0,0.0,0.0,0.0,False,11,3,360
361,Gyabi,Leeds,MID,1,0,0,0,0,0,0,0,0,0,0,0,0,0,0,0.0,0.0,0.0,0.0,0,0,0,0,0,0.0,0.0,0.0,0.0,False,11,3,361
362,Piroe,Leeds,FWD,1,77,2,0,0,1,0,0,0,0,0,0,0,0,4,2.0,5.6,44.0,5.2,0,4,0,4,1,0.28,0.04,0.32,0.28,False,11,4,362
363,Bamford,Leeds,FWD,1,0,0,0,0,0,0,0,0,0,0,0,0,0,0,0.0,0.0,0.0,0.0,0,0,0,0,0,0.0,0.0,0.0,0.0,False,11,4,363
364,Mateo Joseph,Leeds,FWD,1,0,0,0,0,0,0,0,0,0,0,0,0,0,0,0.0,0.0,0.0,0.0,0,0,0,0,0,0.0,0.0,0.0,0.0,False,11,4,364
365,Nmecha,Leeds,FWD,1,12,5,1,0,0,0,0,0,0,0,0,0,0,20,34.0,1.6,22.0,5.8,1,2,0,3,0,0.85,0.01,0.86,0.28,False,11,4,365
366,A.Becker,Liverpool,GK,1,90,1,0,0,0,2,0,0,0,0,0,1,0,8,13.6,0.0,0.0,1.4,2,7,0,0,1,0.0,0.01,0.01,1.7,False,12,1,366
367,Mamardashvili,Liverpool,GK,1,0,0,0,0,0,0,0,0,0,0,0,0,0,0,0.0,0.0,0.0,0.0,0,0,0,0,0,0.0,0.0,0.0,0.0,False,12,1,367
368,Pécsi,Liverpool,GK,1,0,0,0,0,0,0,0,0,0,0,0,0,0,0,0.0,0.0,0.0,0.0,0,0,0,0,0,0.0,0.0,0.0,0.0,False,12,1,368
369,Woodman,Liverpool,GK,1,0,0,0,0,0,0,0,0,0,0,0,0,0,0,0.0,0.0,0.0,0.0,0,0,0,0,0,0.0,0.0,0.0,0.0,False,12,1,369
370,Frimpong,Liverpool,DEF,1,59,1,0,0,0,0,0,0,0,0,0,0,0,8,5.4,1.3,2.0,0.9,3,1,1,4,1,0.01,0.01,0.02,0.81,False,12,2,370
371,Kerkez,Liverpool,DEF,1,59,0,0,0,0,0,0,0,0,1,0,0,0,5,8.4,1.3,0.0,1.0,5,5,1,6,1,0.0,0.01,0.01,0.81,False,12,2,371
372,Robertson,Liverpool,DEF,1,30,0,0,0,0,2,0,0,0,0,0,0,0,-3,5.4,4.1,2.0,1.2,2,0,0,2,0,0.0,0.04,0.04,0.89,False,12,2,372
373,Virgil,Liverpool,DEF,1,90,3,0,0,0,2,0,0,0,0,0,0,0,11,49.4,0.9,25.0,7.5,20,4,1,21,1,0.18,0.01,0.19,1.7,False,12,2,373
374,Konaté,Liverpool,DEF,1,90,1,0,0,0,2,0,0,0,0,0,0,0,6,21.4,0.6,0.0,2.2,7,5,0,7,1,0.0,0.0,0.0,1.7,False,12,2,374
375,Bradley,Liverpool,DEF,1,0,0,0,0,0,0,0,0,0,0,0,0,0,0,0.0,0.0,0.0,0.0,0,0,0,0,0,0.0,0.0,0.0,0.0,False,12,2,375
376,Gomez,Liverpool,DEF,1,18,1,0,0,0,1,0,0,0,0,0,0,0,-1,2.4,0.4,0.0,0.3,1,1,0,1,0,0.0,0.0,0.0,0.21,False,12,2,376
377,Tsimikas,Liverpool,DEF,1,0,0,0,0,0,0,0,0,0,0,0,0,0,0,0.0,0.0,0.0,0.0,0,0,0,0,0,0.0,0.0,0.0,0.0,False,12,2,377
378,Nallo,Liverpool,DEF,1,0,0,0,0,0,0,0,0,0,0,0,0,0,0,0.0,0.0,0.0,0.0,0,0,0,0,0,0.0,0.0,0.0,0.0,False,12,2,378
379,R.Williams,Liverpool,DEF,1,0,0,0,0,0,0,0,0,0,0,0,0,0,0,0.0,0.0,0.0,0.0,0,0,0,0,0,0.0,0.0,0.0,0.0,False,12,2,379
380,Ramsay,Liverpool,DEF,1,0,0,0,0,0,0,0,0,0,0,0,0,0,0,0.0,0.0,0.0,0.0,0,0,0,0,0,0.0,0.0,0.0,0.0,False,12,2,380
381,M.Salah,Liverpool,MID,1,90,8,1,0,0,2,0,0,0,0,0,0,1,36,49.0,33.8,51.0,13.4,1,9,0,10,1,0.26,0.11,0.37,1.7,False,12,3,381
382,Wirtz,Liverpool,MID,1,81,2,0,0,0,2,0,0,0,0,0,0,0,14,12.0,45.0,12.0,6.9,1,6,2,9,1,0.14,0.28,0.42,1.7,False,12,3,382
383,Luis Díaz,Liverpool,MID,1,0,0,0,0,0,0,0,0,0,0,0,0,0,0,0.0,0.0,0.0,0.0,0,0,0,0,0,0.0,0.0,0.0,0.0,False,12,3,383
384,Gakpo,Liverpool,MID,1,90,7,1,0,0,2,0,0,0,0,0,0,0,34,48.2,39.6,46.0,13.4,1,6,1,8,1,0.2,0.44,0.64,1.7,False,12,3,384
385,Chiesa,Liverpool,MID,1,8,6,1,0,0,0,0,0,0,0,0,0,0,29,35.2,0.3,17.0,5.3,0,0,1,1,0,0.16,0.0,0.16,0.0,False,12,3,385
386,Mac Allister,Liverpool,MID,1,71,5,0,1,0,1,0,0,0,0,0,0,0,27,27.4,15.2,11.0,5.4,1,2,3,6,1,0.03,0.02,0.05,1.49,False,12,3,386
387,Szoboszlai,Liverpool,MID,1,90,2,0,0,0,2,0,0,0,0,0,0,0,17,14.0,29.8,24.0,6.8,2,5,4,11,1,0.1,0.09,0.19,1.7,False,12,3,387
388,C.Jones,Liverpool,MID,1,18,1,0,0,0,1,0,0,0,0,0,0,0,4,3.2,10.9,0.0,1.4,0,1,0,1,0,0.0,0.04,0.04,0.21,False,12,3,388
389,Elliott,Liverpool,MID,1,0,0,0,0,0,0,0,0,0,0,0,0,0,0,0.0,0.0,0.0,0.0,0,0,0,0,0,0.0,0.0,0.0,0.0,False,12,3,389
390,Gravenberch,Liverpool,MID,1,0,0,0,0,0,0,0,0,0,0,0,0,0,0,0.0,0.0,0.0,0.0,0,0,0,0,0,0.0,0.0,0.0,0.0,False,12,3,390
391,Gannon-Doak,Bournemouth,MID,1,0,0,0,0,0,0,0,0,0,0,0,0,0,0,0.0,0.0,0.0,0.0,0,0,0,0,0,0.0,0.0,0.0,0.0,False,4,3,391
392,Endo,Liverpool,MID,1,30,4,0,1,0,2,0,0,0,0,0,0,0,15,24.6,10.7,0.0,3.5,1,0,2,3,0,0.0,0.0,0.0,0.89,False,12,3,392
393,Bajcetic,Liverpool,MID,1,0,0,0,0,0,0,0,0,0,0,0,0,0,0,0.0,0.0,0.0,0.0,0,0,0,0,0,0.0,0.0,0.0,0.0,False,12,3,393
394,McConnell,Liverpool,MID,1,0,0,0,0,0,0,0,0,0,0,0,0,0,0,0.0,0.0,0.0,0.0,0,0,0,0,0,0.0,0.0,0.0,0.0,False,12,3,394
395,Morton,Liverpool,MID,1,0,0,0,0,0,0,0,0,0,0,0,0,0,0,0.0,0.0,0.0,0.0,0,0,0,0,0,0.0,0.0,0.0,0.0,False,12,3,395
396,Nyoni,Liverpool,MID,1,0,0,0,0,0,0,0,0,0,0,0,0,0,0,0.0,0.0,0.0,0.0,0,0,0,0,0,0.0,0.0,0.0,0.0,False,12,3,396
397,Darwin,Liverpool,FWD,1,0,0,0,0,0,0,0,0,0,0,0,0,0,0,0.0,0.0,0.0,0.0,0,0,0,0,0,0.0,0.0,0.0,0.0,False,12,4,397
398,Danns,Liverpool,FWD,1,0,0,0,0,0,0,0,0,0,0,0,0,0,0,0.0,0.0,0.0,0.0,0,0,0,0,0,0.0,0.0,0.0,0.0,False,12,4,398
399,Ederson M.,Man City,GK,1,0,0,0,0,0,0,0,0,0,0,0,0,0,0,0.0,0.0,0.0,0.0,0,0,0,0,0,0.0,0.0,0.0,0.0,False,13,1,399
400,Ortega Moreno,Man City,GK,1,0,0,0,0,0,0,0,0,0,0,0,0,0,0,0.0,0.0,0.0,0.0,0,0,0,0,0,0.0,0.0,0.0,0.0,False,13,1,400
401,Bettinelli,Man City,GK,1,0,0,0,0,0,0,0,0,0,0,0,0,0,0,0.0,0.0,0.0,0.0,0,0,0,0,0,0.0,0.0,0.0,0.0,False,13,1,401
402,Aït-Nouri,Man City,DEF,1,90,9,0,0,1,0,0,0,0,0,0,0,1,33,30.4,13.5,3.0,4.7,9,3,6,15,1,0.04,0.02,0.06,0.56,False,13,2,402
403,Gvardiol,Man City,DEF,1,0,0,0,0,0,0,0,0,0,0,0,0,0,0,0.0,0.0,0.0,0.0,0,0,0,0,0,0.0,0.0,0.0,0.0,False,13,2,403
404,Akanji,Man City,DEF,1,0,0,0,0,0,0,0,0,0,0,0,0,0,0,0.0,0.0,0.0,0.0,0,0,0,0,0,0.0,0.0,0.0,0.0,False,13,2,404
405,Aké,Man City,DEF,1,0,0,0,0,0,0,0,0,0,0,0,0,0,0,0.0,0.0,0.0,0.0,0,0,0,0,0,0.0,0.0,0.0,0.0,False,13,2,405
406,Khusanov,Man City,DEF,1,8,1,0,0,0,0,0,0,0,0,0,0,0,7,3.6,0.0,0.0,0.4,0,0,1,1,0,0.0,0.0,0.0,0.08,False,13,2,406
407,Matheus N.,Man City,DEF,1,24,1,0,0,0,0,0,0,0,0,0,0,0,5,3.8,1.2,0.0,0.5,3,2,1,4,0,0.0,0.0,0.0,0.21,False,13,2,407
408,Rúben,Man City,DEF,1,90,6,0,0,1,0,0,0,0,0,0,0,0,26,21.6,1.7,2.0,2.5,4,4,0,4,1,0.0,0.08,0.08,0.56,False,13,2,408
409,Stones,Man City,DEF,1,81,6,0,0,1,0,0,0,0,0,0,0,0,28,14.4,2.2,0.0,1.7,2,4,0,2,1,0.0,0.01,0.01,0.47,False,13,2,409
410,Lewis,Man City,DEF,1,65,11,0,1,1,0,0,0,0,0,0,0,2,41,29.2,13.1,8.0,5.0,5,1,1,6,1,0.0,0.59,0.59,0.35,True,13,2,410
411,O’Reilly,Man City,DEF,1,24,0,0,0,0,0,0,0,0,1,0,0,0,-2,0.0,5.0,0.0,0.5,0,0,0,0,0,0.0,0.01,0.01,0.21,False,13,2,411
412,Vitor Reis,Man City,DEF,1,0,0,0,0,0,0,0,0,0,0,0,0,0,0,0.0,0.0,0.0,0.0,0,0,0,0,0,0.0,0.0,0.0,0.0,False,13,2,412
413,Marmoush,Man City,MID,1,24,1,0,0,0,0,0,0,0,0,0,0,0,3,0.0,0.8,6.0,0.7,0,1,0,1,0,0.12,0.0,0.12,0.21,False,13,3,413
414,Foden,Man City,MID,1,0,0,0,0,0,0,0,0,0,0,0,0,0,0,0.0,0.0,0.0,0.0,0,0,0,0,0,0.0,0.0,0.0,0.0,False,13,3,414
415,Savinho,Man City,MID,1,0,0,0,0,0,0,0,0,0,0,0,0,0,0,0.0,0.0,0.0,0.0,0,0,0,0,0,0.0,0.0,0.0,0.0,False,13,3,415
416,Bernardo,Man City,MID,1,65,3,0,0,1,0,0,0,0,0,0,0,0,25,22.0,62.0,4.0,8.8,1,4,4,9,1,0.0,0.44,0.44,0.35,False,13,3,416
417,Cherki,Man City,MID,1,17,6,1,0,0,0,0,0,0,0,0,0,0,22,35.8,2.8,7.0,4.6,1,0,0,1,0,0.06,0.03,0.09,0.21,False,13,3,417
418,Doku,Man City,MID,1,65,3,0,0,1,0,0,0,0,0,0,0,0,4,0.0,3.2,4.0,0.6,0,1,0,1,1,0.0,0.02,0.02,0.35,False,13,3,418
419,Grealish,Everton,MID,1,19,1,0,0,0,1,0,0,0,0,0,0,0,4,5.8,0.8,5.0,1.2,1,1,0,2,0,0.02,0.0,0.02,1.14,False,9,3,419
420,Gündoğan,Man City,MID,1,0,0,0,0,0,0,0,0,0,0,0,0,0,0,0.0,0.0,0.0,0.0,0,0,0,0,0,0.0,0.0,0.0,0.0,False,13,3,420
421,Rodrigo,Man City,MID,1,0,0,0,0,0,0,0,0,0,0,0,0,0,0,0.0,0.0,0.0,0.0,0,0,0,0,0,0.0,0.0,0.0,0.0,False,13,3,421
422,Kovačić,Man City,MID,1,0,0,0,0,0,0,0,0,0,0,0,0,0,0,0.0,0.0,0.0,0.0,0,0,0,0,0,0.0,0.0,0.0,0.0,False,13,3,422
423,N.Gonzalez,Man City,MID,1,90,3,0,0,1,0,0,0,0,0,0,0,0,27,24.8,5.6,6.0,3.6,4,4,3,11,1,0.05,0.05,0.1,0.56,False,13,3,423
424,Bobb,Man City,MID,1,90,6,0,1,1,0,0,0,0,0,0,0,0,25,24.6,25.4,8.0,5.8,0,4,0,4,1,0.0,0.07,0.07,0.56,False,13,3,424
425,Echeverri,Man City,MID,1,0,0,0,0,0,0,0,0,0,0,0,0,0,0,0.0,0.0,0.0,0.0,0,0,0,0,0,0.0,0.0,0.0,0.0,False,13,3,425
426,McAtee,Nott'm Forest,MID,1,0,0,0,0,0,0,0,0,0,0,0,0,0,0,0.0,0.0,0.0,0.0,0,0,0,0,0,0.0,0.0,0.0,0.0,False,16,3,426
427,Reijnders,Man City,MID,1,90,10,1,1,1,0,0,0,0,1,0,0,0,31,49.8,23.7,28.0,10.2,1,1,1,3,1,0.2,0.14,0.34,0.56,True,13,3,427
428,Nypan,Man City,MID,1,0,0,0,0,0,0,0,0,0,0,0,0,0,0,0.0,0.0,0.0,0.0,0,0,0,0,0,0.0,0.0,0.0,0.0,False,13,3,428
429,Phillips,Man City,MID,1,0,0,0,0,0,0,0,0,0,0,0,0,0,0,0.0,0.0,0.0,0.0,0,0,0,0,0,0.0,0.0,0.0,0.0,False,13,3,429
430,Haaland,Man City,FWD,1,72,13,2,0,1,0,0,0,0,0,0,0,3,49,58.0,0.3,71.0,12.9,0,1,1,2,1,1.99,0.0,1.99,0.35,True,13,4,430
431,Bayindir,Man Utd,GK,1,90,2,0,0,0,1,0,0,0,0,0,2,0,11,13.4,0.0,0.0,1.3,1,10,0,0,1,0.0,0.0,0.0,1.31,False,14,1,431
432,Onana,Man Utd,GK,1,0,0,0,0,0,0,0,0,0,0,0,0,0,0,0.0,0.0,0.0,0.0,0,0,0,0,0,0.0,0.0,0.0,0.0,False,14,1,432
433,Harrison,Man Utd,GK,1,0,0,0,0,0,0,0,0,0,0,0,0,0,0,0.0,0.0,0.0,0.0,0,0,0,0,0,0.0,0.0,0.0,0.0,False,14,1,433
434,Heaton,Man Utd,GK,1,0,0,0,0,0,0,0,0,0,0,0,0,0,0,0.0,0.0,0.0,0.0,0,0,0,0,0,0.0,0.0,0.0,0.0,False,14,1,434
435,Mee,Man Utd,GK,1,0,0,0,0,0,0,0,0,0,0,0,0,0,0,0.0,0.0,0.0,0.0,0,0,0,0,0,0.0,0.0,0.0,0.0,False,14,1,435
436,De Ligt,Man Utd,DEF,1,90,4,0,0,0,1,0,0,0,0,0,0,0,16,33.4,16.0,26.0,7.5,8,4,2,10,1,0.21,0.06,0.27,1.31,False,14,2,436
437,Martinez,Man Utd,DEF,1,0,0,0,0,0,0,0,0,0,0,0,0,0,0,0.0,0.0,0.0,0.0,0,0,0,0,0,0.0,0.0,0.0,0.0,False,14,2,437
438,Mazraoui,Man Utd,DEF,1,0,0,0,0,0,0,0,0,0,0,0,0,0,0,0.0,0.0,0.0,0.0,0,0,0,0,0,0.0,0.0,0.0,0.0,False,14,2,438
439,D.Leon,Man Utd,DEF,1,0,0,0,0,0,0,0,0,0,0,0,0,0,0,0.0,0.0,0.0,0.0,0,0,0,0,0,0.0,0.0,0.0,0.0,False,14,2,439
440,Dalot,Man Utd,DEF,1,54,1,0,0,0,1,0,0,0,0,0,0,0,2,6.8,14.1,2.0,2.3,3,2,1,4,1,0.0,0.15,0.15,1.03,False,14,2,440
441,Dorgu,Man Utd,DEF,1,90,1,0,0,0,1,0,0,0,1,0,0,0,4,9.0,2.8,8.0,2.0,1,2,4,5,1,0.04,0.02,0.06,1.31,False,14,2,441
442,Maguire,Man Utd,DEF,1,10,1,0,0,0,0,0,0,0,0,0,0,0,2,5.2,0.5,0.0,0.6,3,0,0,3,0,0.0,0.0,0.0,0.21,False,14,2,442
443,Shaw,Man Utd,DEF,1,79,2,0,0,0,1,0,0,0,0,0,0,0,7,11.2,12.5,0.0,2.4,1,5,3,4,1,0.0,0.02,0.02,1.1,False,14,2,443
444,Yoro,Man Utd,DEF,1,90,4,0,0,0,1,0,0,0,0,0,0,0,11,18.2,2.6,0.0,2.1,10,4,1,11,1,0.0,0.01,0.01,1.31,False,14,2,444
445,Amass,Man Utd,DEF,1,0,0,0,0,0,0,0,0,0,0,0,0,0,0,0.0,0.0,0.0,0.0,0,0,0,0,0,0.0,0.0,0.0,0.0,False,14,2,445
446,Fredricson,Man Utd,DEF,1,0,0,0,0,0,0,0,0,0,0,0,0,0,0,0.0,0.0,0.0,0.0,0,0,0,0,0,0.0,0.0,0.0,0.0,False,14,2,446
447,Heaven,Man Utd,DEF,1,0,0,0,0,0,0,0,0,0,0,0,0,0,0,0.0,0.0,0.0,0.0,0,0,0,0,0,0.0,0.0,0.0,0.0,False,14,2,447
448,Malacia,Man Utd,DEF,1,0,0,0,0,0,0,0,0,0,0,0,0,0,0,0.0,0.0,0.0,0.0,0,0,0,0,0,0.0,0.0,0.0,0.0,False,14,2,448
449,B.Fernandes,Man Utd,MID,1,90,2,0,0,0,1,0,0,0,0,0,0,0,19,25.2,65.3,9.0,10.0,2,6,3,11,1,0.15,0.3,0.45,1.31,False,14,3,449
450,Cunha,Man Utd,MID,1,90,2,0,0,0,1,0,0,0,0,0,0,0,16,17.8,13.3,50.0,8.1,0,2,1,3,1,0.4,0.05,0.45,1.31,False,14,3,450
451,Rashford,Man Utd,MID,1,0,0,0,0,0,0,0,0,0,0,0,0,0,0,0.0,0.0,0.0,0.0,0,0,0,0,0,0.0,0.0,0.0,0.0,False,14,3,451
452,Amad,Man Utd,MID,1,35,1,0,0,0,0,0,0,0,0,0,0,0,12,13.4,12.3,19.0,4.5,0,1,3,4,0,0.03,0.04,0.07,0.27,False,14,3,452
453,Garnacho,Man Utd,MID,1,0,0,0,0,0,0,0,0,0,0,0,0,0,0,0.0,0.0,0.0,0.0,0,0,0,0,0,0.0,0.0,0.0,0.0,False,14,3,453
454,Antony,Man Utd,MID,1,0,0,0,0,0,0,0,0,0,0,0,0,0,0,0.0,0.0,0.0,0.0,0,0,0,0,0,0.0,0.0,0.0,0.0,False,14,3,454
455,Mount,Man Utd,MID,1,64,2,0,0,0,1,0,0,0,0,0,0,0,9,7.0,25.1,18.0,5.0,0,2,1,3,1,0.12,0.15,0.27,1.1,False,14,3,455
456,Sancho,Man Utd,MID,1,0,0,0,0,0,0,0,0,0,0,0,0,0,0,0.0,0.0,0.0,0.0,0,0,0,0,0,0.0,0.0,0.0,0.0,False,14,3,456
457,Casemiro,Man Utd,MID,1,64,2,0,0,0,1,0,0,0,0,0,0,0,15,9.2,11.6,0.0,2.1,0,2,3,5,1,0.0,0.02,0.02,1.1,False,14,3,457
458,Mainoo,Man Utd,MID,1,0,0,0,0,0,0,0,0,0,0,0,0,0,0,0.0,0.0,0.0,0.0,0,0,0,0,0,0.0,0.0,0.0,0.0,False,14,3,458
459,Ugarte,Man Utd,MID,1,25,1,0,0,0,0,0,0,0,0,0,0,0,0,0.0,11.4,1.0,1.2,0,1,0,1,0,0.03,0.01,0.04,0.21,False,14,3,459
460,Collyer,Man Utd,MID,1,0,0,0,0,0,0,0,0,0,0,0,0,0,0,0.0,0.0,0.0,0.0,0,0,0,0,0,0.0,0.0,0.0,0.0,False,14,3,460
461,Fitzgerald,Man Utd,MID,1,0,0,0,0,0,0,0,0,0,0,0,0,0,0,0.0,0.0,0.0,0.0,0,0,0,0,0,0.0,0.0,0.0,0.0,False,14,3,461
462,J.Fletcher,Man Utd,MID,1,0,0,0,0,0,0,0,0,0,0,0,0,0,0,0.0,0.0,0.0,0.0,0,0,0,0,0,0.0,0.0,0.0,0.0,False,14,3,462
463,Kone,Man Utd,MID,1,0,0,0,0,0,0,0,0,0,0,0,0,0,0,0.0,0.0,0.0,0.0,0,0,0,0,0,0.0,0.0,0.0,0.0,False,14,3,463
464,Moorhouse,Man Utd,MID,1,0,0,0,0,0,0,0,0,0,0,0,0,0,0,0.0,0.0,0.0,0.0,0,0,0,0,0,0.0,0.0,0.0,0.0,False,14,3,464
465,Højlund,Man Utd,FWD,1,0,0,0,0,0,0,0,0,0,0,0,0,0,0,0.0,0.0,0.0,0.0,0,0,0,0,0,0.0,0.0,0.0,0.0,False,14,4,465
466,Zirkzee,Man Utd,FWD,1,0,0,0,0,0,0,0,0,0,0,0,0,0,0,0.0,0.0,0.0,0.0,0,0,0,0,0,0.0,0.0,0.0,0.0,False,14,4,466
467,Obi,Man Utd,FWD,1,0,0,0,0,0,0,0,0,0,0,0,0,0,0,0.0,0.0,0.0,0.0,0,0,0,0,0,0.0,0.0,0.0,0.0,False,14,4,467
468,Wheatley,Man Utd,FWD,1,0,0,0,0,0,0,0,0,0,0,0,0,0,0,0.0,0.0,0.0,0.0,0,0,0,0,0,0.0,0.0,0.0,0.0,False,14,4,468
469,Pope,Newcastle,GK,1,90,9,0,0,1,0,0,0,0,0,0,3,2,32,27.0,0.0,0.0,2.7,1,16,0,0,1,0.0,0.0,0.0,0.2,False,15,1,469
470,Dúbravka,Burnley,GK,1,90,2,0,0,0,3,0,0,0,0,0,3,0,5,25.6,0.0,0.0,2.6,0,6,0,0,1,0.0,0.0,0.0,2.32,False,3,1,470
471,Gillespie,Newcastle,GK,1,0,0,0,0,0,0,0,0,0,0,0,0,0,0,0.0,0.0,0.0,0.0,0,0,0,0,0,0.0,0.0,0.0,0.0,False,15,1,471
472,Odysseas,Newcastle,GK,1,0,0,0,0,0,0,0,0,0,0,0,0,0,0,0.0,0.0,0.0,0.0,0,0,0,0,0,0.0,0.0,0.0,0.0,False,15,1,472
473,Hall,Newcastle,DEF,1,0,0,0,0,0,0,0,0,0,0,0,0,0,0,0.0,0.0,0.0,0.0,0,0,0,0,0,0.0,0.0,0.0,0.0,False,15,2,473
474,Schär,Newcastle,DEF,1,90,8,0,0,1,0,0,0,0,0,0,0,0,26,13.8,1.9,4.0,2.0,10,5,1,11,1,0.04,0.03,0.07,0.2,False,15,2,474
475,Botman,Newcastle,DEF,1,0,0,0,0,0,0,0,0,0,0,0,0,0,0,0.0,0.0,0.0,0.0,0,0,0,0,0,0.0,0.0,0.0,0.0,False,15,2,475
476,Burn,Newcastle,DEF,1,90,9,0,0,1,0,0,0,0,0,0,0,1,30,18.6,1.2,2.0,2.2,10,5,1,11,1,0.0,0.01,0.01,0.2,False,15,2,476
477,Livramento,Newcastle,DEF,1,90,9,0,0,1,0,0,0,0,0,0,0,3,33,18.0,25.4,4.0,4.7,3,5,2,5,1,0.0,0.03,0.03,0.2,False,15,2,477
478,Trippier,Newcastle,DEF,1,90,6,0,0,1,0,0,0,0,0,0,0,0,26,9.8,22.5,0.0,3.2,4,4,0,4,1,0.0,0.06,0.06,0.2,False,15,2,478
479,Krafth,Newcastle,DEF,1,0,0,0,0,0,0,0,0,0,0,0,0,0,0,0.0,0.0,0.0,0.0,0,0,0,0,0,0.0,0.0,0.0,0.0,False,15,2,479
480,Lascelles,Newcastle,DEF,1,0,0,0,0,0,0,0,0,0,0,0,0,0,0,0.0,0.0,0.0,0.0,0,0,0,0,0,0.0,0.0,0.0,0.0,False,15,2,480
481,A.Murphy,Newcastle,DEF,1,0,0,0,0,0,0,0,0,0,0,0,0,0,0,0.0,0.0,0.0,0.0,0,0,0,0,0,0.0,0.0,0.0,0.0,False,15,2,481
482,Ashby,Newcastle,DEF,1,0,0,0,0,0,0,0,0,0,0,0,0,0,0,0.0,0.0,0.0,0.0,0,0,0,0,0,0.0,0.0,0.0,0.0,False,15,2,482
483,Pivas,Newcastle,DEF,1,0,0,0,0,0,0,0,0,0,0,0,0,0,0,0.0,0.0,0.0,0.0,0,0,0,0,0,0.0,0.0,0.0,0.0,False,15,2,483
484,Targett,Newcastle,DEF,1,0,0,0,0,0,0,0,0,0,0,0,0,0,0,0.0,0.0,0.0,0.0,0,0,0,0,0,0.0,0.0,0.0,0.0,False,15,2,484
485,Gordon,Newcastle,MID,1,90,3,0,0,1,0,0,0,0,0,0,0,0,4,5.4,13.0,41.0,5.9,0,4,0,4,1,0.55,0.03,0.58,0.2,False,15,3,485
486,Elanga,Newcastle,MID,1,77,3,0,0,1,0,0,0,0,0,0,0,0,10,8.6,29.8,27.0,6.5,0,3,0,3,1,0.57,0.06,0.63,0.17,False,15,3,486
487,Barnes,Newcastle,MID,1,89,3,0,0,1,0,0,0,0,0,0,0,0,15,12.8,56.8,25.0,9.5,1,3,0,4,1,0.23,0.33,0.56,0.2,False,15,3,487
488,Bruno G.,Newcastle,MID,1,90,3,0,0,1,0,0,0,0,0,0,0,0,11,7.6,22.6,2.0,3.2,1,5,2,8,1,0.0,0.1,0.1,0.2,False,15,3,488
489,J.Murphy,Newcastle,MID,1,12,1,0,0,0,0,0,0,0,0,0,0,0,3,0.6,1.3,4.0,0.6,0,2,0,2,0,0.0,0.01,0.01,0.03,False,15,3,489
490,Joelinton,Newcastle,MID,1,82,2,0,0,1,0,0,0,0,1,0,0,0,7,4.4,4.2,6.0,1.5,2,5,2,9,1,0.0,0.02,0.02,0.17,False,15,3,490
491,Tonali,Newcastle,MID,1,90,3,0,0,1,0,0,0,0,0,0,0,0,20,13.8,29.2,0.0,4.3,2,5,2,9,1,0.0,0.18,0.18,0.2,False,15,3,491
492,Antoñito C.,Newcastle,MID,1,0,0,0,0,0,0,0,0,0,0,0,0,0,0,0.0,0.0,0.0,0.0,0,0,0,0,0,0.0,0.0,0.0,0.0,False,15,3,492
493,Longstaff,Leeds,MID,1,1,1,0,0,0,0,0,0,0,0,0,0,0,3,0.2,0.3,0.0,0.1,0,0,0,0,0,0.0,0.0,0.0,0.0,False,11,3,493
494,Willock,Newcastle,MID,1,0,0,0,0,0,0,0,0,0,0,0,0,0,0,0.0,0.0,0.0,0.0,0,0,0,0,0,0.0,0.0,0.0,0.0,False,15,3,494
495,Hayden,Newcastle,MID,1,0,0,0,0,0,0,0,0,0,0,0,0,0,0,0.0,0.0,0.0,0.0,0,0,0,0,0,0.0,0.0,0.0,0.0,False,15,3,495
496,Kuol,Newcastle,MID,1,0,0,0,0,0,0,0,0,0,0,0,0,0,0,0.0,0.0,0.0,0.0,0,0,0,0,0,0.0,0.0,0.0,0.0,False,15,3,496
497,L.Miley,Newcastle,MID,1,7,1,0,0,0,0,0,0,0,0,0,0,0,4,2.6,11.0,2.0,1.6,0,1,0,1,0,0.0,0.01,0.01,0.03,False,15,3,497
498,White,Newcastle,MID,1,0,0,0,0,0,0,0,0,0,0,0,0,0,0,0.0,0.0,0.0,0.0,0,0,0,0,0,0.0,0.0,0.0,0.0,False,15,3,498
499,Isak,Newcastle,FWD,1,0,0,0,0,0,0,0,0,0,0,0,0,0,0,0.0,0.0,0.0,0.0,0,0,0,0,0,0.0,0.0,0.0,0.0,False,15,4,499
500,Osula,Newcastle,FWD,1,1,1,0,0,0,0,0,0,0,0,0,0,0,3,0.0,0.3,7.0,0.7,0,0,0,0,0,0.03,0.02,0.05,0.0,False,15,4,500
501,Neave,Newcastle,FWD,1,0,0,0,0,0,0,0,0,0,0,0,0,0,0,0.0,0.0,0.0,0.0,0,0,0,0,0,0.0,0.0,0.0,0.0,False,15,4,501
502,Sels,Nott'm Forest,GK,1,90,2,0,0,0,1,0,0,0,0,0,2,0,9,14.6,0.0,0.0,1.5,0,7,0,0,1,0.0,0.0,0.0,1.5,False,16,1,502
503,C.Miguel,Nott'm Forest,GK,1,0,0,0,0,0,0,0,0,0,0,0,0,0,0,0.0,0.0,0.0,0.0,0,0,0,0,0,0.0,0.0,0.0,0.0,False,16,1,503
504,Turner,Nott'm Forest,GK,1,0,0,0,0,0,0,0,0,0,0,0,0,0,0,0.0,0.0,0.0,0.0,0,0,0,0,0,0.0,0.0,0.0,0.0,False,16,1,504
505,Milenković,Nott'm Forest,DEF,1,90,2,0,0,0,1,0,0,0,0,0,0,0,5,17.2,0.5,0.0,1.8,7,2,1,8,1,0.0,0.0,0.0,1.5,False,16,2,505
506,Murillo,Nott'm Forest,DEF,1,90,2,0,0,0,1,0,0,0,0,0,0,0,12,11.8,1.6,0.0,1.3,5,6,0,5,1,0.0,0.02,0.02,1.5,False,16,2,506
507,Aina,Nott'm Forest,DEF,1,90,4,0,0,0,1,0,0,0,0,0,0,0,15,27.2,16.1,2.0,4.5,9,8,3,12,1,0.0,0.04,0.04,1.5,False,16,2,507
508,N.Williams,Nott'm Forest,DEF,1,90,1,0,0,0,1,0,0,0,1,0,0,0,10,19.0,28.8,2.0,5.0,4,2,2,6,1,0.0,0.09,0.09,1.5,False,16,2,508
509,David Carmo,Nott'm Forest,DEF,1,0,0,0,0,0,0,0,0,0,0,0,0,0,0,0.0,0.0,0.0,0.0,0,0,0,0,0,0.0,0.0,0.0,0.0,False,16,2,509
510,Jair Cunha,Nott'm Forest,DEF,1,0,0,0,0,0,0,0,0,0,0,0,0,0,0,0.0,0.0,0.0,0.0,0,0,0,0,0,0.0,0.0,0.0,0.0,False,16,2,510
511,Morato,Nott'm Forest,DEF,1,0,0,0,0,0,0,0,0,0,0,0,0,0,0,0.0,0.0,0.0,0.0,0,0,0,0,0,0.0,0.0,0.0,0.0,False,16,2,511
512,O.Richards,Nott'm Forest,DEF,1,0,0,0,0,0,0,0,0,0,0,0,0,0,0,0.0,0.0,0.0,0.0,0,0,0,0,0,0.0,0.0,0.0,0.0,False,16,2,512
513,Abbott,Nott'm Forest,DEF,1,0,0,0,0,0,0,0,0,0,0,0,0,0,0,0.0,0.0,0.0,0.0,0,0,0,0,0,0.0,0.0,0.0,0.0,False,16,2,513
514,Boly,Nott'm Forest,DEF,1,0,0,0,0,0,0,0,0,0,0,0,0,0,0,0.0,0.0,0.0,0.0,0,0,0,0,0,0.0,0.0,0.0,0.0,False,16,2,514
515,Gibbs-White,Nott'm Forest,MID,1,83,5,0,1,0,1,0,0,0,0,0,0,0,23,28.8,51.8,15.0,9.6,1,2,1,4,1,0.38,0.28,0.66,1.5,False,16,3,515
516,Hudson-Odoi,Nott'm Forest,MID,1,90,2,0,0,0,1,0,0,0,0,0,0,0,20,11.8,32.3,9.0,5.3,0,0,0,0,1,0.02,0.24,0.26,1.5,False,16,3,516
517,Anderson,Nott'm Forest,MID,1,90,6,0,1,0,1,0,0,0,0,0,0,1,24,28.6,21.3,20.0,7.0,1,8,2,11,1,0.39,0.28,0.67,1.5,False,16,3,517
518,Jota,Nott'm Forest,MID,1,11,1,0,0,0,0,0,0,0,0,0,0,0,6,5.0,0.5,4.0,1.0,1,0,2,3,0,0.0,0.0,0.0,0.0,False,16,3,518
519,Dominguez,Nott'm Forest,MID,1,0,0,0,0,0,0,0,0,0,0,0,0,0,0,0.0,0.0,0.0,0.0,0,0,0,0,0,0.0,0.0,0.0,0.0,False,16,3,519
520,O'Brien,Nott'm Forest,MID,1,0,0,0,0,0,0,0,0,0,0,0,0,0,0,0.0,0.0,0.0,0.0,0,0,0,0,0,0.0,0.0,0.0,0.0,False,16,3,520
521,Sangaré,Nott'm Forest,MID,1,90,2,0,0,0,1,0,0,0,0,0,0,0,11,1.4,4.2,1.0,0.7,5,4,1,10,1,0.02,0.01,0.03,1.5,False,16,3,521
522,Yates,Nott'm Forest,MID,1,6,1,0,0,0,0,0,0,0,0,0,0,0,7,4.6,1.6,2.0,0.8,2,3,0,5,0,0.0,0.01,0.01,0.0,False,16,3,522
523,Da Silva Moreira,Nott'm Forest,MID,1,0,0,0,0,0,0,0,0,0,0,0,0,0,0,0.0,0.0,0.0,0.0,0,0,0,0,0,0.0,0.0,0.0,0.0,False,16,3,523
524,Stamenic,Nott'm Forest,MID,1,0,0,0,0,0,0,0,0,0,0,0,0,0,0,0.0,0.0,0.0,0.0,0,0,0,0,0,0.0,0.0,0.0,0.0,False,16,3,524
525,Wood,Nott'm Forest,FWD,1,78,13,2,0,0,1,0,0,0,0,0,0,3,58,66.2,4.3,54.0,12.5,0,2,0,2,1,0.95,0.01,0.96,1.5,True,16,4,525
526,Igor Jesus,Nott'm Forest,FWD,1,11,1,0,0,0,0,0,0,0,0,0,0,0,2,1.0,1.5,2.0,0.5,1,0,0,1,0,0.0,0.0,0.0,0.0,False,16,4,526
527,Awoniyi,Nott'm Forest,FWD,1,0,0,0,0,0,0,0,0,0,0,0,0,0,0,0.0,0.0,0.0,0.0,0,0,0,0,0,0.0,0.0,0.0,0.0,False,16,4,527
528,Patterson,Sunderland,GK,1,0,0,0,0,0,0,0,0,0,0,0,0,0,0,0.0,0.0,0.0,0.0,0,0,0,0,0,0.0,0.0,0.0,0.0,False,17,1,528
529,Moore,Sunderland,GK,1,0,0,0,0,0,0,0,0,0,0,0,0,0,0,0.0,0.0,0.0,0.0,0,0,0,0,0,0.0,0.0,0.0,0.0,False,17,1,529
530,Nna Noukeu,Sunderland,GK,1,0,0,0,0,0,0,0,0,0,0,0,0,0,0,0.0,0.0,0.0,0.0,0,0,0,0,0,0.0,0.0,0.0,0.0,False,17,1,530
531,Ballard,Sunderland,DEF,1,90,17,1,0,1,0,0,0,0,0,0,0,3,53,69.6,0.5,64.0,13.4,13,4,1,14,1,0.18,0.01,0.19,0.56,True,17,2,531
532,Hume,Sunderland,DEF,1,90,6,0,0,1,0,0,0,0,0,0,0,0,27,15.2,15.8,2.0,3.3,4,3,2,6,1,0.0,0.09,0.09,0.56,False,17,2,532
533,Alese,Sunderland,DEF,1,0,0,0,0,0,0,0,0,0,0,0,0,0,0,0.0,0.0,0.0,0.0,0,0,0,0,0,0.0,0.0,0.0,0.0,False,17,2,533
534,Anderson,Sunderland,DEF,1,0,0,0,0,0,0,0,0,0,0,0,0,0,0,0.0,0.0,0.0,0.0,0,0,0,0,0,0.0,0.0,0.0,0.0,False,17,2,534
535,Cirkin,Sunderland,DEF,1,0,0,0,0,0,0,0,0,0,0,0,0,0,0,0.0,0.0,0.0,0.0,0,0,0,0,0,0.0,0.0,0.0,0.0,False,17,2,535
536,Hjelde,Sunderland,DEF,1,0,0,0,0,0,0,0,0,0,0,0,0,0,0,0.0,0.0,0.0,0.0,0,0,0,0,0,0.0,0.0,0.0,0.0,False,17,2,536
537,Huggins,Sunderland,DEF,1,0,0,0,0,0,0,0,0,0,0,0,0,0,0,0.0,0.0,0.0,0.0,0,0,0,0,0,0.0,0.0,0.0,0.0,False,17,2,537
538,Johnson,Sunderland,DEF,1,0,0,0,0,0,0,0,0,0,0,0,0,0,0,0.0,0.0,0.0,0.0,0,0,0,0,0,0.0,0.0,0.0,0.0,False,17,2,538
539,O'Nien,Sunderland,DEF,1,0,0,0,0,0,0,0,0,0,0,0,0,0,0,0.0,0.0,0.0,0.0,0,0,0,0,0,0.0,0.0,0.0,0.0,False,17,2,539
540,Pembele,Sunderland,DEF,1,0,0,0,0,0,0,0,0,0,0,0,0,0,0,0.0,0.0,0.0,0.0,0,0,0,0,0,0.0,0.0,0.0,0.0,False,17,2,540
541,Reinildo,Sunderland,DEF,1,90,6,0,0,1,0,0,0,0,0,0,0,0,27,13.6,2.5,0.0,1.6,6,3,2,8,1,0.0,0.0,0.0,0.56,False,17,2,541
542,Seelt,Sunderland,DEF,1,52,1,0,0,0,0,0,0,0,0,0,0,0,6,15.2,0.6,0.0,1.6,4,4,2,6,1,0.0,0.0,0.0,0.33,False,17,2,542
543,Adingra,Sunderland,MID,1,75,6,0,1,1,0,0,0,0,0,0,0,0,8,0.0,14.5,6.0,2.0,0,2,1,3,1,0.14,0.02,0.16,0.33,False,17,3,543
544,Diarra,Sunderland,MID,1,90,3,0,0,1,0,0,0,0,0,0,0,0,4,7.0,2.8,20.0,3.0,2,3,1,6,1,0.23,0.01,0.24,0.56,False,17,3,544
545,Roberts,Sunderland,MID,1,0,0,0,0,0,0,0,0,0,0,0,0,0,0,0.0,0.0,0.0,0.0,0,0,0,0,0,0.0,0.0,0.0,0.0,False,17,3,545
546,Aleksić,Sunderland,MID,1,0,0,0,0,0,0,0,0,0,0,0,0,0,0,0.0,0.0,0.0,0.0,0,0,0,0,0,0.0,0.0,0.0,0.0,False,17,3,546
547,E.Le Fée,Sunderland,MID,1,14,1,0,0,0,0,0,0,0,0,0,0,0,4,3.2,0.3,0.0,0.4,2,2,0,4,0,0.0,0.0,0.0,0.23,False,17,3,547
548,Mundle,Sunderland,MID,1,0,0,0,0,0,0,0,0,0,0,0,0,0,0,0.0,0.0,0.0,0.0,0,0,0,0,0,0.0,0.0,0.0,0.0,False,17,3,548
549,Neil,Sunderland,MID,1,0,0,0,0,0,0,0,0,0,0,0,0,0,0,0.0,0.0,0.0,0.0,0,0,0,0,0,0.0,0.0,0.0,0.0,False,17,3,549
550,Poveda,Sunderland,MID,1,0,0,0,0,0,0,0,0,0,0,0,0,0,0,0.0,0.0,0.0,0.0,0,0,0,0,0,0.0,0.0,0.0,0.0,False,17,3,550
551,Rigg,Sunderland,MID,1,1,1,0,0,0,0,0,0,0,0,0,0,0,3,0.0,0.0,0.0,0.0,0,0,0,0,0,0.0,0.0,0.0,0.03,False,17,3,551
552,Sadiki,Sunderland,MID,1,90,3,0,0,1,0,0,0,0,0,0,0,0,6,11.0,3.8,0.0,1.5,5,2,2,9,1,0.0,0.01,0.01,0.56,False,17,3,552
553,Talbi,Sunderland,MID,1,90,6,0,1,1,0,0,0,0,0,0,0,0,17,20.8,18.4,2.0,4.1,0,1,1,2,1,0.0,0.01,0.01,0.53,False,17,3,553
554,Ba,Sunderland,MID,1,0,0,0,0,0,0,0,0,0,0,0,0,0,0,0.0,0.0,0.0,0.0,0,0,0,0,0,0.0,0.0,0.0,0.0,False,17,3,554
555,Browne,Sunderland,MID,1,0,0,0,0,0,0,0,0,0,0,0,0,0,0,0.0,0.0,0.0,0.0,0,0,0,0,0,0.0,0.0,0.0,0.0,False,17,3,555
556,Ekwah,Sunderland,MID,1,0,0,0,0,0,0,0,0,0,0,0,0,0,0,0.0,0.0,0.0,0.0,0,0,0,0,0,0.0,0.0,0.0,0.0,False,17,3,556
557,H.Jones,Sunderland,MID,1,0,0,0,0,0,0,0,0,0,0,0,0,0,0,0.0,0.0,0.0,0.0,0,0,0,0,0,0.0,0.0,0.0,0.0,False,17,3,557
558,Matete,Sunderland,MID,1,0,0,0,0,0,0,0,0,0,0,0,0,0,0,0.0,0.0,0.0,0.0,0,0,0,0,0,0.0,0.0,0.0,0.0,False,17,3,558
559,Triantis,Sunderland,MID,1,0,0,0,0,0,0,0,0,0,0,0,0,0,0,0.0,0.0,0.0,0.0,0,0,0,0,0,0.0,0.0,0.0,0.0,False,17,3,559
560,Isidor,Sunderland,FWD,1,14,5,1,0,0,0,0,0,0,0,0,0,0,29,34.2,0.1,17.0,5.1,1,1,0,2,0,0.04,0.0,0.04,0.23,False,17,4,560
561,Mayenda,Sunderland,FWD,1,75,8,1,0,1,0,0,0,0,0,0,0,2,37,34.0,11.3,26.0,7.1,0,0,0,0,1,0.09,0.0,0.09,0.33,False,17,4,561
562,Abdullahi,Sunderland,FWD,1,0,0,0,0,0,0,0,0,0,0,0,0,0,0,0.0,0.0,0.0,0.0,0,0,0,0,0,0.0,0.0,0.0,0.0,False,17,4,562
563,Luís Hemir,Sunderland,FWD,1,0,0,0,0,0,0,0,0,0,0,0,0,0,0,0.0,0.0,0.0,0.0,0,0,0,0,0,0.0,0.0,0.0,0.0,False,17,4,563
564,Rusyn,Sunderland,FWD,1,0,0,0,0,0,0,0,0,0,0,0,0,0,0,0.0,0.0,0.0,0.0,0,0,0,0,0,0.0,0.0,0.0,0.0,False,17,4,564
565,Vicario,Spurs,GK,1,90,9,0,0,1,0,0,0,0,0,0,4,2,36,30.0,0.0,0.0,3.0,1,7,0,0,1,0.0,0.0,0.0,0.94,False,18,1,565
566,Austin,Spurs,GK,1,0,0,0,0,0,0,0,0,0,0,0,0,0,0,0.0,0.0,0.0,0.0,0,0,0,0,0,0.0,0.0,0.0,0.0,False,18,1,566
567,Kinsky,Spurs,GK,1,0,0,0,0,0,0,0,0,0,0,0,0,0,0,0.0,0.0,0.0,0.0,0,0,0,0,0,0.0,0.0,0.0,0.0,False,18,1,567
568,Pedro Porro,Spurs,DEF,1,90,6,0,0,1,0,0,0,0,0,0,0,0,26,21.2,42.8,1.0,6.5,2,4,2,4,1,0.02,0.26,0.28,0.94,False,18,2,568
569,Romero,Spurs,DEF,1,90,6,0,0,1,0,0,0,0,0,0,0,0,22,18.0,1.4,6.0,2.5,5,3,0,5,1,0.0,0.02,0.02,0.94,False,18,2,569
570,Danso,Spurs,DEF,1,0,0,0,0,0,0,0,0,0,0,0,0,0,0,0.0,0.0,0.0,0.0,0,0,0,0,0,0.0,0.0,0.0,0.0,False,18,2,570
571,Davies,Spurs,DEF,1,0,0,0,0,0,0,0,0,0,0,0,0,0,0,0.0,0.0,0.0,0.0,0,0,0,0,0,0.0,0.0,0.0,0.0,False,18,2,571
572,Dragusin,Spurs,DEF,1,0,0,0,0,0,0,0,0,0,0,0,0,0,0,0.0,0.0,0.0,0.0,0,0,0,0,0,0.0,0.0,0.0,0.0,False,18,2,572
573,Spence,Spurs,DEF,1,90,6,0,0,1,0,0,0,0,0,0,0,0,26,10.0,5.8,22.0,3.8,3,2,0,3,1,0.18,0.07,0.25,0.94,False,18,2,573
574,Udogie,Spurs,DEF,1,0,0,0,0,0,0,0,0,0,0,0,0,0,0,0.0,0.0,0.0,0.0,0,0,0,0,0,0.0,0.0,0.0,0.0,False,18,2,574
575,Van de Ven,Spurs,DEF,1,90,6,0,0,1,0,0,0,0,0,0,0,0,27,11.6,1.0,14.0,2.7,5,4,1,6,1,0.59,0.01,0.6,0.94,False,18,2,575
576,Phillips,Spurs,DEF,1,0,0,0,0,0,0,0,0,0,0,0,0,0,0,0.0,0.0,0.0,0.0,0,0,0,0,0,0.0,0.0,0.0,0.0,False,18,2,576
577,Takai,Spurs,DEF,1,0,0,0,0,0,0,0,0,0,0,0,0,0,0,0.0,0.0,0.0,0.0,0,0,0,0,0,0.0,0.0,0.0,0.0,False,18,2,577
578,Vuskovic,Spurs,DEF,1,0,0,0,0,0,0,0,0,0,0,0,0,0,0,0.0,0.0,0.0,0.0,0,0,0,0,0,0.0,0.0,0.0,0.0,False,18,2,578
579,Son,Spurs,MID,1,0,0,0,0,0,0,0,0,0,0,0,0,0,0,0.0,0.0,0.0,0.0,0,0,0,0,0,0.0,0.0,0.0,0.0,False,18,3,579
580,Johnson,Spurs,MID,1,79,8,1,0,1,0,0,0,0,0,0,0,0,30,40.4,27.1,20.0,8.8,1,1,1,3,1,0.5,0.06,0.56,0.94,False,18,3,580
581,Maddison,Spurs,MID,1,0,0,0,0,0,0,0,0,0,0,0,0,0,0,0.0,0.0,0.0,0.0,0,0,0,0,0,0.0,0.0,0.0,0.0,False,18,3,581
582,Kudus,Spurs,MID,1,84,10,0,2,1,0,0,0,0,0,0,0,1,35,45.4,74.0,11.0,13.0,0,3,1,4,1,0.06,0.58,0.64,0.94,True,18,3,582
583,Kulusevski,Spurs,MID,1,0,0,0,0,0,0,0,0,0,0,0,0,0,0,0.0,0.0,0.0,0.0,0,0,0,0,0,0.0,0.0,0.0,0.0,False,18,3,583
584,Tel,Spurs,MID,1,5,1,0,0,0,0,0,0,0,0,0,0,0,1,0.0,0.1,0.0,0.0,0,0,0,0,0,0.0,0.0,0.0,0.0,False,18,3,584
585,Bentancur,Spurs,MID,1,19,1,0,0,0,0,0,0,0,0,0,0,0,5,4.8,0.8,0.0,0.6,1,1,1,3,0,0.0,0.0,0.0,0.04,False,18,3,585
586,Bergvall,Spurs,MID,1,79,3,0,0,1,0,0,0,0,0,0,0,0,13,10.4,3.3,33.0,4.7,1,1,2,4,1,0.12,0.01,0.13,0.94,False,18,3,586
587,Bissouma,Spurs,MID,1,0,0,0,0,0,0,0,0,0,0,0,0,0,0,0.0,0.0,0.0,0.0,0,0,0,0,0,0.0,0.0,0.0,0.0,False,18,3,587
588,Odobert,Spurs,MID,1,10,1,0,0,0,0,0,0,0,0,0,0,0,4,2.2,10.5,0.0,1.3,0,1,0,1,0,0.0,0.01,0.01,0.0,False,18,3,588
589,Solomon,Spurs,MID,1,0,0,0,0,0,0,0,0,0,0,0,0,0,0,0.0,0.0,0.0,0.0,0,0,0,0,0,0.0,0.0,0.0,0.0,False,18,3,589
590,Bryan,Spurs,MID,1,0,0,0,0,0,0,0,0,0,0,0,0,0,0,0.0,0.0,0.0,0.0,0,0,0,0,0,0.0,0.0,0.0,0.0,False,18,3,590
591,Gray,Spurs,MID,1,70,3,0,0,1,0,0,0,0,0,0,0,0,13,3.6,3.0,2.0,0.9,2,5,1,8,1,0.0,0.05,0.05,0.89,False,18,3,591
592,Moore,Spurs,MID,1,0,0,0,0,0,0,0,0,0,0,0,0,0,0,0.0,0.0,0.0,0.0,0,0,0,0,0,0.0,0.0,0.0,0.0,False,18,3,592
593,P.M.Sarr,Spurs,MID,1,90,6,0,1,1,0,0,0,0,0,0,0,0,29,33.2,18.7,2.0,5.4,4,4,2,10,1,0.0,0.22,0.22,0.94,False,18,3,593
594,Min-hyeok,Spurs,MID,1,0,0,0,0,0,0,0,0,0,0,0,0,0,0,0.0,0.0,0.0,0.0,0,0,0,0,0,0.0,0.0,0.0,0.0,False,18,3,594
595,Olusesi,Spurs,MID,1,0,0,0,0,0,0,0,0,0,0,0,0,0,0,0.0,0.0,0.0,0.0,0,0,0,0,0,0.0,0.0,0.0,0.0,False,18,3,595
596,Solanke,Spurs,FWD,1,19,1,0,0,0,0,0,0,0,0,0,0,0,5,2.0,0.3,6.0,0.8,1,0,1,2,0,0.08,0.0,0.08,0.04,False,18,4,596
597,Richarlison,Spurs,FWD,1,71,13,2,0,1,0,0,0,0,0,0,0,3,61,73.6,0.5,80.0,15.4,3,2,0,5,1,0.78,0.01,0.79,0.89,True,18,4,597
598,Lankshear,Spurs,FWD,1,0,0,0,0,0,0,0,0,0,0,0,0,0,0,0.0,0.0,0.0,0.0,0,0,0,0,0,0.0,0.0,0.0,0.0,False,18,4,598
599,Scarlett,Spurs,FWD,1,0,0,0,0,0,0,0,0,0,0,0,0,0,0,0.0,0.0,0.0,0.0,0,0,0,0,0,0.0,0.0,0.0,0.0,False,18,4,599
600,Areola,West Ham,GK,1,0,0,0,0,0,0,0,0,0,0,0,0,0,0,0.0,0.0,0.0,0.0,0,0,0,0,0,0.0,0.0,0.0,0.0,False,19,1,600
601,Foderingham,West Ham,GK,1,0,0,0,0,0,0,0,0,0,0,0,0,0,0,0.0,0.0,0.0,0.0,0,0,0,0,0,0.0,0.0,0.0,0.0,False,19,1,601
602,Hegyi,West Ham,GK,1,0,0,0,0,0,0,0,0,0,0,0,0,0,0,0.0,0.0,0.0,0.0,0,0,0,0,0,0.0,0.0,0.0,0.0,False,19,1,602
603,Diouf,West Ham,DEF,1,90,1,0,0,0,3,0,0,0,0,0,0,0,4,10.8,30.7,10.0,5.2,3,3,0,3,1,0.16,0.07,0.23,0.68,False,19,2,603
604,Emerson,West Ham,DEF,1,0,0,0,0,0,0,0,0,0,0,0,0,0,0,0.0,0.0,0.0,0.0,0,0,0,0,0,0.0,0.0,0.0,0.0,False,19,2,604
605,Kilman,West Ham,DEF,1,90,0,0,0,0,3,0,0,0,1,0,0,0,4,27.2,16.2,0.0,4.3,6,2,3,9,1,0.0,0.03,0.03,0.68,False,19,2,605
606,Mavropanos,West Ham,DEF,1,0,0,0,0,0,0,0,0,0,0,0,0,0,0,0.0,0.0,0.0,0.0,0,0,0,0,0,0.0,0.0,0.0,0.0,False,19,2,606
607,N.Aguerd,West Ham,DEF,1,90,1,0,0,0,3,0,0,0,0,0,0,0,1,14.6,3.0,0.0,1.8,2,4,0,2,1,0.0,0.02,0.02,0.68,False,19,2,607
608,Scarles,West Ham,DEF,1,0,0,0,0,0,0,0,0,0,0,0,0,0,0,0.0,0.0,0.0,0.0,0,0,0,0,0,0.0,0.0,0.0,0.0,False,19,2,608
609,Todibo,West Ham,DEF,1,81,1,0,0,0,2,0,0,0,0,0,0,0,9,19.8,3.1,0.0,2.3,5,2,3,8,1,0.0,0.01,0.01,0.64,False,19,2,609
610,Wan-Bissaka,West Ham,DEF,1,90,1,0,0,0,3,0,0,0,0,0,0,0,9,17.8,24.7,8.0,5.1,2,6,1,3,1,0.0,0.07,0.07,0.68,False,19,2,610
611,Casey,West Ham,DEF,1,0,0,0,0,0,0,0,0,0,0,0,0,0,0,0.0,0.0,0.0,0.0,0,0,0,0,0,0.0,0.0,0.0,0.0,False,19,2,611
612,L.Paquetá,West Ham,MID,1,90,2,0,0,0,3,0,0,0,0,0,0,0,11,5.8,14.2,4.0,2.4,0,5,1,6,1,0.0,0.08,0.08,0.68,False,19,3,612
613,Souček,West Ham,MID,1,19,1,0,0,0,2,0,0,0,0,0,0,0,4,4.2,1.3,19.0,2.5,1,0,0,1,0,0.07,0.0,0.07,0.08,False,19,3,613
614,Ward-Prowse,West Ham,MID,1,70,2,0,0,0,1,0,0,0,0,0,0,0,13,5.8,15.2,2.0,2.3,0,2,1,3,1,0.0,0.02,0.02,0.6,False,19,3,614
615,Summerville,West Ham,MID,1,0,0,0,0,0,0,0,0,0,0,0,0,0,0,0.0,0.0,0.0,0.0,0,0,0,0,0,0.0,0.0,0.0,0.0,False,19,3,615
616,Álvarez,West Ham,MID,1,0,0,0,0,0,0,0,0,0,0,0,0,0,0,0.0,0.0,0.0,0.0,0,0,0,0,0,0.0,0.0,0.0,0.0,False,19,3,616
617,Cornet,West Ham,MID,1,0,0,0,0,0,0,0,0,0,0,0,0,0,0,0.0,0.0,0.0,0.0,0,0,0,0,0,0.0,0.0,0.0,0.0,False,19,3,617
618,G.Rodriguez,West Ham,MID,1,70,2,0,0,0,1,0,0,0,0,0,0,0,11,2.2,2.3,2.0,0.7,0,4,0,4,1,0.03,0.03,0.06,0.6,False,19,3,618
619,L.Guilherme,West Ham,MID,1,0,0,0,0,0,0,0,0,0,0,0,0,0,0,0.0,0.0,0.0,0.0,0,0,0,0,0,0.0,0.0,0.0,0.0,False,19,3,619
620,Earthy,West Ham,MID,1,0,0,0,0,0,0,0,0,0,0,0,0,0,0,0.0,0.0,0.0,0.0,0,0,0,0,0,0.0,0.0,0.0,0.0,False,19,3,620
621,Irving,West Ham,MID,1,8,1,0,0,0,1,0,0,0,0,0,0,0,6,4.4,14.8,0.0,1.9,0,1,1,2,0,0.0,0.06,0.06,0.04,False,19,3,621
622,Orford,West Ham,MID,1,0,0,0,0,0,0,0,0,0,0,0,0,0,0,0.0,0.0,0.0,0.0,0,0,0,0,0,0.0,0.0,0.0,0.0,False,19,3,622
623,Potts,West Ham,MID,1,0,0,0,0,0,0,0,0,0,0,0,0,0,0,0.0,0.0,0.0,0.0,0,0,0,0,0,0.0,0.0,0.0,0.0,False,19,3,623
624,Bowen,West Ham,FWD,1,90,2,0,0,0,3,0,0,0,0,0,0,0,13,10.6,4.3,34.0,4.9,0,6,2,8,1,0.15,0.05,0.2,0.68,False,19,4,624
625,Füllkrug,West Ham,FWD,1,90,2,0,0,0,3,0,0,0,0,0,0,0,-1,0.8,14.5,34.0,4.9,0,0,0,0,1,0.14,0.08,0.22,0.68,False,19,4,625
626,Marshall,West Ham,FWD,1,0,0,0,0,0,0,0,0,0,0,0,0,0,0,0.0,0.0,0.0,0.0,0,0,0,0,0,0.0,0.0,0.0,0.0,False,19,4,626
627,Johnstone,Wolves,GK,1,0,0,0,0,0,0,0,0,0,0,0,0,0,0,0.0,0.0,0.0,0.0,0,0,0,0,0,0.0,0.0,0.0,0.0,False,20,1,627
628,José Sá,Wolves,GK,1,90,0,0,0,0,4,0,0,0,0,0,0,0,-8,3.6,0.0,0.0,0.4,1,6,0,0,1,0.0,0.0,0.0,2.47,False,20,1,628
629,Bentley,Wolves,GK,1,0,0,0,0,0,0,0,0,0,0,0,0,0,0,0.0,0.0,0.0,0.0,0,0,0,0,0,0.0,0.0,0.0,0.0,False,20,1,629
630,King,Everton,GK,1,0,0,0,0,0,0,0,0,0,0,0,0,0,0,0.0,0.0,0.0,0.0,0,0,0,0,0,0.0,0.0,0.0,0.0,False,9,1,630
631,Agbadou,Wolves,DEF,1,90,0,0,0,0,4,0,0,0,0,0,0,0,-7,11.8,0.3,1.0,1.3,5,2,2,7,1,0.02,0.01,0.03,2.47,False,20,2,631
632,Doherty,Wolves,DEF,1,90,-1,0,0,0,4,0,0,0,1,0,0,0,-1,9.8,5.9,0.0,1.6,2,6,3,5,1,0.0,0.01,0.01,2.47,False,20,2,632
633,H.Bueno,Wolves,DEF,1,18,1,0,0,0,1,0,0,0,0,0,0,0,0,4.4,11.1,6.0,2.2,1,2,0,1,0,0.0,0.01,0.01,0.24,False,20,2,633
634,Mosquera,Wolves,DEF,1,0,0,0,0,0,0,0,0,0,0,0,0,0,0,0.0,0.0,0.0,0.0,0,0,0,0,0,0.0,0.0,0.0,0.0,False,20,2,634
635,R.Gomes,Wolves,DEF,1,17,1,0,0,0,1,0,0,0,0,0,0,0,-1,2.2,1.0,4.0,0.7,0,0,1,1,0,0.0,0.0,0.0,0.24,False,20,2,635
636,S.Bueno,Wolves,DEF,1,0,0,0,0,0,0,0,0,0,0,0,0,0,0,0.0,0.0,0.0,0.0,0,0,0,0,0,0.0,0.0,0.0,0.0,False,20,2,636
637,Toti,Wolves,DEF,1,90,0,0,0,0,4,0,0,0,0,0,0,0,0,14.6,10.8,0.0,2.5,2,4,2,4,1,0.0,0.0,0.0,2.47,False,20,2,637
638,Hoever,Wolves,DEF,1,72,1,0,0,0,3,0,0,0,0,0,0,0,0,17.6,19.8,0.0,3.7,5,2,2,7,1,0.0,0.14,0.14,2.22,False,20,2,638
639,Meupiyou,Wolves,DEF,1,0,0,0,0,0,0,0,0,0,0,0,0,0,0,0.0,0.0,0.0,0.0,0,0,0,0,0,0.0,0.0,0.0,0.0,False,20,2,639
640,Pedro Lima,Wolves,DEF,1,0,0,0,0,0,0,0,0,0,0,0,0,0,0,0.0,0.0,0.0,0.0,0,0,0,0,0,0.0,0.0,0.0,0.0,False,20,2,640
641,Pond,Wolves,DEF,1,0,0,0,0,0,0,0,0,0,0,0,0,0,0,0.0,0.0,0.0,0.0,0,0,0,0,0,0.0,0.0,0.0,0.0,False,20,2,641
642,Hee Chan,Wolves,MID,1,8,1,0,0,0,0,0,0,0,0,0,0,0,3,3.0,10.3,0.0,1.3,0,0,1,1,0,0.0,0.02,0.02,0.19,False,20,3,642
643,André,Wolves,MID,1,71,4,0,0,0,3,0,0,0,0,0,0,0,16,15.6,1.7,0.0,1.7,3,8,4,15,1,0.0,0.01,0.01,2.22,False,20,3,643
644,Bellegarde,Wolves,MID,1,72,2,0,0,0,3,0,0,0,0,0,0,0,5,4.6,17.7,5.0,2.7,1,0,2,3,1,0.02,0.03,0.05,2.22,False,20,3,644
645,Fer López,Wolves,MID,1,18,1,0,0,0,1,0,0,0,0,0,0,0,5,3.4,0.6,19.0,2.3,0,0,0,0,0,0.08,0.02,0.1,0.24,False,20,3,645
646,Gomes,Wolves,MID,1,90,2,0,0,0,4,0,0,0,0,0,0,0,20,19.4,14.8,4.0,3.8,3,2,4,9,1,0.0,0.04,0.04,2.47,False,20,3,646
647,Guedes,Wolves,MID,1,0,0,0,0,0,0,0,0,0,0,0,0,0,0,0.0,0.0,0.0,0.0,0,0,0,0,0,0.0,0.0,0.0,0.0,False,20,3,647
648,Munetsi,Wolves,MID,1,90,2,0,0,0,4,0,0,0,0,0,0,0,10,8.4,6.5,7.0,2.2,0,4,2,6,1,0.05,0.02,0.07,2.47,False,20,3,648
649,B.Traore,Wolves,MID,1,0,0,0,0,0,0,0,0,0,0,0,0,0,0,0.0,0.0,0.0,0.0,0,0,0,0,0,0.0,0.0,0.0,0.0,False,20,3,649
650,Chirewa,Wolves,MID,1,0,0,0,0,0,0,0,0,0,0,0,0,0,0,0.0,0.0,0.0,0.0,0,0,0,0,0,0.0,0.0,0.0,0.0,False,20,3,650
651,Edozie,Wolves,MID,1,0,0,0,0,0,0,0,0,0,0,0,0,0,0,0.0,0.0,0.0,0.0,0,0,0,0,0,0.0,0.0,0.0,0.0,False,20,3,651
652,Gonzalez,Wolves,MID,1,0,0,0,0,0,0,0,0,0,0,0,0,0,0,0.0,0.0,0.0,0.0,0,0,0,0,0,0.0,0.0,0.0,0.0,False,20,3,652
653,Hodge,Wolves,MID,1,0,0,0,0,0,0,0,0,0,0,0,0,0,0,0.0,0.0,0.0,0.0,0,0,0,0,0,0.0,0.0,0.0,0.0,False,20,3,653
654,Strand Larsen,Wolves,FWD,1,81,2,0,0,0,4,0,0,0,0,0,0,0,8,11.0,2.3,45.0,5.8,3,1,1,5,1,0.38,0.01,0.39,2.28,False,20,4,654
655,Fábio Silva,Wolves,FWD,1,0,0,0,0,0,0,0,0,0,0,0,0,0,0,0.0,0.0,0.0,0.0,0,0,0,0,0,0.0,0.0,0.0,0.0,False,20,4,655
656,Kalajdžić,Wolves,FWD,1,0,0,0,0,0,0,0,0,0,0,0,0,0,0,0.0,0.0,0.0,0.0,0,0,0,0,0,0.0,0.0,0.0,0.0,False,20,4,656
657,Chiwome,Wolves,FWD,1,0,0,0,0,0,0,0,0,0,0,0,0,0,0,0.0,0.0,0.0,0.0,0,0,0,0,0,0.0,0.0,0.0,0.0,False,20,4,657
658,Fraser,Wolves,FWD,1,0,0,0,0,0,0,0,0,0,0,0,0,0,0,0.0,0.0,0.0,0.0,0,0,0,0,0,0.0,0.0,0.0,0.0,False,20,4,658
659,Walker-Peters,West Ham,DEF,1,0,0,0,0,0,0,0,0,0,0,0,0,0,0,0.0,0.0,0.0,0.0,0,0,0,0,0,0.0,0.0,0.0,0.0,False,19,2,659
660,Stach,Leeds,MID,1,90,8,0,1,1,0,0,0,0,0,0,0,0,24,28.2,63.9,22.0,11.4,7,4,2,13,1,0.27,0.29,0.56,0.55,False,11,3,660
661,Ekitiké,Liverpool,FWD,1,71,11,1,1,0,1,0,0,0,0,0,0,2,37,52.8,24.4,37.0,11.4,1,0,0,1,1,1.14,0.02,1.16,1.49,False,12,4,661
662,Mosquera,Arsenal,DEF,1,0,0,0,0,0,0,0,0,0,0,0,0,0,0,0.0,0.0,0.0,0.0,0,0,0,0,0,0.0,0.0,0.0,0.0,False,1,2,662
663,J.Arias,Wolves,MID,1,17,1,0,0,0,1,0,0,0,0,0,0,0,2,2.2,12.0,2.0,1.6,1,2,0,3,0,0.0,0.02,0.02,0.24,False,20,3,663
664,Lecomte,Fulham,GK,1,0,0,0,0,0,0,0,0,0,0,0,0,0,0,0.0,0.0,0.0,0.0,0,0,0,0,0,0.0,0.0,0.0,0.0,False,10,1,664
665,Perri,Leeds,GK,1,90,6,0,0,1,0,0,0,0,0,0,1,0,24,11.2,0.0,0.0,1.1,2,8,0,0,1,0.0,0.0,0.0,0.55,False,11,1,665
666,Gyökeres,Arsenal,FWD,1,59,1,0,0,0,0,0,0,0,0,0,0,0,0,0.4,5.5,6.0,1.2,1,1,0,2,1,0.0,0.06,0.06,0.7,False,1,4,666
667,Aznou,Everton,DEF,1,0,0,0,0,0,0,0,0,0,0,0,0,0,0,0.0,0.0,0.0,0.0,0,0,0,0,0,0.0,0.0,0.0,0.0,False,9,2,667
668,Xhaka,Sunderland,MID,1,90,3,0,0,1,0,0,0,0,0,0,0,0,10,15.4,31.8,0.0,4.7,3,2,1,6,1,0.0,0.04,0.04,0.56,False,17,3,668
669,Ndoye,Nott'm Forest,MID,1,78,9,1,0,0,1,0,0,0,0,0,0,2,29,32.2,0.8,27.0,6.0,0,3,0,3,1,0.1,0.01,0.11,1.5,False,16,3,669
670,Roefs,Sunderland,GK,1,90,8,0,0,1,0,0,0,0,0,0,4,1,31,30.0,0.0,0.0,3.0,3,10,0,0,1,0.0,0.0,0.0,0.56,False,17,1,670
671,Wilson,West Ham,FWD,1,19,1,0,0,0,2,0,0,0,0,0,0,0,2,0.0,0.0,8.0,0.5,0,1,0,1,0,0.02,0.0,0.02,0.08,False,19,4,671
672,Hato,Chelsea,DEF,1,0,0,0,0,0,0,0,0,0,0,0,0,0,0,0.0,0.0,0.0,0.0,0,0,0,0,0,0.0,0.0,0.0,0.0,False,7,2,672
673,J.Palhinha,Spurs,MID,1,10,1,0,0,0,0,0,0,0,0,0,0,0,2,0.2,0.6,0.0,0.1,0,0,0,0,0,0.0,0.0,0.0,0.0,False,18,3,673
674,Ramsdale,Newcastle,GK,1,0,0,0,0,0,0,0,0,0,0,0,0,0,0,0.0,0.0,0.0,0.0,0,0,0,0,0,0.0,0.0,0.0,0.0,False,15,1,674
675,Gunn,Nott'm Forest,GK,1,0,0,0,0,0,0,0,0,0,0,0,0,0,0,0.0,0.0,0.0,0.0,0,0,0,0,0,0.0,0.0,0.0,0.0,False,16,1,675
676,Ugochukwu,Burnley,MID,1,27,1,0,0,0,1,0,0,0,0,0,0,0,1,0.0,0.3,3.0,0.1,0,1,0,1,0,0.05,0.0,0.05,0.91,False,3,3,676
677,Guessand,Aston Villa,MID,1,0,0,0,0,0,0,0,0,0,0,0,0,0,0,0.0,0.0,0.0,0.0,0,0,0,0,0,0.0,0.0,0.0,0.0,False,2,3,677
678,Masuaku,Sunderland,DEF,1,0,0,0,0,0,0,0,0,0,0,0,0,0,0,0.0,0.0,0.0,0.0,0,0,0,0,0,0.0,0.0,0.0,0.0,False,17,2,678
679,Hermansen,West Ham,GK,1,90,1,0,0,0,3,0,0,0,0,0,2,0,3,21.0,0.0,0.0,2.1,2,6,0,0,1,0.0,0.01,0.01,0.68,False,19,1,679
680,Broja,Burnley,FWD,1,0,0,0,0,0,0,0,0,0,0,0,0,0,0,0.0,0.0,0.0,0.0,0,0,0,0,0,0.0,0.0,0.0,0.0,False,3,4,680
681,Šeško,Man Utd,FWD,1,25,1,0,0,0,0,0,0,0,0,0,0,0,2,0.0,20.5,12.0,3.2,0,1,0,1,0,0.11,0.06,0.17,0.21,False,14,4,681
682,Møller Wolfe,Wolves,DEF,1,71,1,0,0,0,3,0,0,0,0,0,0,0,-4,7.2,0.8,2.0,1.0,3,2,1,4,1,0.0,0.0,0.0,2.22,False,20,2,682
683,Alderete,Sunderland,DEF,1,37,4,0,1,0,0,0,0,0,0,0,0,0,16,30.0,14.4,0.0,4.4,4,1,1,5,0,0.0,0.12,0.12,0.23,False,17,2,683
684,Thiaw,Newcastle,DEF,1,0,0,0,0,0,0,0,0,0,0,0,0,0,0,0.0,0.0,0.0,0.0,0,0,0,0,0,0.0,0.0,0.0,0.0,False,15,2,684
685,Diakité,Bournemouth,DEF,1,90,0,0,0,0,4,0,0,0,0,0,0,0,2,14.8,0.2,0.0,1.5,7,8,2,9,1,0.0,0.0,0.0,2.21,False,4,2,685
686,Ngumoha,Liverpool,MID,1,0,0,0,0,0,0,0,0,0,0,0,0,0,0,0.0,0.0,0.0,0.0,0,0,0,0,0,0.0,0.0,0.0,0.0,False,12,3,686
687,Rees-Dottin,Bournemouth,MID,1,0,0,0,0,0,0,0,0,0,0,0,0,0,0,0.0,0.0,0.0,0.0,0,0,0,0,0,0.0,0.0,0.0,0.0,False,4,3,687
688,Wright,Aston Villa,GK,1,0,0,0,0,0,0,0,0,0,0,0,0,0,0,0.0,0.0,0.0,0.0,0,0,0,0,0,0.0,0.0,0.0,0.0,False,2,1,688
689,Seung soo,Newcastle,MID,1,0,0,0,0,0,0,0,0,0,0,0,0,0,0,0.0,0.0,0.0,0.0,0,0,0,0,0,0.0,0.0,0.0,0.0,False,15,3,689
690,Cardines,Crystal Palace,MID,1,0,0,0,0,0,0,0,0,0,0,0,0,0,0,0.0,0.0,0.0,0.0,0,0,0,0,0,0.0,0.0,0.0,0.0,False,8,3,690
