id,web_name,team,element_type,now_cost,cost_change_event,cost_change_start,transfers_in_event,transfers_out_event,selected_by_percent,status,chance_of_playing_this_round,news,minutes,total_points,expected_goals,expected_assists,expected_goal_involvements
1,Raya,1,1,55,0,0,48986,32555,21.4,a,,,180,16,0.0,0.0,0.0
2,Arrizabalaga,1,1,45,0,0,387,3773,0.8,a,,,0,0,0.0,0.0,0.0
3,Hein,1,1,40,0,0,879,1744,0.6,a,,,0,0,0.0,0.0,0.0
4,Setford,1,1,40,0,0,228,479,0.2,a,,,0,0,0.0,0.0,0.0
5,Gabriel,1,2,61,1,1,43252,40485,20.9,a,,,180,12,0.04,0.01,0.05
6,Saliba,1,2,61,1,1,44205,33721,18.1,a,,,180,15,0.0,0.01,0.01
7,Calafiori,1,2,56,1,1,121801,14123,5.8,a,,,134,26,1.3,0.02,1.32
8,J.Timber,1,2,55,0,0,152950,10795,3.7,a,,,82,24,0.81,0.05,0.86
9,Kiwior,1,2,55,0,0,170,715,0.1,a,,,0,0,0.0,0.0,0.0
10,Lewis-Skelly,1,2,55,0,0,2735,32372,3.5,a,,,44,1,0.0,0.0,0.0
11,White,1,2,55,0,0,245,11643,0.9,d,75.0,Knock - 75% chance of playing,70,6,0.01,0.01,0.02
12,Zinchenko,1,2,50,0,0,752,2664,0.4,a,,,0,0,0.0,0.0,0.0
13,Clarke,1,2,40,0,0,1313,2929,0.6,a,,,0,0,0.0,0.0,0.0
14,Kacurri,1,2,40,0,0,254,831,0.2,a,,,0,0,0.0,0.0,0.0
15,Nichols,1,2,40,0,0,232,845,0.2,a,,,0,0,0.0,0.0,0.0
16,Saka,1,3,100,0,0,47418,126140,16.0,d,,Hamstring injury - 75% chance of playing,142,9,0.26,0.12,0.38
17,Ødegaard,1,3,80,0,0,6440,36227,3.6,d,,Shoulder injury - 75% chance of playing,127,6,0.14,0.34,0.48
18,Madueke,1,3,70,0,0,2117,4736,1.0,a,,,93,4,0.0,0.11,0.11
19,Martinelli,1,3,70,0,0,1147,9434,1.3,a,,,59,1,0.02,0.01,0.03
20,Trossard,1,3,70,0,0,451,1434,0.3,a,100.0,,37,1,0.07,0.03,0.1
21,Rice,1,3,65,0,0,30417,21607,8.5,a,,,172,12,0.13,0.55,0.68
22,Merino,1,3,59,-1,-1,699,6019,0.5,a,,,7,1,0.0,0.0,0.0
23,Fábio Vieira,1,3,55,0,0,130,297,0.0,a,,,0,0,0.0,0.0,0.0
24,Nørgaard,1,3,54,-1,-1,37,6429,0.4,i,0.0,Knock - Expected back 13 Sep,0,0,0.0,0.0,0.0
25,Nwaneri,1,3,54,-1,-1,690,1889,0.2,a,,,52,1,0.02,0.01,0.03
26,Zubimendi,1,3,55,0,0,5360,12815,2.2,a,,,180,8,0.02,0.03,0.05
27,Nelson,1,3,50,0,0,331,959,0.1,a,,,0,0,0.0,0.0,0.0
28,Kabia,1,3,45,0,0,863,1730,0.3,a,,,0,0,0.0,0.0,0.0
29,Sambi,1,3,45,0,0,374,869,0.1,a,,,0,0,0.0,0.0,0.0
30,Havertz,1,4,75,0,0,91,17405,0.8,i,0.0,Knee injury - Unknown return date,30,1,0.0,0.01,0.01
31,G.Jesus,1,4,65,0,0,69,299,0.0,i,0.0,Knee injury - Unknown return date,0,0,0.0,0.0,0.0
266,Eze,1,3,75,0,0,64061,59946,10.3,a,,,83,3,0.24,0.0,0.24
662,Mosquera,1,2,55,0,0,96,618,0.1,a,,,26,1,0.0,0.0,0.0
666,Gyökeres,1,4,90,0,0,101068,68067,24.9,a,,,149,13,1.28,0.09,1.37
700,Dowman,1,3,45,0,0,6514,869,0.1,a,,,26,4,0.08,0.02,0.1
32,Martinez,2,1,50,0,0,10027,4022,1.4,a,100.0,,90,2,0.0,0.01,0.01
33,M.Bizot,2,1,45,0,0,4192,7613,0.9,a,,,90,7,0.0,0.0,0.0
34,Gauci,2,1,40,0,0,0,833,0.2,u,0.0,Has joined Port Vale on loan for the rest of the season.,0,0,0.0,0.0,0.0
35,Marschall,2,1,40,0,0,0,75,0.0,u,0.0,Has joined Stevenage permanently.,0,0,0.0,0.0,0.0
36,Cash,2,2,45,0,0,33873,16064,5.1,a,,,180,10,0.0,0.23,0.23
37,Digne,2,2,45,0,0,6294,5564,2.3,a,,,153,8,0.0,0.17,0.17
38,Konsa,2,2,45,0,0,8526,51480,15.4,a,0.0,,65,3,0.0,0.01,0.01
39,Maatsen,2,2,45,0,0,716,3293,0.7,a,,,26,1,0.01,0.06,0.07
40,Mings,2,2,45,0,0,5088,3832,1.4,a,,,180,8,0.14,0.03,0.17
41,Pau,2,2,45,0,0,690,1397,0.5,a,,,90,2,0.05,0.13,0.18
42,A.García,2,2,40,0,0,90,1187,0.2,d,25.0,Knock - 25% chance of playing,0,0,0.0,0.0,0.0
43,Alex Moreno,2,2,40,0,0,6509,30699,8.7,a,,,0,0,0.0,0.0,0.0
44,Bogarde,2,2,40,0,0,439,974,0.3,a,,,16,0,0.0,0.03,0.03
45,Sousa,2,2,40,0,0,478,1033,0.3,a,,,0,0,0.0,0.0,0.0
46,Yasin,2,2,40,0,0,293,716,0.2,a,,,0,0,0.0,0.0,0.0
47,Rogers,2,3,70,0,0,20875,39962,9.4,a,100.0,,180,5,0.12,0.17,0.29
48,Tielemans,2,3,60,0,0,3783,8530,2.1,a,,,180,5,0.04,0.12,0.16
49,Bailey,2,3,55,0,0,0,6519,0.3,u,0.0,Has joined AS Roma on loan for the rest of the season.,0,0,0.0,0.0,0.0
50,Buendía,2,3,54,0,-1,187,862,0.1,a,,,58,1,0.2,0.2,0.4
51,Iling Jr,2,3,55,0,0,110,157,0.0,a,,,0,0,0.0,0.0,0.0
53,Malen,2,3,54,0,-1,1315,10952,1.4,a,,,32,2,0.03,0.02,0.05
54,McGinn,2,3,55,0,0,1628,2966,0.7,a,,,156,5,0.04,0.22,0.26
55,Barkley,2,3,49,-1,-1,58,601,0.1,d,25.0,Knock - 25% chance of playing,0,0,0.0,0.0,0.0
56,Barrenechea,2,3,50,0,0,0,3,0.0,u,0.0,Season-long loan to Benfica,0,0,0.0,0.0,0.0
57,Dobbin,2,3,50,0,0,168,302,0.1,a,,,0,0,0.0,0.0,0.0
58,Kamara,2,3,50,0,0,607,1825,0.2,d,,Hamstring injury - 75% chance of playing,105,3,0.05,0.03,0.08
59,Onana,2,3,50,0,0,6376,8723,1.9,a,,,153,6,0.22,0.05,0.27
60,Broggio,2,3,45,0,0,994,1543,0.3,a,,,0,0,0.0,0.0,0.0
61,Dendoncker,2,3,45,0,0,0,3643,0.3,u,0.0,Has joined Real Oviedo permanently.,0,0,0.0,0.0,0.0
62,Jimoh-Aloba,2,3,45,0,0,163,240,0.1,a,,,0,0,0.0,0.0,0.0
63,Young,2,3,45,0,0,1502,3092,0.7,a,,,0,0,0.0,0.0,0.0
64,Watkins,2,4,90,0,0,18207,139147,23.8,a,,,180,4,0.54,0.08,0.62
65,Redmond,2,4,45,0,0,1983,4757,0.9,a,,,0,0,0.0,0.0,0.0
677,Guessand,2,3,65,0,0,132,417,0.1,a,,,15,1,0.0,0.01,0.01
688,Wright,2,1,40,0,0,2470,1287,0.5,a,,,0,0,0.0,0.0,0.0
701,Rowe,2,2,40,0,0,2411,206,0.1,a,,,0,0,0.0,0.0,0.0
702,Burrowes,2,3,45,0,0,1642,223,0.0,a,,,0,0,0.0,0.0,0.0
703,Proctor,2,1,40,0,0,1523,95,0.0,a,,,0,0,0.0,0.0,0.0
183,Weiss,3,1,45,0,0,119,557,0.2,a,,,0,0,0.0,0.0,0.0
184,Green,3,1,40,0,0,494,759,0.4,a,,,0,0,0.0,0.0,0.0
185,Hladký,3,1,40,0,0,134,416,0.2,a,,,0,0,0.0,0.0,0.0
186,Roberts,3,2,45,0,0,11,894,0.1,i,0.0,Knock - Expected back 14 Sep,0,0,0.0,0.0,0.0
187,Walker,3,2,45,0,0,3909,5040,1.9,a,,,180,7,0.01,0.04,0.05
188,Delcroix,3,2,40,0,0,280,1067,0.3,a,,,0,0,0.0,0.0,0.0
189,Dodgson,3,2,40,0,0,0,163,0.0,u,0.0,Has joined Stockport County on loan for the rest of the season.,0,0,0.0,0.0,0.0
190,Ekdal,3,2,40,0,0,13584,1752,0.4,a,,,180,10,0.0,0.01,0.01
191,Estève,3,2,40,0,0,23437,23502,19.2,a,,,172,7,0.05,0.01,0.06
192,Hartman,3,2,40,0,0,1809,1295,0.5,a,,,180,7,0.0,0.08,0.08
193,Humphreys,3,2,40,0,0,19,219,0.0,d,75.0,Lack of match fitness - 75% chance of playing,0,0,0.0,0.0,0.0
194,Jordan,3,2,40,0,0,17,1498,0.2,i,0.0,Knee injury - Expected back 14 Sep,0,0,0.0,0.0,0.0
195,Lucas Pires,3,2,40,0,0,122,546,0.2,a,,,0,0,0.0,0.0,0.0
196,Sambo,3,2,40,0,0,0,942,0.1,u,0.0,Has joined Sparta Rotterdam on loan for the rest of the season.,0,0,0.0,0.0,0.0
197,Sonne,3,2,40,0,0,175,414,0.2,a,,,94,2,0.03,0.08,0.11
198,Tuanzebe,3,2,40,0,0,92,10568,2.1,d,75.0,Lack of match fitness - 75% chance of playing,0,0,0.0,0.0,0.0
199,Worrall,3,2,40,0,0,118,379,0.1,a,,,7,1,0.0,0.0,0.0
200,Anthony,3,3,55,0,0,5309,929,0.2,a,,,174,15,1.21,0.38,1.59
201,Benson,3,3,55,0,0,58,131,0.0,a,,,0,0,0.0,0.0,0.0
202,Bruun Larsen,3,3,55,0,0,52,151,0.0,a,,,95,4,0.02,0.02,0.04
203,Boateng,3,3,50,0,0,64,296,0.1,a,,,0,0,0.0,0.0,0.0
204,Churlinov,3,3,50,0,0,17,106,0.0,a,,,0,0,0.0,0.0,0.0
205,Cullen,3,3,50,0,0,27289,2633,0.4,a,,,180,18,0.08,0.47,0.55
206,Edwards,3,3,50,0,0,44,622,0.1,a,,,5,1,0.0,0.0,0.0
207,Hannibal,3,3,50,0,0,656,508,0.1,a,,,144,7,0.05,0.13,0.18
208,Koleosho,3,3,50,0,0,0,440,0.0,u,0.0,Has joined Espanyol on loan for the rest of the season.,0,0,0.0,0.0,0.0
209,Laurent,3,3,50,0,0,14,151,0.0,a,,,83,3,0.11,0.13,0.24
210,Tchaouna,3,3,50,0,0,30,105,0.0,a,,,23,2,0.08,0.04,0.12
211,A.Ramsey,3,3,45,0,0,6450,37283,8.5,a,,,0,0,0.0,0.0,0.0
212,Adewumi,3,3,45,0,0,0,190,0.0,u,0.0,Has joined Cercle Brugge on loan for the rest of the season.,0,0,0.0,0.0,0.0
213,Banel,3,3,45,0,0,85,155,0.0,a,,,0,0,0.0,0.0,0.0
214,Trésor,3,3,45,0,0,108,295,0.1,a,,,0,0,0.0,0.0,0.0
215,Flemming,3,4,55,0,0,361,1067,0.2,a,,,20,2,0.0,0.0,0.0
216,Amdouni,3,4,50,0,0,16,353,0.0,i,0.0,Knee injury - Unknown return date,0,0,0.0,0.0,0.0
217,Foster,3,4,50,0,0,3591,3314,0.6,a,,,158,4,0.22,0.05,0.27
218,Barnes,3,4,45,0,0,1855,11716,2.2,a,,,0,0,0.0,0.0,0.0
219,Obafemi,3,4,45,0,0,298,1859,0.4,a,,,0,0,0.0,0.0,0.0
470,Dúbravka,3,1,40,0,0,36778,15980,34.4,a,100.0,,180,8,0.0,0.0,0.0
676,Ugochukwu,3,3,50,0,0,78,170,0.0,a,100.0,,95,4,0.07,0.02,0.09
680,Broja,3,4,55,0,0,84,2158,0.2,d,75.0,Lack of match fitness - 75% chance of playing,0,0,0.0,0.0,0.0
66,Neto,4,1,45,0,0,0,1127,0.1,u,0.0,Has joined Botafogo permanently.,0,0,0.0,0.0,0.0
67,Petrović,4,1,45,0,0,11697,7067,3.6,a,,,180,8,0.0,0.0,0.0
68,Dennis,4,1,40,0,0,2170,1891,1.1,a,,,0,0,0.0,0.0,0.0
69,McKenna,4,1,40,0,0,268,327,0.2,a,,,0,0,0.0,0.0,0.0
70,Paulsen,4,1,40,0,0,145,235,0.1,a,,,0,0,0.0,0.0,0.0
71,Zabarnyi,4,2,50,0,0,0,609,0.1,u,0.0,Has joined Paris Saint-Germain permanently.,0,0,0.0,0.0,0.0
72,Senesi,4,2,45,0,0,13980,4219,1.4,a,,,180,11,0.0,0.06,0.06
73,Smith,4,2,45,0,0,717,1069,0.4,a,,,179,7,0.0,0.09,0.09
74,Truffert,4,2,45,0,0,4653,2886,1.0,a,,,180,6,0.0,0.17,0.17
75,Akinmboni,4,2,40,0,0,483,1027,0.3,a,,,0,0,0.0,0.0,0.0
76,Bevan,4,2,40,0,0,163,510,0.2,a,,,0,0,0.0,0.0,0.0
77,Hill,4,2,40,0,0,1504,2628,0.8,a,,,3,2,0.0,0.0,0.0
78,J.Araujo,4,2,40,0,0,1570,4370,1.2,a,,,0,0,0.0,0.0,0.0
79,Mepham,4,2,40,0,0,143,537,0.2,a,,,0,0,0.0,0.0,0.0
80,Soler,4,2,40,0,0,323,829,0.3,a,,,0,0,0.0,0.0,0.0
81,Kluivert,4,3,70,0,0,1787,3177,0.6,a,50.0,,12,1,0.11,0.01,0.12
82,Semenyo,4,3,72,1,2,231892,27592,17.9,a,,,180,21,1.59,0.09,1.68
84,Tavernier,4,3,55,0,0,20536,4099,0.8,a,,,167,15,0.51,0.27,0.78
85,Adams,4,3,50,0,0,1168,1471,0.4,a,,,177,6,0.03,0.11,0.14
86,Brooks,4,3,50,0,0,1940,1276,0.3,a,,,149,7,0.36,0.86,1.22
87,Christie,4,3,50,0,0,101,326,0.1,a,75.0,,24,1,0.06,0.02,0.08
88,Cook,4,3,50,0,0,14,72,0.0,i,0.0,Knee injury - Expected back 13 Sep,0,0,0.0,0.0,0.0
89,Philip,4,3,50,0,0,102,372,0.1,a,,,0,0,0.0,0.0,0.0
90,Scott,4,3,50,0,0,210,353,0.1,a,,,138,4,0.05,0.03,0.08
91,Sinisterra,4,3,50,0,0,154,185,0.0,a,100.0,,0,0,0.0,0.0,0.0
92,Faivre,4,3,45,0,0,356,857,0.2,a,,,0,0,0.0,0.0,0.0
93,H.Traorè,4,3,45,0,0,13068,7840,1.3,a,,,16,4,0.0,0.0,0.0
94,Sadi,4,3,45,0,0,113,253,0.1,a,,,0,0,0.0,0.0,0.0
95,Silcott-Duberry,4,3,45,0,0,87,369,0.1,a,,,0,0,0.0,0.0,0.0
96,Winterburn,4,3,45,0,0,283,461,0.1,a,,,6,1,0.0,0.0,0.0
97,Evanilson,4,4,70,0,0,4395,15863,2.4,a,,,177,3,0.29,0.02,0.31
98,Enes Ünal,4,4,55,0,0,33,101,0.0,i,0.0,Knee injury - Unknown return date,0,0,0.0,0.0,0.0
99,Adu-Adjei,4,4,45,0,0,586,1694,0.3,a,,,0,0,0.0,0.0,0.0
100,Kroupi.Jr,4,4,45,0,0,6443,7588,1.3,a,,,3,2,0.0,0.0,0.0
391,Gannon-Doak,4,3,50,0,0,188,302,0.1,a,,,0,0,0.0,0.0,0.0
685,Diakité,4,2,45,0,0,2819,771,0.2,a,,,180,10,0.0,0.0,0.0
687,Rees-Dottin,4,3,45,0,0,450,912,0.1,a,,,0,0,0.0,0.0,0.0
697,Adli,4,3,55,0,0,407,117,0.0,a,,,24,1,0.0,0.02,0.02
83,O.Dango,5,3,60,0,0,17167,2241,0.3,a,100.0,,83,13,0.79,0.02,0.81
101,Kelleher,5,1,45,0,0,20408,12570,10.3,a,100.0,,180,6,0.0,0.01,0.01
102,Balcombe,5,1,40,0,0,389,657,0.3,a,,,0,0,0.0,0.0,0.0
103,Cox,5,1,40,0,0,168,271,0.2,a,,,0,0,0.0,0.0,0.0
104,Eyestone,5,1,40,0,0,51,150,0.1,a,,,0,0,0.0,0.0,0.0
105,Valdimarsson,5,1,40,0,0,301,1692,0.9,a,,,0,0,0.0,0.0,0.0
106,Collins,5,2,50,0,0,4999,2587,1.6,a,,,180,9,0.02,0.01,0.03
107,Lewis-Potter,5,2,50,0,0,1319,894,0.4,a,,,158,7,0.12,0.0,0.12
108,Ajer,5,2,45,0,0,285,586,0.2,a,,,5,1,0.0,0.0,0.0
109,Henry,5,2,45,0,0,220,515,0.2,a,,,93,2,0.0,0.04,0.04
110,Kayode,5,2,45,0,0,5585,737,0.2,a,,,174,11,0.0,0.09,0.09
111,Pinnock,5,2,45,0,0,32,1376,0.2,d,75.0,Muscle injury - 75% chance of playing,0,0,0.0,0.0,0.0
112,Roerslev,5,2,45,0,0,0,515,0.0,u,0.0,Has joined Southampton permanently.,0,0,0.0,0.0,0.0
113,Van den Berg,5,2,45,0,0,6804,1387,0.5,a,,,180,11,0.21,0.0,0.21
114,Arthur,5,2,40,0,0,408,927,0.3,a,,,0,0,0.0,0.0,0.0
115,Fredrick,5,2,40,0,0,131,490,0.2,a,,,0,0,0.0,0.0,0.0
116,Hickey,5,2,40,0,0,599,1139,0.4,a,,,13,1,0.0,0.0,0.0
117,Ji-soo,5,2,40,0,0,95,487,0.2,a,,,0,0,0.0,0.0,0.0
118,Meghoma,5,2,40,0,0,0,1052,0.1,u,0.0,Has joined Rangers on loan for the rest of the season.,0,0,0.0,0.0,0.0
120,Schade,5,3,70,0,0,1289,936,0.3,a,100.0,,123,4,0.1,0.05,0.15
121,Damsgaard,5,3,59,0,-1,2516,2861,0.8,a,,,90,5,0.06,0.24,0.3
122,Milambo,5,3,55,0,0,88,361,0.1,a,,,45,1,0.0,0.01,0.01
123,Carvalho,5,3,50,0,0,410,1840,0.3,a,,,90,2,0.03,0.03,0.06
124,Henderson,5,3,50,0,0,630,1007,0.3,a,,,89,4,0.05,0.0,0.05
125,Janelt,5,3,50,0,0,7,123,0.0,i,0.0,Heel Injury - Expected back 13 Sep,0,0,0.0,0.0,0.0
126,Jensen,5,3,50,0,0,111,373,0.1,a,,,79,3,0.13,0.04,0.17
127,Nunes,5,3,50,0,0,4,62,0.0,i,0.0,Hamstring injury - Unknown return date,0,0,0.0,0.0,0.0
128,Onyeka,5,3,50,0,0,169,288,0.1,a,,,42,5,0.0,0.0,0.0
129,Yarmoliuk,5,3,50,0,0,705,230,0.1,a,,,168,7,0.11,0.02,0.13
130,Donovan,5,3,45,0,0,256,474,0.1,a,,,0,0,0.0,0.0,0.0
131,Konak,5,3,45,0,0,132,640,0.2,a,,,0,0,0.0,0.0,0.0
132,Maghoma,5,3,45,0,0,13,133,0.0,d,75.0,Hamstring injury - 75% chance of playing,0,0,0.0,0.0,0.0
133,Peart-Harris,5,3,45,0,0,87,204,0.0,a,,,0,0,0.0,0.0,0.0
134,Trevitt,5,3,45,0,0,0,72,0.0,u,0.0,Has joined Wigan on loan for the rest of the season,0,0,0.0,0.0,0.0
135,Wissa,5,4,75,0,0,440,20885,1.4,d,75.0,Lack of match fitness - 75% chance of playing,0,0,0.0,0.0,0.0
136,Thiago,5,4,60,0,0,9701,5041,1.2,a,,,180,8,1.15,0.02,1.17
137,Morgan,5,4,45,0,0,770,2311,0.5,a,,,0,0,0.0,0.0,0.0
138,Steele,6,1,45,0,0,240,1272,0.4,a,,,0,0,0.0,0.0,0.0
139,Verbruggen,6,1,45,0,0,3850,20037,7.1,a,,,180,3,0.0,0.0,0.0
140,McGill,6,1,40,0,0,471,644,0.4,a,,,0,0,0.0,0.0,0.0
141,Rushworth,6,1,40,0,0,0,10,0.0,u,0.0,Has joined Coventry City on loan for the rest of the season.,0,0,0.0,0.0,0.0
142,Scherpen,6,1,40,0,0,0,12,0.0,u,0.0,Has joined Union SG permanently,0,0,0.0,0.0,0.0
143,Boscagli,6,2,45,0,0,167,481,0.1,a,,,0,0,0.0,0.0,0.0
144,Coppola,6,2,45,0,0,57,238,0.1,a,,,0,0,0.0,0.0,0.0
145,De Cuyper,6,2,45,0,0,3000,21123,5.8,a,,,156,2,0.0,0.11,0.11
146,Dunk,6,2,45,0,0,1894,3442,1.3,a,,,180,3,0.09,0.0,0.09
147,Estupiñan,6,2,45,0,0,0,175,0.0,u,0.0,Has joined AC Milan permanently,0,0,0.0,0.0,0.0
148,F.Kadıoğlu,6,2,45,0,0,182,892,0.2,a,,,44,0,0.0,0.0,0.0
149,Igor,6,2,45,0,0,78,177,0.1,a,100.0,,0,0,0.0,0.0,0.0
150,Lamptey,6,2,45,0,0,309,1466,0.4,a,,,0,0,0.0,0.0,0.0
151,Van Hecke,6,2,45,0,0,837,2964,1.1,a,,,180,3,0.02,0.14,0.16
152,Veltman,6,2,45,0,0,72,788,0.2,a,,,0,0,0.0,0.0,0.0
153,Webster,6,2,45,0,0,6,91,0.0,i,0.0,Knee injury - Unknown return date,0,0,0.0,0.0,0.0
154,Cashin,6,2,40,0,0,0,42,0.0,u,0.0,Has joined Birmingham on loan for the rest of the season.,0,0,0.0,0.0,0.0
155,Slater,6,2,40,0,0,200,536,0.2,a,,,0,0,0.0,0.0,0.0
156,Tasker,6,2,40,0,0,143,417,0.2,a,,,0,0,0.0,0.0,0.0
157,Mitoma,6,3,65,0,0,4346,25936,6.0,a,,,172,4,0.22,0.56,0.78
158,Georginio,6,3,60,0,0,1841,7946,1.3,a,,,68,6,0.07,0.0,0.07
159,March,6,3,59,0,-1,9,157,0.0,i,0.0,Knee injury - Unknown return date,0,0,0.0,0.0,0.0
160,Minteh,6,3,60,0,0,840,4954,1.0,a,,,158,5,0.18,0.57,0.75
161,Enciso,6,3,54,-1,-1,18,225,0.0,i,0.0,Knee injury - Expected back 18 Oct,0,0,0.0,0.0,0.0
162,Gruda,6,3,55,0,0,60,179,0.0,a,,,12,2,0.37,0.0,0.37
163,Hinshelwood,6,3,54,0,-1,71,374,0.1,a,,,45,1,0.0,0.01,0.01
164,O'Riley,6,3,55,0,0,6862,9786,1.8,a,,,177,12,1.23,0.17,1.4
165,Sima,6,3,55,0,0,24,113,0.0,a,,,0,0,0.0,0.0,0.0
166,Ayari,6,3,50,0,0,260,796,0.2,a,,,156,5,0.16,0.14,0.3
167,Baleba,6,3,50,0,0,5363,17061,4.4,a,,,113,4,0.02,0.01,0.03
168,Buonanotte,6,3,49,-1,-1,698,926,0.2,a,,,0,0,0.0,0.0,0.0
169,Gomez,6,3,50,0,0,61,219,0.1,a,,,44,1,0.03,0.04,0.07
170,Milner,6,3,50,0,0,133,474,0.1,a,,,2,1,0.0,0.0,0.0
171,Sarmiento,6,3,50,0,0,12,127,0.0,a,,,0,0,0.0,0.0,0.0
172,Watson,6,3,50,0,0,28,128,0.0,a,100.0,,0,0,0.0,0.0,0.0
173,Wieffer,6,3,50,0,0,174,259,0.1,a,,,174,7,0.02,0.04,0.06
174,Yalcouye,6,3,50,0,0,0,66,0.0,u,0.0,Has joined Swansea City on loan for the rest of the season.,0,0,0.0,0.0,0.0
175,Knight,6,3,45,0,0,218,359,0.1,a,,,0,0,0.0,0.0,0.0
176,Mazilu,6,3,45,0,0,75,148,0.0,a,,,0,0,0.0,0.0,0.0
177,Moran,6,3,45,0,0,0,682,0.0,u,0.0,Has joined Los Angeles FC on loan for the rest of the season.,0,0,0.0,0.0,0.0
178,Welbeck,6,4,64,-1,-1,2646,26752,3.4,a,,,111,1,1.54,0.1,1.64
179,Ferguson,6,4,55,0,0,0,144,0.0,u,0.0,Has joined AS Roma on loan for the rest of the season,0,0,0.0,0.0,0.0
180,Tzimas,6,4,55,0,0,294,823,0.1,a,,,0,0,0.0,0.0,0.0
181,Kostoulas,6,4,50,0,0,776,2392,0.4,a,,,0,0,0.0,0.0,0.0
220,Sánchez,7,1,50,0,0,33544,40605,25.3,a,,,180,11,0.0,0.0,0.0
221,Jörgensen,7,1,45,0,0,172,982,0.2,a,,,0,0,0.0,0.0,0.0
222,Penders,7,1,40,0,0,0,26,0.0,u,0.0,Has joined RC Strasbourg on loan for the rest of the season.,0,0,0.0,0.0,0.0
223,Slonina,7,1,40,0,0,156,379,0.1,a,,,0,0,0.0,0.0,0.0
224,Cucurella,7,2,61,1,1,148252,20011,23.7,a,,,158,13,0.11,0.42,0.53
225,James,7,2,55,0,0,14500,34139,5.9,a,,,99,6,0.0,0.32,0.32
226,Chalobah,7,2,50,0,0,71704,7291,2.2,a,,,158,14,0.4,0.04,0.44
227,Colwill,7,2,49,0,-1,52,2489,0.2,i,0.0,Anterior cruciate ligament - Unknown return date,0,0,0.0,0.0,0.0
228,Gusto,7,2,50,0,0,3959,7488,1.6,a,,,79,3,0.02,0.01,0.03
229,B.Badiashile,7,2,45,0,0,10,115,0.0,i,0.0,Knock - Unknown return date,0,0,0.0,0.0,0.0
230,Fofana,7,2,45,0,0,570,942,0.2,a,100.0,,21,1,0.0,0.0,0.0
231,M.Sarr,7,2,45,0,0,0,173,0.0,u,0.0,Has joined RC Strasbourg on loan for the rest of the season.,0,0,0.0,0.0,0.0
232,Tosin,7,2,45,0,0,3653,3560,1.1,a,100.0,,90,2,0.0,0.03,0.03
233,Acheampong,7,2,40,0,0,11711,18595,2.5,a,,,90,9,0.09,0.01,0.1
234,Anselmino,7,2,40,0,0,121,583,0.1,a,,,0,0,0.0,0.0,0.0
235,Palmer,7,3,105,0,0,10072,522311,53.1,d,,Groin Injury - 75% chance of playing,90,3,0.17,0.03,0.2
236,Neto,7,3,70,0,0,51806,9494,4.2,a,,,180,10,0.41,0.53,0.94
237,Enzo,7,3,65,0,0,53057,9493,4.0,a,,,168,13,1.03,0.12,1.15
238,Estêvão,7,3,65,0,0,27713,6147,1.8,a,,,112,5,0.63,0.98,1.61
239,Gittens,7,3,64,-1,-1,298,3001,0.2,a,,,66,2,0.07,0.08,0.15
240,Nkunku,7,3,60,0,0,219,3381,0.2,n,0.0,Won’t be considered for selection on 22/8. - Unknown return date,0,0,0.0,0.0,0.0
241,Caicedo,7,3,55,0,0,42047,12430,5.9,a,,,180,13,0.28,0.06,0.34
243,George,7,3,50,0,0,86,351,0.1,a,,,0,0,0.0,0.0,0.0
244,Lavia,7,3,50,0,0,8,202,0.0,i,0.0,Muscle injury - Unknown return date,0,0,0.0,0.0,0.0
245,Mudryk,7,3,50,0,0,29,58,0.0,s,0.0,Suspended - unknown return date,0,0,0.0,0.0,0.0
246,Andrey Santos,7,3,45,0,0,2412,2282,0.4,a,,,39,2,0.31,0.01,0.32
247,D.Essugo,7,3,45,0,0,132,345,0.1,a,,,0,0,0.0,0.0,0.0
248,Paez,7,3,45,0,0,0,75,0.0,u,0.0,Has joined RC Strasbourg on loan for the rest of the season.,0,0,0.0,0.0,0.0
249,João Pedro,7,4,75,0,0,288124,16807,54.4,a,,,162,17,0.69,0.13,0.82
250,Delap,7,4,65,0,0,4601,27868,3.4,a,,,78,3,0.14,0.03,0.17
251,N.Jackson,7,4,65,0,0,348,2288,0.1,n,0.0,Won’t be considered for selection on 22/8. - Unknown return date,0,0,0.0,0.0,0.0
672,Hato,7,2,49,-1,-1,551,2910,0.3,a,,,21,0,0.0,0.0,0.0
253,Henderson,8,1,50,0,0,12154,10467,7.3,a,,,180,8,0.0,0.0,0.0
254,Benitez,8,1,40,0,0,467,706,0.4,a,,,0,0,0.0,0.0,0.0
255,Matthews,8,1,40,0,0,97,185,0.1,a,,,0,0,0.0,0.0,0.0
256,Muñoz,8,2,55,0,0,38383,14777,8.9,a,,,180,10,0.05,0.32,0.37
257,Lacroix,8,2,50,0,0,7225,3921,1.4,a,,,180,11,0.1,0.0,0.1
258,Mitchell,8,2,50,0,0,9433,4803,1.8,a,,,180,10,0.0,0.09,0.09
259,Sosa,8,2,50,0,0,222,527,0.1,a,,,0,0,0.0,0.0,0.0
260,Guéhi,8,2,45,0,0,31775,18437,13.3,a,,,180,8,0.11,0.01,0.12
261,Richards,8,2,45,0,0,4968,3085,1.6,a,,,180,8,0.08,0.05,0.13
262,Chadi Riad,8,2,40,0,0,15,36,0.0,i,0.0,Knee injury - Unknown return date,0,0,0.0,0.0,0.0
263,Clyne,8,2,40,0,0,561,1686,0.6,a,,,0,0,0.0,0.0,0.0
264,Holding,8,2,40,0,0,0,247,0.0,u,0.0,Has joined Colorado Rapids permanently.,0,0,0.0,0.0,0.0
265,Kporha,8,2,40,0,0,10,136,0.0,i,0.0,Back injury - Unknown return date,0,0,0.0,0.0,0.0
267,Sarr,8,3,65,0,0,18120,12105,4.6,a,,,180,11,0.23,0.05,0.28
268,Doucouré,8,3,50,0,0,7,28,0.0,i,0.0,Knee injury - Unknown return date,0,0,0.0,0.0,0.0
269,Esse,8,3,50,0,0,466,1256,0.2,a,,,24,1,0.0,0.01,0.01
270,Hughes,8,3,50,0,0,235,372,0.1,a,,,159,3,0.12,0.27,0.39
271,Kamada,8,3,50,0,0,10,97,0.0,d,25.0,Knee injury - 25% chance of playing,0,0,0.0,0.0,0.0
272,Lerma,8,3,50,0,0,56,233,0.1,a,,,28,2,0.0,0.0,0.0
273,Wharton,8,3,50,0,0,1533,1896,0.6,a,,,171,5,0.0,0.14,0.14
274,Agbinone,8,3,45,0,0,110,221,0.1,a,,,0,0,0.0,0.0,0.0
275,Ahamada,8,3,45,0,0,67,167,0.0,a,,,0,0,0.0,0.0,0.0
276,Devenny,8,3,45,0,0,3729,5474,1.7,a,,,71,3,0.05,0.02,0.07
277,Ebiowei,8,3,45,0,0,0,48,0.0,u,0.0,Has joined Blackpool permanently.,0,0,0.0,0.0,0.0
278,J.Rak-Sakyi,8,3,45,0,0,112,309,0.1,a,,,0,0,0.0,0.0,0.0
279,M.França,8,3,45,0,0,16,102,0.0,i,0.0,Muscle injury - Expected back 24 Aug,0,0,0.0,0.0,0.0
280,Ozoh,8,3,45,0,0,0,16,0.0,u,0.0,Has joined Derby County on loan for the rest of the season.,0,0,0.0,0.0,0.0
281,Rodney,8,3,45,0,0,59,140,0.0,a,,,0,0,0.0,0.0,0.0
282,Umeh,8,3,45,0,0,56,118,0.0,a,,,0,0,0.0,0.0,0.0
283,Mateta,8,4,75,0,0,17552,34866,8.6,a,,,177,3,0.45,0.0,0.45
284,Nketiah,8,4,54,-1,-1,144,2612,0.2,i,0.0,Hamstring injury - Expected back 18 Oct,0,0,0.0,0.0,0.0
285,Édouard,8,4,50,0,0,1277,4351,0.9,a,,,2,1,0.0,0.0,0.0
286,Marsh,8,4,45,0,0,433,1325,0.3,a,,,0,0,0.0,0.0,0.0
690,Cardines,8,3,45,0,0,2541,1665,0.3,a,,,0,0,0.0,0.0,0.0
242,Dewsbury-Hall,9,3,50,0,0,4135,12610,4.3,a,,,180,4,0.0,0.73,0.73
287,Pickford,9,1,55,0,0,16083,14969,10.5,a,,,180,17,0.0,0.03,0.03
288,Travers,9,1,45,0,0,90,325,0.1,a,,,0,0,0.0,0.0,0.0
289,Tyrer,9,1,40,0,0,120,261,0.1,a,,,0,0,0.0,0.0,0.0
290,Branthwaite,9,2,54,0,-1,84,4635,0.4,i,0.0,Hamstring injury - Unknown return date,0,0,0.0,0.0,0.0
291,Tarkowski,9,2,55,0,0,14587,10571,6.8,a,,,180,12,0.2,0.01,0.21
292,Mykolenko,9,2,50,0,0,28,10561,0.6,i,0.0,Muscle injury - Unknown return date,0,0,0.0,0.0,0.0
293,O'Brien,9,2,50,0,0,1191,1373,0.6,a,,,180,8,0.17,0.02,0.19
294,Coleman,9,2,45,0,0,173,597,0.2,a,,,0,0,0.0,0.0,0.0
295,Keane,9,2,45,0,0,2037,963,0.4,a,,,180,10,0.0,0.01,0.01
296,Patterson,9,2,45,0,0,10,250,0.0,i,0.0,Hernia - Unknown return date,0,0,0.0,0.0,0.0
297,Dixon,9,2,40,0,0,210,677,0.2,a,,,0,0,0.0,0.0,0.0
298,Welch,9,2,40,0,0,107,402,0.2,a,,,0,0,0.0,0.0,0.0
299,Ndiaye,9,3,65,0,0,12542,29579,9.4,a,,,153,10,0.7,0.02,0.72
300,McNeil,9,3,59,0,-1,214,2213,0.3,a,,,19,1,0.24,0.0,0.24
301,Alcaraz,9,3,55,0,0,180,738,0.2,a,,,111,2,0.03,0.01,0.04
302,Gana,9,3,55,0,0,140,386,0.1,a,,,180,5,0.06,0.13,0.19
303,Garner,9,3,50,0,0,1218,387,0.1,a,,,180,12,0.07,0.08,0.15
304,Iroegbunam,9,3,50,0,0,38,115,0.0,a,,,140,4,0.13,0.0,0.13
305,Armstrong,9,3,45,0,0,559,489,0.1,a,100.0,,1,1,0.0,0.0,0.0
306,Bates,9,3,45,0,0,99,344,0.1,a,,,0,0,0.0,0.0,0.0
307,Ebere,9,3,45,0,0,57,162,0.0,a,,,0,0,0.0,0.0,0.0
308,Heath,9,3,45,0,0,50,161,0.0,a,,,0,0,0.0,0.0,0.0
309,Metcalfe,9,3,45,0,0,0,7,0.0,u,0.0,Has joined Bradford City permanently.,0,0,0.0,0.0,0.0
310,Barry,9,4,60,0,0,1012,3963,0.6,a,,,67,3,0.6,0.01,0.61
311,Beto,9,4,55,0,0,7344,45947,7.3,a,,,116,2,0.18,0.01,0.19
312,Y.Chermiti,9,4,50,0,0,280,830,0.2,a,,,0,0,0.0,0.0,0.0
313,Sherif,9,4,45,0,0,341,1165,0.2,a,,,0,0,0.0,0.0,0.0
419,Grealish,9,3,65,0,0,37008,9130,3.4,a,,,109,12,0.03,0.7,0.73
630,King,9,1,40,0,0,797,2498,1.5,a,,,0,0,0.0,0.0,0.0
667,Aznou,9,2,45,0,0,17,994,0.1,d,75.0,Lack of match fitness - 75% chance of playing,0,0,0.0,0.0,0.0
704,Onyango,9,3,45,0,0,140,16,0.0,a,,,0,0,0.0,0.0,0.0
705,Campbell,9,2,40,0,0,157,15,0.0,a,,,0,0,0.0,0.0,0.0
314,Leno,10,1,50,0,0,1440,2979,1.5,a,,,180,6,0.0,0.0,0.0
315,Benda,10,1,40,0,0,0,27,0.0,u,0.0,Has joined Millwall on loan for the rest of the season.,0,0,0.0,0.0,0.0
316,Robinson,10,2,50,0,0,1043,3244,0.6,d,75.0,Lack of match fitness - 75% chance of playing,28,1,0.0,0.02,0.02
317,Andersen,10,2,45,0,0,2078,4082,2.8,a,,,180,6,0.0,0.64,0.64
318,Bassey,10,2,45,0,0,1261,1130,0.5,a,,,180,3,0.11,0.01,0.12
319,Castagne,10,2,45,0,0,156,363,0.1,a,,,67,3,0.3,0.03,0.33
320,Diop,10,2,45,0,0,73,246,0.1,a,,,0,0,0.0,0.0,0.0
321,J.Cuenca,10,2,45,0,0,69,112,0.0,a,,,83,2,0.0,0.01,0.01
322,Tete,10,2,45,0,0,546,438,0.2,a,,,180,4,0.0,0.38,0.38
323,Amissah,10,2,40,0,0,134,453,0.2,a,,,0,0,0.0,0.0,0.0
324,Iwobi,10,3,65,0,0,1664,4402,1.3,a,,,155,10,0.09,0.51,0.6
325,Smith Rowe,10,3,59,0,-1,1498,3791,0.8,a,,,32,7,0.8,0.02,0.82
326,Adama,10,3,55,0,0,258,1272,0.3,a,,,24,1,0.0,0.0,0.0
327,Andreas,10,3,54,0,-1,330,1447,0.3,a,,,0,0,0.0,0.0,0.0
328,Sessegnon,10,3,54,-1,-1,50,157,0.0,d,75.0,Muscle injury - 75% chance of playing,61,2,0.0,0.14,0.14
329,Wilson,10,3,55,0,0,1155,4188,0.9,a,,,118,6,0.07,0.11,0.18
330,Berge,10,3,50,0,0,89,203,0.1,a,,,155,4,0.0,0.05,0.05
331,Cairney,10,3,50,0,0,19,131,0.0,a,,,24,0,0.0,0.0,0.0
332,Lukić,10,3,50,0,0,124,230,0.1,a,,,180,5,0.0,0.39,0.39
333,Godo,10,3,45,0,0,103,282,0.1,a,,,0,0,0.0,0.0,0.0
334,Harris,10,3,45,0,0,0,18,0.0,u,0.0,Has joined Oxford United on loan for the rest of the season.,0,0,0.0,0.0,0.0
335,King,10,3,45,0,0,9544,4910,1.2,a,,,146,4,0.35,0.14,0.49
336,Reed,10,3,45,0,0,201,955,0.2,a,,,0,0,0.0,0.0,0.0
337,Raúl,10,4,65,0,0,1725,10157,1.8,a,,,84,3,0.29,0.0,0.29
338,Muniz,10,4,55,0,0,12014,11620,2.5,a,,,94,7,0.49,0.0,0.49
664,Lecomte,10,1,40,0,0,445,1158,0.8,a,,,0,0,0.0,0.0,0.0
339,Meslier,11,1,45,0,0,294,2878,0.7,a,,,0,0,0.0,0.0,0.0
340,Cairns,11,1,40,0,0,167,367,0.2,a,,,0,0,0.0,0.0,0.0
341,Darlow,11,1,40,0,0,1232,6610,2.9,a,,,0,0,0.0,0.0,0.0
342,Bogle,11,2,45,0,0,447,600,0.2,a,100.0,,172,5,0.01,0.01,0.02
343,Struijk,11,2,45,0,0,1528,1631,0.4,a,,,180,8,0.23,0.01,0.24
344,Bijol,11,2,40,0,0,346,545,0.2,a,100.0,,0,0,0.0,0.0,0.0
345,Bornauw,11,2,40,0,0,63,184,0.1,a,100.0,,0,0,0.0,0.0,0.0
346,Byram,11,2,40,0,0,115,652,0.2,a,,,7,1,0.0,0.0,0.0
347,Gudmundsson,11,2,40,0,0,22388,10122,3.7,a,,,180,8,0.17,0.14,0.31
348,Rodon,11,2,40,0,0,8750,4305,2.3,a,,,180,9,0.0,0.0,0.0
349,Schmidt,11,2,40,0,0,90,643,0.2,a,,,0,0,0.0,0.0,0.0
350,Aaronson,11,3,55,0,0,98,360,0.1,a,,,47,2,0.0,0.25,0.25
351,Gnonto,11,3,55,0,0,427,1534,0.3,a,,,131,5,0.14,0.01,0.15
352,Harrison,11,3,54,-1,-1,114,817,0.1,a,,,12,1,0.0,0.0,0.0
353,James,11,3,55,0,0,492,1811,0.4,a,,,142,5,0.21,0.05,0.26
354,Ampadu,11,3,50,0,0,9,930,0.1,i,0.0,Knee injury - Expected back 13 Sep,77,3,0.0,0.02,0.02
355,Greenwood,11,3,50,0,0,101,656,0.1,a,,,0,0,0.0,0.0,0.0
356,Gruev,11,3,50,0,0,51,130,0.0,a,,,102,3,0.0,0.0,0.0
357,Ramazani,11,3,50,0,0,13,279,0.0,a,,,0,0,0.0,0.0,0.0
358,Tanaka,11,3,50,0,0,584,1664,0.3,d,,Knee injury - 75% chance of playing,147,4,0.09,0.03,0.12
359,Crew,11,3,45,0,0,0,56,0.0,u,0.0,Has joined Doncaster Rovers on loan for the rest of the season.,0,0,0.0,0.0,0.0
360,Gelhardt,11,3,45,0,0,0,218,0.0,u,0.0,Has joined Hull City on loan for the rest of the season.,0,0,0.0,0.0,0.0
361,Gyabi,11,3,45,0,0,121,370,0.1,a,,,0,0,0.0,0.0,0.0
362,Piroe,11,4,55,0,0,1648,12319,1.7,a,,,134,3,0.28,0.04,0.32
363,Bamford,11,4,50,0,0,1550,13952,1.7,a,,,0,0,0.0,0.0,0.0
364,Mateo Joseph,11,4,50,0,0,0,211,0.0,u,0.0,Has joined RCD Mallorca on loan for the rest of the season.,0,0,0.0,0.0,0.0
365,Nmecha,11,4,50,0,0,7140,4463,0.7,a,,,44,6,0.85,0.01,0.86
493,Longstaff,11,3,50,0,0,87,700,0.2,a,,,33,2,0.0,0.0,0.0
660,Stach,11,3,50,0,0,3989,1920,0.5,a,,,180,10,0.27,0.36,0.63
665,Perri,11,1,45,0,0,1212,1234,0.4,a,,,180,6,0.0,0.0,0.0
691,Calvert-Lewin,11,4,55,0,0,287,833,0.1,d,75.0,Lack of match fitness - 75% chance of playing,0,0,0.0,0.0,0.0
698,Okafor,11,3,55,0,0,324,85,0.0,a,75.0,,24,1,0.0,0.0,0.0
366,A.Becker,12,1,55,0,0,10005,19970,10.8,a,,,90,1,0.0,0.01,0.01
367,Mamardashvili,12,1,45,0,0,390,1924,0.4,a,,,0,0,0.0,0.0,0.0
368,Pécsi,12,1,40,0,0,77,186,0.1,a,,,0,0,0.0,0.0,0.0
369,Woodman,12,1,40,0,0,93,234,0.1,a,,,0,0,0.0,0.0,0.0
370,Frimpong,12,2,59,-1,-1,1021,353831,16.2,i,0.0,Hamstring injury - Expected back 14 Sep,59,1,0.01,0.01,0.02
371,Kerkez,12,2,60,0,0,16228,15938,6.1,a,,,59,0,0.0,0.01,0.01
372,Robertson,12,2,60,0,0,1852,3274,1.3,a,,,30,0,0.0,0.04,0.04
373,Virgil,12,2,60,0,0,50378,30438,24.5,a,,,90,3,0.18,0.01,0.19
374,Konaté,12,2,55,0,0,8949,8515,3.0,a,,,90,1,0.0,0.0,0.0
375,Bradley,12,2,50,0,0,391,803,0.1,d,50.0,Lack of match fitness - 50% chance of playing,0,0,0.0,0.0,0.0
376,Gomez,12,2,50,0,0,601,483,0.1,a,100.0,,18,1,0.0,0.0,0.0
377,Tsimikas,12,2,50,0,0,147,424,0.1,a,,,0,0,0.0,0.0,0.0
378,Nallo,12,2,40,0,0,54,319,0.1,a,,,0,0,0.0,0.0,0.0
379,R.Williams,12,2,40,0,0,161,546,0.2,a,,,0,0,0.0,0.0,0.0
380,Ramsay,12,2,40,0,0,166,515,0.2,a,,,0,0,0.0,0.0,0.0
381,M.Salah,12,3,145,0,0,71956,23135,53.9,a,,,90,8,0.26,0.11,0.37
382,Wirtz,12,3,85,0,0,29422,74819,27.1,a,,,81,2,0.14,0.28,0.42
383,Luis Díaz,12,3,80,0,0,0,553,0.1,u,0.0,Has joined Bayern Munch permanently.,0,0,0.0,0.0,0.0
384,Gakpo,12,3,75,0,0,47768,22966,8.7,a,,,90,7,0.2,0.44,0.64
385,Chiesa,12,3,65,0,0,1695,1538,0.4,a,,,8,6,0.16,0.0,0.16
386,Mac Allister,12,3,65,0,0,5969,5868,2.0,a,,,71,5,0.03,0.02,0.05
387,Szoboszlai,12,3,65,0,0,2383,5855,1.8,a,,,90,2,0.1,0.09,0.19
388,C.Jones,12,3,54,-1,-1,255,480,0.1,a,,,18,1,0.0,0.04,0.04
389,Elliott,12,3,54,0,-1,371,758,0.1,a,,,0,0,0.0,0.0,0.0
390,Gravenberch,12,3,55,0,0,1758,1088,0.2,a,100.0,,0,0,0.0,0.0,0.0
392,Endo,12,3,50,0,0,355,576,0.1,a,,,30,4,0.0,0.0,0.0
393,Bajcetic,12,3,45,0,0,99,217,0.0,a,,,0,0,0.0,0.0,0.0
394,McConnell,12,3,45,0,0,58,133,0.0,a,,,0,0,0.0,0.0,0.0
395,Morton,12,3,45,0,0,0,20,0.0,u,0.0,Has joined Lyon permanently.,0,0,0.0,0.0,0.0
396,Nyoni,12,3,45,0,0,101,404,0.1,a,,,0,0,0.0,0.0,0.0
397,Darwin,12,4,65,0,0,0,1150,0.1,u,0.0,Has joined Al-Hilal permanently.,0,0,0.0,0.0,0.0
398,Danns,12,4,45,0,0,257,774,0.1,a,,,0,0,0.0,0.0,0.0
661,Ekitiké,12,4,86,0,1,100637,40059,22.6,a,,,71,11,1.14,0.02,1.16
686,Ngumoha,12,3,45,0,0,1365,1100,0.1,a,,,0,0,0.0,0.0,0.0
692,Leoni,12,2,50,0,0,207,114,0.0,a,,,0,0,0.0,0.0,0.0
182,Trafford,13,1,50,0,0,9861,12892,2.6,a,,,180,9,0.0,0.0,0.0
399,Ederson M.,13,1,54,0,-1,2148,15438,2.4,a,,,0,0,0.0,0.0,0.0
400,Ortega Moreno,13,1,50,0,0,90,1027,0.2,a,,,0,0,0.0,0.0,0.0
401,Bettinelli,13,1,40,0,0,24,1017,0.2,i,0.0,Knock - Unknown return date,0,0,0.0,0.0,0.0
402,Aït-Nouri,13,2,61,1,1,40065,164847,22.0,d,,Ankle injury - 75% chance of playing,112,10,0.04,0.02,0.06
403,Gvardiol,13,2,59,0,-1,474,63384,5.1,i,0.0,Knock - Unknown return date,0,0,0.0,0.0,0.0
404,Akanji,13,2,54,-1,-1,1406,5686,0.8,a,,,0,0,0.0,0.0,0.0
405,Aké,13,2,55,0,0,1954,2513,0.7,a,,,67,1,0.14,0.12,0.26
406,Khusanov,13,2,55,0,0,598,2607,0.4,a,,,8,1,0.0,0.0,0.0
407,Matheus N.,13,2,54,-1,-1,572,3198,0.4,a,,,24,1,0.0,0.0,0.0
408,Rúben,13,2,55,0,0,17477,10930,4.0,a,,,180,7,0.0,0.09,0.09
409,Stones,13,2,55,0,0,4449,2689,1.0,a,,,171,7,0.0,0.03,0.03
410,Lewis,13,2,50,0,0,33375,16097,3.8,a,,,155,12,0.02,0.67,0.69
411,O’Reilly,13,2,50,0,0,269,951,0.2,a,,,24,0,0.0,0.01,0.01
412,Vitor Reis,13,2,50,0,0,0,79,0.0,u,0.0,Has joined Girona on loan for the rest of the season.,0,0,0.0,0.0,0.0
413,Marmoush,13,3,84,0,-1,17159,65391,8.1,a,,,77,2,0.77,0.01,0.78
414,Foden,13,3,80,0,0,4062,7091,1.3,a,100.0,,15,1,0.18,0.02,0.2
415,Savinho,13,3,69,0,-1,96,5311,0.6,i,0.0,Knock - Expected back 14 Sep,0,0,0.0,0.0,0.0
416,Bernardo,13,3,65,0,0,1285,4358,0.8,a,,,101,4,0.0,0.46,0.46
417,Cherki,13,3,65,0,0,20262,43170,8.4,a,,,70,7,0.06,0.47,0.53
418,Doku,13,3,65,0,0,1961,6652,1.1,a,,,101,4,0.0,0.27,0.27
420,Gündoğan,13,3,64,0,-1,258,1295,0.2,a,,,0,0,0.0,0.0,0.0
421,Rodrigo,13,3,64,0,-1,2166,3551,0.6,a,100.0,,15,1,0.05,0.02,0.07
422,Kovačić,13,3,60,0,0,14,70,0.0,i,0.0,Achilles injury - Expected back 13 Sep,0,0,0.0,0.0,0.0
423,N.Gonzalez,13,3,60,0,0,492,560,0.1,a,,,164,4,0.05,0.07,0.12
424,Bobb,13,3,55,0,0,5125,2581,0.4,a,,,164,8,0.0,0.28,0.28
425,Echeverri,13,3,54,0,-1,0,520,0.0,u,0.0,Has joined Bayer Leverkusen on loan for the rest of the season.,0,0,0.0,0.0,0.0
427,Reijnders,13,3,57,1,2,128414,46443,32.8,a,,,180,12,0.24,0.18,0.42
428,Nypan,13,3,50,0,0,0,282,0.0,u,0.0,Has joined Middlesbrough on loan for the rest of the season.,0,0,0.0,0.0,0.0
429,Phillips,13,3,50,0,0,124,360,0.1,a,,,0,0,0.0,0.0,0.0
430,Haaland,13,4,141,1,1,81167,52088,30.4,a,,,162,15,2.46,0.3,2.76
119,Mbeumo,14,3,80,0,0,73490,30337,14.7,a,,,180,4,0.42,0.34,0.76
431,Bayindir,14,1,50,0,0,2061,1468,0.4,a,,,180,4,0.0,0.03,0.03
432,Onana,14,1,50,0,0,854,1371,0.3,a,100.0,,0,0,0.0,0.0,0.0
433,Harrison,14,1,40,0,0,0,16,0.0,u,0.0,On loan to Shrewsbury Town,0,0,0.0,0.0,0.0
434,Heaton,14,1,40,0,0,307,624,0.3,a,,,0,0,0.0,0.0,0.0
435,Mee,14,1,40,0,0,89,196,0.1,a,,,0,0,0.0,0.0,0.0
436,De Ligt,14,2,50,0,0,16947,6576,2.7,a,,,180,11,0.21,0.07,0.28
437,Martinez,14,2,49,-1,-1,57,1243,0.1,i,0.0,Knee injury - Unknown return date,0,0,0.0,0.0,0.0
438,Mazraoui,14,2,49,-1,-1,86,2160,0.2,i,0.0,Knock - Unknown return date,0,0,0.0,0.0,0.0
439,D.Leon,14,2,45,0,0,89,328,0.1,a,,,0,0,0.0,0.0,0.0
440,Dalot,14,2,45,0,0,2787,5619,2.1,a,,,92,2,0.01,0.16,0.17
441,Dorgu,14,2,45,0,0,39558,11351,8.3,a,,,180,3,0.04,0.06,0.1
442,Maguire,14,2,45,0,0,969,2605,0.7,a,,,13,2,0.1,0.0,0.1
443,Shaw,14,2,45,0,0,1628,750,0.3,a,,,165,4,0.0,0.03,0.03
444,Yoro,14,2,45,0,0,14220,4416,2.1,a,,,176,10,0.18,0.03,0.21
445,Amass,14,2,40,0,0,170,595,0.2,a,,,0,0,0.0,0.0,0.0
446,Fredricson,14,2,40,0,0,51,326,0.1,a,,,0,0,0.0,0.0,0.0
447,Heaven,14,2,40,0,0,883,4404,1.4,a,,,3,1,0.0,0.0,0.0
448,Malacia,14,2,40,0,0,320,1084,0.3,a,,,0,0,0.0,0.0,0.0
449,B.Fernandes,14,3,90,0,0,66218,48805,21.2,a,,,180,4,0.97,0.35,1.32
450,Cunha,14,3,80,0,0,84361,19347,10.1,a,,,180,4,0.78,0.07,0.85
451,Rashford,14,3,70,0,0,0,110,0.0,u,0.0,Has joined Barcelona on loan for the rest of the season,0,0,0.0,0.0,0.0
452,Amad,14,3,65,0,0,3278,11248,2.5,a,,,86,2,0.16,0.06,0.22
453,Garnacho,14,3,65,0,0,336,1126,0.2,a,,,0,0,0.0,0.0,0.0
454,Antony,14,3,60,0,0,309,781,0.1,a,,,0,0,0.0,0.0,0.0
455,Mount,14,3,60,0,0,1721,1421,0.3,a,,,132,5,0.12,0.35,0.47
456,Sancho,14,3,59,-1,-1,242,723,0.1,a,,,0,0,0.0,0.0,0.0
457,Casemiro,14,3,55,0,0,765,1127,0.2,a,,,116,2,0.0,0.02,0.02
458,Mainoo,14,3,50,0,0,878,3911,0.6,a,,,0,0,0.0,0.0,0.0
459,Ugarte,14,3,50,0,0,366,989,0.2,a,,,46,2,0.03,0.01,0.04
460,Collyer,14,3,45,0,0,0,957,0.1,u,0.0,Has joined West Bromwich Albion on loan for the rest of the season.,0,0,0.0,0.0,0.0
461,Fitzgerald,14,3,45,0,0,48,144,0.0,a,,,0,0,0.0,0.0,0.0
462,J.Fletcher,14,3,45,0,0,57,175,0.0,a,,,0,0,0.0,0.0,0.0
463,Kone,14,3,45,0,0,187,384,0.1,a,,,0,0,0.0,0.0,0.0
464,Moorhouse,14,3,45,0,0,55,148,0.0,a,100.0,,0,0,0.0,0.0,0.0
465,Højlund,14,4,64,0,-1,957,3790,0.6,a,,,0,0,0.0,0.0,0.0
466,Zirkzee,14,4,60,0,0,1075,2893,0.4,a,100.0,,0,0,0.0,0.0,0.0
467,Obi,14,4,45,0,0,1270,10130,2.0,a,,,0,0,0.0,0.0,0.0
468,Wheatley,14,4,45,0,0,171,671,0.1,a,100.0,,0,0,0.0,0.0,0.0
681,Šeško,14,4,75,0,0,25216,37600,8.9,a,,,62,2,0.11,0.09,0.2
52,J.Ramsey,15,3,55,0,0,1473,2064,0.5,a,,,0,0,0.0,0.0,0.0
469,Pope,15,1,50,0,0,22182,6387,4.3,a,,,90,9,0.0,0.0,0.0
471,Gillespie,15,1,40,0,0,181,235,0.2,a,,,0,0,0.0,0.0,0.0
472,Odysseas,15,1,40,0,0,0,123,0.0,u,0.0,Has joined Sevilla on loan for the rest of the season.,0,0,0.0,0.0,0.0
473,Hall,15,2,55,0,0,5282,5785,1.7,a,,,0,0,0.0,0.0,0.0
474,Schär,15,2,55,0,0,20657,4666,3.1,a,,,90,8,0.04,0.03,0.07
475,Botman,15,2,50,0,0,870,1366,0.4,a,,,0,0,0.0,0.0,0.0
476,Burn,15,2,50,0,0,24561,6130,4.3,a,,,90,9,0.0,0.01,0.01
477,Livramento,15,2,50,0,0,35161,6032,4.4,a,,,90,9,0.0,0.03,0.03
478,Trippier,15,2,50,0,0,11201,3271,2.4,a,,,90,6,0.0,0.06,0.06
479,Krafth,15,2,45,0,0,69,140,0.0,a,,,0,0,0.0,0.0,0.0
480,Lascelles,15,2,45,0,0,79,196,0.1,a,,,0,0,0.0,0.0,0.0
481,A.Murphy,15,2,40,0,0,1020,2072,0.8,a,,,0,0,0.0,0.0,0.0
482,Ashby,15,2,40,0,0,66,323,0.1,a,,,0,0,0.0,0.0,0.0
483,Pivas,15,2,40,0,0,56,271,0.1,a,,,0,0,0.0,0.0,0.0
484,Targett,15,2,40,0,0,447,1240,0.5,a,,,0,0,0.0,0.0,0.0
485,Gordon,15,3,75,0,0,46910,7511,2.5,a,100.0,,90,3,0.55,0.03,0.58
486,Elanga,15,3,70,0,0,19182,17031,7.1,a,,,77,3,0.57,0.06,0.63
487,Barnes,15,3,65,0,0,3376,1703,0.5,a,,,89,3,0.23,0.33,0.56
488,Bruno G.,15,3,65,0,0,2798,3645,1.5,a,,,90,3,0.0,0.1,0.1
489,J.Murphy,15,3,64,0,-1,1137,6775,1.7,a,,,12,1,0.0,0.01,0.01
490,Joelinton,15,3,60,0,0,1393,1596,0.4,a,,,82,2,0.0,0.02,0.02
491,Tonali,15,3,55,0,0,3011,4969,1.7,a,,,90,3,0.0,0.18,0.18
492,Antoñito C.,15,3,50,0,0,38,133,0.0,a,100.0,,0,0,0.0,0.0,0.0
494,Willock,15,3,50,0,0,139,90,0.0,a,100.0,,0,0,0.0,0.0,0.0
495,Hayden,15,3,45,0,0,0,125,0.0,u,0.0,Has departed the club as a free agent.,0,0,0.0,0.0,0.0
496,Kuol,15,3,45,0,0,113,242,0.1,a,,,0,0,0.0,0.0,0.0
497,L.Miley,15,3,45,0,0,3350,8120,2.4,a,,,7,1,0.0,0.01,0.01
498,White,15,3,45,0,0,0,82,0.0,u,0.0,Has joined Leyton Orient on loan for the rest of the season.,0,0,0.0,0.0,0.0
499,Isak,15,4,104,0,-1,2709,59621,4.2,n,0.0,Won’t be considered for selection on 25/8. - Unknown return date,0,0,0.0,0.0,0.0
500,Osula,15,4,55,0,0,675,1098,0.2,a,,,1,1,0.03,0.02,0.05
501,Neave,15,4,45,0,0,475,1123,0.2,a,,,0,0,0.0,0.0,0.0
674,Ramsdale,15,1,50,0,0,705,2272,0.8,a,,,0,0,0.0,0.0,0.0
684,Thiaw,15,2,50,0,0,433,625,0.2,a,,,0,0,0.0,0.0,0.0
689,Seung soo,15,3,45,0,0,1185,1302,0.2,a,,,0,0,0.0,0.0,0.0
426,McAtee,16,3,55,0,0,777,797,0.2,a,,,18,1,0.0,0.03,0.03
502,Sels,16,1,50,0,0,18887,29957,18.9,a,,,180,4,0.0,0.0,0.0
503,C.Miguel,16,1,40,0,0,0,1277,0.2,u,0.0,Has joined Palmeiras permanently.,0,0,0.0,0.0,0.0
504,Turner,16,1,40,0,0,0,911,0.2,u,0.0,Has joined Lyon permanently.,0,0,0.0,0.0,0.0
505,Milenković,16,2,55,0,0,13337,16763,9.4,a,,,180,4,0.0,0.02,0.02
506,Murillo,16,2,55,0,0,7290,11430,6.5,a,,,180,3,0.0,0.18,0.18
507,Aina,16,2,50,0,0,29856,22340,14.4,a,,,180,5,0.0,0.05,0.05
508,N.Williams,16,2,50,0,0,6991,17270,9.6,a,,,180,3,0.0,0.11,0.11
509,David Carmo,16,2,45,0,0,51,160,0.0,a,,,0,0,0.0,0.0,0.0
510,Jair Cunha,16,2,45,0,0,84,258,0.1,a,,,0,0,0.0,0.0,0.0
511,Morato,16,2,45,0,0,49,272,0.1,a,,,0,0,0.0,0.0,0.0
512,O.Richards,16,2,45,0,0,39,141,0.0,a,,,0,0,0.0,0.0,0.0
513,Abbott,16,2,40,0,0,163,530,0.2,a,,,0,0,0.0,0.0,0.0
514,Boly,16,2,40,0,0,396,1386,0.5,a,,,0,0,0.0,0.0,0.0
515,Gibbs-White,16,3,75,0,0,22070,12322,5.3,a,,,164,7,0.49,0.38,0.87
516,Hudson-Odoi,16,3,60,0,0,4953,3487,1.1,a,,,161,12,0.33,0.26,0.59
517,Anderson,16,3,55,0,0,14128,12144,6.4,a,,,180,8,0.39,0.31,0.7
518,Jota,16,3,55,0,0,100,368,0.1,a,,,11,1,0.0,0.0,0.0
519,Dominguez,16,3,50,0,0,5,8,0.0,i,0.0,Knee injury - Expected back 04 Oct,0,0,0.0,0.0,0.0
520,O'Brien,16,3,50,0,0,0,9,0.0,u,0.0,Has joined Wrexham permanently.,0,0,0.0,0.0,0.0
521,Sangaré,16,3,50,0,0,170,219,0.1,a,,,177,4,0.03,0.02,0.05
522,Yates,16,3,50,0,0,75,481,0.1,a,,,8,2,0.0,0.01,0.01
523,Da Silva Moreira,16,3,45,0,0,265,675,0.2,a,,,0,0,0.0,0.0,0.0
524,Stamenic,16,3,45,0,0,0,639,0.1,u,0.0,Has joined Swansea City permanently.,0,0,0.0,0.0,0.0
525,Wood,16,4,76,0,1,172638,39378,21.6,a,,,165,15,1.16,0.07,1.23
526,Igor Jesus,16,4,59,-1,-1,1187,4336,0.7,a,,,13,2,0.08,0.0,0.08
527,Awoniyi,16,4,55,0,0,938,4152,0.6,a,,,0,0,0.0,0.0,0.0
669,Ndoye,16,3,60,0,0,18784,4275,1.1,a,,,148,16,0.1,0.36,0.46
675,Gunn,16,1,40,0,0,1545,2619,1.9,a,,,0,0,0.0,0.0,0.0
693,Hutchinson,16,3,55,0,0,271,99,0.0,a,,,8,1,0.17,0.0,0.17
696,Kalimuendo,16,4,60,0,0,432,180,0.0,a,,,19,1,0.0,0.0,0.0
699,Douglas Luiz,16,3,50,0,0,1421,311,0.0,a,,,0,0,0.0,0.0,0.0
252,Marc Guiu,17,4,45,0,0,18391,68587,18.7,a,100.0,,10,1,0.02,0.01,0.03
528,Patterson,17,1,45,0,0,260,1201,0.3,a,,,0,0,0.0,0.0,0.0
529,Moore,17,1,40,0,0,394,895,0.5,a,,,0,0,0.0,0.0,0.0
530,Nna Noukeu,17,1,40,0,0,87,238,0.2,a,,,0,0,0.0,0.0,0.0
531,Ballard,17,2,46,0,1,52301,53002,6.3,d,,Groin Injury - 75% chance of playing,98,18,0.18,0.18,0.36
532,Hume,17,2,45,0,0,892,1146,0.3,a,,,180,7,0.03,0.12,0.15
533,Alese,17,2,40,0,0,8,15,0.0,i,0.0,Shoulder injury - Expected back 13 Sep,0,0,0.0,0.0,0.0
534,Anderson,17,2,40,0,0,363,1456,0.5,a,,,0,0,0.0,0.0,0.0
535,Cirkin,17,2,40,0,0,11,105,0.0,i,0.0,Wrist Injury - Expected back 13 Sep,0,0,0.0,0.0,0.0
536,Hjelde,17,2,40,0,0,12,18,0.0,i,0.0,Achilles injury - Expected back 13 Sep,0,0,0.0,0.0,0.0
537,Huggins,17,2,40,0,0,110,623,0.2,a,,,0,0,0.0,0.0,0.0
538,Johnson,17,2,40,0,0,157,638,0.2,a,,,0,0,0.0,0.0,0.0
539,O'Nien,17,2,40,0,0,24,76,0.0,i,0.0,Shoulder injury - Expected back 13 Sep,0,0,0.0,0.0,0.0
540,Pembele,17,2,40,0,0,95,559,0.2,a,,,0,0,0.0,0.0,0.0
541,Reinildo,17,2,40,0,0,27270,13577,8.3,a,,,180,9,0.0,0.02,0.02
542,Seelt,17,2,40,0,0,283,586,0.3,a,100.0,,133,2,0.0,0.01,0.01
543,Adingra,17,3,55,0,0,3486,8973,1.8,a,,,137,7,0.14,0.11,0.25
544,Diarra,17,3,55,0,0,256,564,0.1,a,,,169,5,0.23,0.05,0.28
545,Roberts,17,3,54,0,-1,93,201,0.0,a,,,27,1,0.03,0.02,0.05
546,Aleksić,17,3,50,0,0,23,194,0.0,a,,,0,0,0.0,0.0,0.0
547,E.Le Fée,17,3,49,-1,-1,410,1693,0.3,a,,,41,2,0.04,0.05,0.09
548,Mundle,17,3,50,0,0,5,47,0.0,i,0.0,Hamstring injury - Expected back 18 Oct,0,0,0.0,0.0,0.0
549,Neil,17,3,50,0,0,13,159,0.0,a,,,0,0,0.0,0.0,0.0
550,Poveda,17,3,50,0,0,5,120,0.0,a,,,0,0,0.0,0.0,0.0
551,Rigg,17,3,50,0,0,22,273,0.1,a,,,1,1,0.0,0.0,0.0
552,Sadiki,17,3,50,0,0,96,175,0.1,a,,,180,5,0.0,0.09,0.09
553,Talbi,17,3,50,0,0,1903,2148,0.4,a,,,152,8,0.23,0.02,0.25
554,Ba,17,3,45,0,0,246,1119,0.2,a,,,0,0,0.0,0.0,0.0
555,Browne,17,3,45,0,0,138,494,0.1,a,,,0,0,0.0,0.0,0.0
556,Ekwah,17,3,45,0,0,0,123,0.0,u,0.0,Has joined AS Saint-Etienne permanently.,0,0,0.0,0.0,0.0
557,H.Jones,17,3,45,0,0,78,274,0.1,a,,,0,0,0.0,0.0,0.0
558,Matete,17,3,45,0,0,376,1077,0.3,a,,,0,0,0.0,0.0,0.0
559,Triantis,17,3,45,0,0,55,316,0.1,a,,,0,0,0.0,0.0,0.0
560,Isidor,17,4,55,0,0,1159,2461,0.3,a,,,41,6,0.04,0.0,0.04
561,Mayenda,17,4,55,0,0,15586,15185,2.1,a,,,137,10,0.39,0.0,0.39
562,Abdullahi,17,4,45,0,0,535,2812,0.5,a,,,0,0,0.0,0.0,0.0
563,Luís Hemir,17,4,45,0,0,175,843,0.2,a,,,0,0,0.0,0.0,0.0
564,Rusyn,17,4,45,0,0,249,1038,0.2,a,,,0,0,0.0,0.0,0.0
668,Xhaka,17,3,50,0,0,6299,9058,2.9,a,,,180,7,0.05,0.1,0.15
670,Roefs,17,1,45,0,0,6944,4842,1.1,a,,,180,9,0.0,0.0,0.0
678,Masuaku,17,2,40,0,0,1075,2006,0.7,a,100.0,,0,0,0.0,0.0,0.0
683,Alderete,17,2,40,0,0,4475,3714,1.3,a,,,127,5,0.06,0.14,0.2
694,Mukiele,17,2,40,0,0,4666,1720,0.4,a,,,0,0,0.0,0.0,0.0
565,Vicario,18,1,50,0,0,57294,8441,5.1,a,,,180,18,0.0,0.01,0.01
566,Austin,18,1,40,0,0,172,666,0.3,a,,,0,0,0.0,0.0,0.0
567,Kinsky,18,1,40,0,0,577,4813,1.9,a,,,0,0,0.0,0.0,0.0
568,Pedro Porro,18,2,55,0,0,106767,22844,22.8,a,,,180,11,0.1,0.39,0.49
569,Romero,18,2,50,0,0,41996,7379,4.1,a,,,180,13,0.0,0.02,0.02
570,Danso,18,2,44,-1,-1,1221,1076,0.2,a,,,1,1,0.0,0.0,0.0
571,Davies,18,2,45,0,0,161,425,0.1,a,,,0,0,0.0,0.0,0.0
572,Dragusin,18,2,45,0,0,7,27,0.0,i,0.0,Knee injury - Unknown return date,0,0,0.0,0.0,0.0
573,Spence,18,2,45,0,0,27874,3506,1.6,a,,,180,12,0.18,0.09,0.27
574,Udogie,18,2,44,-1,-1,519,4390,0.5,i,0.0,Knee injury - Expected back 30 Aug,0,0,0.0,0.0,0.0
575,Van de Ven,18,2,45,0,0,93941,20784,27.7,a,,,180,12,0.59,0.01,0.6
576,Phillips,18,2,40,0,0,0,142,0.0,u,0.0,Has joined Stoke City on loan for the rest of the season.,0,0,0.0,0.0,0.0
577,Takai,18,2,40,0,0,13,611,0.1,i,0.0,Foot injury - Unknown return date,0,0,0.0,0.0,0.0
578,Vuskovic,18,2,40,0,0,642,4539,1.0,a,,,0,0,0.0,0.0,0.0
579,Son,18,3,85,0,0,0,1965,0.2,u,0.0,Has joined Los Angeles FC permanently.,0,0,0.0,0.0,0.0
580,Johnson,18,3,70,0,0,125098,8346,4.2,a,,,156,17,0.9,0.09,0.99
581,Maddison,18,3,69,-1,-1,55,1728,0.2,i,0.0,Anterior cruciate ligament - Unknown return date,0,0,0.0,0.0,0.0
582,Kudus,18,3,66,1,1,141031,32113,28.9,a,,,169,13,0.06,0.67,0.73
583,Kulusevski,18,3,65,0,0,16,132,0.0,i,0.0,Knee injury - Unknown return date,0,0,0.0,0.0,0.0
584,Tel,18,3,64,0,-1,276,1046,0.1,a,,,5,1,0.0,0.0,0.0
585,Bentancur,18,3,55,0,0,537,642,0.2,a,,,109,4,0.0,0.0,0.0
586,Bergvall,18,3,55,0,0,195,768,0.2,a,,,83,4,0.12,0.06,0.18
587,Bissouma,18,3,54,0,-1,18,1901,0.1,i,0.0,Knock - Unknown return date,0,0,0.0,0.0,0.0
588,Odobert,18,3,54,-1,-1,137,200,0.0,a,,,22,2,0.25,0.01,0.26
589,Solomon,18,3,54,-1,-1,17,89,0.0,d,50.0,Calf injury - 50% chance of playing,0,0,0.0,0.0,0.0
590,Bryan,18,3,50,0,0,49,234,0.0,a,,,0,0,0.0,0.0,0.0
591,Gray,18,3,50,0,0,166,853,0.1,a,,,70,3,0.0,0.05,0.05
592,Moore,18,3,50,0,0,0,50,0.0,u,0.0,Has joined Rangers on loan for the rest of the season.,0,0,0.0,0.0,0.0
593,P.M.Sarr,18,3,50,0,0,15947,11180,2.8,a,,,180,9,0.03,0.23,0.26
594,Min-hyeok,18,3,45,0,0,0,215,0.0,u,0.0,Has joined Portsmouth on loan for the rest of the season.,0,0,0.0,0.0,0.0
595,Olusesi,18,3,45,0,0,346,952,0.2,a,,,0,0,0.0,0.0,0.0
596,Solanke,18,4,74,0,-1,2840,33333,3.2,a,100.0,,31,2,0.2,0.0,0.2
597,Richarlison,18,4,66,0,1,197937,21752,8.5,a,,,148,17,0.88,0.12,1.0
598,Lankshear,18,4,45,0,0,0,417,0.0,u,0.0,Has joined Oxford United on loan for the rest of the season.,0,0,0.0,0.0,0.0
599,Scarlett,18,4,45,0,0,1281,4695,0.8,a,,,0,0,0.0,0.0,0.0
673,J.Palhinha,18,3,55,0,0,8679,1577,0.4,a,,,100,12,0.14,0.0,0.14
600,Areola,19,1,45,0,0,934,20356,3.7,a,,,0,0,0.0,0.0,0.0
601,Foderingham,19,1,40,0,0,396,1101,0.6,a,,,0,0,0.0,0.0,0.0
602,Hegyi,19,1,40,0,0,100,413,0.3,a,,,0,0,0.0,0.0,0.0
603,Diouf,19,2,45,0,0,2354,19953,6.3,a,,,180,4,0.16,0.08,0.24
604,Emerson,19,2,44,-1,-1,223,1037,0.2,a,,,0,0,0.0,0.0,0.0
605,Kilman,19,2,44,-1,-1,598,1466,0.2,a,,,180,0,0.19,0.03,0.22
606,Mavropanos,19,2,45,0,0,20,214,0.1,a,,,0,0,0.0,0.0,0.0
607,N.Aguerd,19,2,45,0,0,202,507,0.1,a,,,180,3,0.1,0.03,0.13
608,Scarles,19,2,45,0,0,23,140,0.0,a,,,0,0,0.0,0.0,0.0
609,Todibo,19,2,45,0,0,132,671,0.1,a,,,126,1,0.0,0.01,0.01
610,Wan-Bissaka,19,2,45,0,0,3730,120055,20.1,a,,,180,1,0.0,0.13,0.13
611,Casey,19,2,40,0,0,0,758,0.2,u,0.0,Has joined Swansea City on loan for the rest of the season.,0,0,0.0,0.0,0.0
612,L.Paquetá,19,3,59,0,-1,12045,4397,1.0,a,,,180,11,0.07,0.17,0.24
613,Souček,19,3,59,0,-1,147,3983,0.7,a,,,88,3,0.16,0.0,0.16
614,Ward-Prowse,19,3,59,-1,-1,475,1999,0.3,a,,,160,4,0.11,0.33,0.44
615,Summerville,19,3,55,0,0,25,71,0.0,i,0.0,Hamstring injury - Unknown return date,0,0,0.0,0.0,0.0
616,Álvarez,19,3,49,-1,-1,272,1148,0.2,a,,,0,0,0.0,0.0,0.0
617,Cornet,19,3,50,0,0,21,180,0.0,a,,,0,0,0.0,0.0,0.0
618,G.Rodriguez,19,3,50,0,0,46,302,0.1,a,,,70,2,0.03,0.03,0.06
619,L.Guilherme,19,3,50,0,0,9,287,0.0,i,0.0,Shoulder injury - Unknown return date,0,0,0.0,0.0,0.0
620,Earthy,19,3,45,0,0,123,232,0.1,a,100.0,,0,0,0.0,0.0,0.0
621,Irving,19,3,45,0,0,250,1199,0.3,a,,,8,1,0.0,0.06,0.06
622,Orford,19,3,45,0,0,105,577,0.1,a,,,0,0,0.0,0.0,0.0
623,Potts,19,3,45,0,0,836,2426,0.7,a,,,45,1,0.0,0.0,0.0
624,Bowen,19,4,79,0,-1,3204,132276,11.2,a,,,180,4,0.24,0.16,0.4
625,Füllkrug,19,4,59,-1,-1,2945,32637,2.8,a,,,135,3,0.14,0.1,0.24
626,Marshall,19,4,45,0,0,1300,3975,0.7,a,,,0,0,0.0,0.0,0.0
659,Walker-Peters,19,2,45,0,0,162,1315,0.4,a,,,20,1,0.04,0.0,0.04
671,Wilson,19,4,60,0,0,595,2909,0.4,a,,,64,2,0.05,0.04,0.09
679,Hermansen,19,1,45,0,0,421,1507,0.3,a,,,180,1,0.0,0.01,0.01
627,Johnstone,20,1,45,0,0,81,372,0.1,a,,,0,0,0.0,0.0,0.0
628,José Sá,20,1,45,0,0,2033,3603,1.9,a,,,180,3,0.0,0.03,0.03
629,Bentley,20,1,40,0,0,459,1098,0.8,a,,,0,0,0.0,0.0,0.0
631,Agbadou,20,2,45,0,0,699,703,0.4,a,,,180,4,0.12,0.04,0.16
632,Doherty,20,2,45,0,0,169,508,0.2,a,,,180,0,0.0,0.03,0.03
633,H.Bueno,20,2,45,0,0,62,283,0.1,a,,,63,1,0.06,0.11,0.17
634,Mosquera,20,2,45,0,0,37,218,0.1,a,,,0,0,0.0,0.0,0.0
635,R.Gomes,20,2,45,0,0,56,312,0.1,a,,,17,1,0.0,0.0,0.0
636,S.Bueno,20,2,45,0,0,17,151,0.1,a,,,34,1,0.0,0.0,0.0
637,Toti,20,2,45,0,0,139,788,0.2,a,,,138,-2,0.0,0.0,0.0
638,Hoever,20,2,40,0,0,1898,9223,2.2,d,,Knock - 75% chance of playing,106,2,0.0,0.24,0.24
639,Meupiyou,20,2,40,0,0,0,62,0.0,u,0.0,On loan to FC Alverca,0,0,0.0,0.0,0.0
640,Pedro Lima,20,2,40,0,0,858,3125,1.1,a,,,0,0,0.0,0.0,0.0
641,Pond,20,2,40,0,0,1029,4154,1.4,a,,,0,0,0.0,0.0,0.0
642,Hee Chan,20,3,60,0,0,330,959,0.1,a,,,20,2,0.0,0.02,0.02
643,André,20,3,55,0,0,362,463,0.1,a,,,116,5,0.0,0.02,0.02
644,Bellegarde,20,3,55,0,0,63,334,0.1,a,,,117,3,0.03,0.04,0.07
645,Fer López,20,3,55,0,0,19,216,0.0,a,,,18,1,0.08,0.02,0.1
646,Gomes,20,3,55,0,0,108,427,0.1,a,,,180,3,0.0,0.06,0.06
647,Guedes,20,3,55,0,0,0,65,0.0,u,0.0,Has joined Real Sociedad permanently.,0,0,0.0,0.0,0.0
648,Munetsi,20,3,55,0,0,145,255,0.1,a,,,180,4,0.11,0.03,0.14
649,B.Traore,20,3,50,0,0,0,12,0.0,u,0.0,Has joined FC Metz on loan for the rest of the season.,0,0,0.0,0.0,0.0
650,Chirewa,20,3,45,0,0,251,1204,0.3,a,,,0,0,0.0,0.0,0.0
651,Edozie,20,3,45,0,0,225,1440,0.4,a,,,0,0,0.0,0.0,0.0
652,Gonzalez,20,3,45,0,0,1216,5660,1.4,a,,,0,0,0.0,0.0,0.0
653,Hodge,20,3,45,0,0,0,407,0.1,u,0.0,Signed by CD Tondela,0,0,0.0,0.0,0.0
654,Strand Larsen,20,4,65,0,0,6712,19965,4.5,a,,,158,4,0.48,0.02,0.5
655,Fábio Silva,20,4,50,0,0,824,3038,0.5,a,,,0,0,0.0,0.0,0.0
656,Kalajdžić,20,4,50,0,0,96,555,0.1,a,,,0,0,0.0,0.0,0.0
657,Chiwome,20,4,45,0,0,159,335,0.0,i,0.0,Knee injury - Unknown return date,0,0,0.0,0.0,0.0
658,Fraser,20,4,45,0,0,4835,12985,2.5,a,,,0,0,0.0,0.0,0.0
663,J.Arias,20,3,54,-1,-1,374,3192,0.6,a,,,72,2,0.13,0.03,0.16
682,Møller Wolfe,20,2,45,0,0,104,234,0.1,a,,,116,2,0.0,0.0,0.0
695,Tchatchoua,20,2,45,0,0,122,30,0.0,a,,,55,1,0.0,0.02,0.02
