id,web_name,first_name,second_name,position,team_name,team_short,price_m,delta_price_this_gw,delta_price_since_start,transfers_in_between_gws_current,transfers_out_between_gws_current,transfers_in,transfers_out,selected_by_percent,status,chance_of_playing_next_round,chance_of_playing_this_round,current_gw,current_gw_deadline_utc,last_updated_utc,team,element_type,now_cost,cost_change_event,cost_change_start
1,Raya,David,Raya Martín,GK,Arsenal,ARS,5.5,0.0,0.0,222703,47481,222703,47481,20.4,a,,,1,2025-08-15T17:30:00Z,2025-08-21T22:18:20Z,1,1,55,0,0
2,Arrizabalaga,Kepa,Arrizabalaga Revuelta,GK,Arsenal,ARS,4.5,0.0,0.0,1948,10129,1948,10129,0.9,a,,,1,2025-08-15T17:30:00Z,2025-08-21T22:18:20Z,1,1,45,0,0
3,Hein,Karl,Hein,GK,Arsenal,ARS,4.0,0.0,0.0,3352,4221,3352,4221,0.6,a,,,1,2025-08-15T17:30:00Z,2025-08-21T22:18:20Z,1,1,40,0,0
4,Setford,Tommy,Setford,GK,Arsenal,ARS,4.0,0.0,0.0,838,1253,838,1253,0.2,a,,,1,2025-08-15T17:30:00Z,2025-08-21T22:18:20Z,1,1,40,0,0
5,Gabriel,Gabriel,dos Santos Magalhães,DEF,Arsenal,ARS,6.0,0.0,0.0,228901,66116,228901,66116,20.2,a,,,1,2025-08-15T17:30:00Z,2025-08-21T22:18:20Z,1,2,60,0,0
6,Saliba,William,Saliba,DEF,Arsenal,ARS,6.0,0.0,0.0,219626,51662,219626,51662,16.9,a,,,1,2025-08-15T17:30:00Z,2025-08-21T22:18:20Z,1,2,60,0,0
7,Calafiori,Riccardo,Calafiori,DEF,Arsenal,ARS,5.5,0.0,0.0,182541,19503,182541,19503,3.5,a,,,1,2025-08-15T17:30:00Z,2025-08-21T22:18:20Z,1,2,55,0,0
8,J.Timber,Jurriën,Timber,DEF,Arsenal,ARS,5.5,0.0,0.0,11447,30996,11447,30996,2.1,a,,,1,2025-08-15T17:30:00Z,2025-08-21T22:18:20Z,1,2,55,0,0
9,Kiwior,Jakub,Kiwior,DEF,Arsenal,ARS,5.5,0.0,0.0,323,1761,323,1761,0.1,a,,,1,2025-08-15T17:30:00Z,2025-08-21T22:18:20Z,1,2,55,0,0
10,Lewis-Skelly,Myles,Lewis-Skelly,DEF,Arsenal,ARS,5.5,0.0,0.0,17350,61400,17350,61400,3.9,a,,,1,2025-08-15T17:30:00Z,2025-08-21T22:18:20Z,1,2,55,0,0
11,White,Benjamin,White,DEF,Arsenal,ARS,5.5,0.0,0.0,16959,6445,16959,6445,1.0,a,,,1,2025-08-15T17:30:00Z,2025-08-21T22:18:20Z,1,2,55,0,0
12,Zinchenko,Oleksandr,Zinchenko,DEF,Arsenal,ARS,5.0,0.0,0.0,2764,5763,2764,5763,0.4,a,,,1,2025-08-15T17:30:00Z,2025-08-21T22:18:20Z,1,2,50,0,0
13,Clarke,Brayden,Clarke,DEF,Arsenal,ARS,4.0,0.0,0.0,5472,6670,5472,6670,0.6,a,,,1,2025-08-15T17:30:00Z,2025-08-21T22:18:20Z,1,2,40,0,0
14,Kacurri,Maldini,Kacurri,DEF,Arsenal,ARS,4.0,0.0,0.0,1283,2253,1283,2253,0.2,a,,,1,2025-08-15T17:30:00Z,2025-08-21T22:18:20Z,1,2,40,0,0
15,Nichols,Josh,Nichols,DEF,Arsenal,ARS,4.0,0.0,0.0,981,1929,981,1929,0.2,a,,,1,2025-08-15T17:30:00Z,2025-08-21T22:18:20Z,1,2,40,0,0
16,Saka,Bukayo,Saka,MID,Arsenal,ARS,10.0,0.0,0.0,105789,88855,105789,88855,17.0,a,,,1,2025-08-15T17:30:00Z,2025-08-21T22:18:20Z,1,3,100,0,0
17,Ødegaard,Martin,Ødegaard,MID,Arsenal,ARS,8.0,0.0,0.0,37860,28504,37860,28504,3.8,a,,,1,2025-08-15T17:30:00Z,2025-08-21T22:18:20Z,1,3,80,0,0
18,Madueke,Noni,Madueke,MID,Arsenal,ARS,7.0,0.0,0.0,3001,16061,3001,16061,1.0,a,,,1,2025-08-15T17:30:00Z,2025-08-21T22:18:20Z,1,3,70,0,0
19,Martinelli,Gabriel,Martinelli Silva,MID,Arsenal,ARS,7.0,0.0,0.0,7725,15412,7725,15412,1.4,a,,,1,2025-08-15T17:30:00Z,2025-08-21T22:18:20Z,1,3,70,0,0
20,Trossard,Leandro,Trossard,MID,Arsenal,ARS,7.0,0.0,0.0,677,6141,677,6141,0.3,a,100.0,75.0,1,2025-08-15T17:30:00Z,2025-08-21T22:18:20Z,1,3,70,0,0
21,Rice,Declan,Rice,MID,Arsenal,ARS,6.5,0.0,0.0,71327,56494,71327,56494,8.3,a,,,1,2025-08-15T17:30:00Z,2025-08-21T22:18:20Z,1,3,65,0,0
22,Merino,Mikel,Merino Zazón,MID,Arsenal,ARS,6.0,0.0,0.0,3997,14310,3997,14310,0.6,a,,,1,2025-08-15T17:30:00Z,2025-08-21T22:18:20Z,1,3,60,0,0
23,Fábio Vieira,Fábio,Ferreira Vieira,MID,Arsenal,ARS,5.5,0.0,0.0,421,846,421,846,0.0,a,,,1,2025-08-15T17:30:00Z,2025-08-21T22:18:20Z,1,3,55,0,0
24,Nørgaard,Christian,Nørgaard,MID,Arsenal,ARS,5.5,0.0,0.0,1108,15914,1108,15914,0.5,d,75.0,,1,2025-08-15T17:30:00Z,2025-08-21T22:18:20Z,1,3,55,0,0
25,Nwaneri,Ethan,Nwaneri,MID,Arsenal,ARS,5.5,0.0,0.0,1517,6078,1517,6078,0.3,a,,,1,2025-08-15T17:30:00Z,2025-08-21T22:18:20Z,1,3,55,0,0
26,Zubimendi,Martín,Zubimendi Ibáñez,MID,Arsenal,ARS,5.5,0.0,0.0,29403,27498,29403,27498,2.3,a,,,1,2025-08-15T17:30:00Z,2025-08-21T22:18:20Z,1,3,55,0,0
27,Nelson,Reiss,Nelson,MID,Arsenal,ARS,5.0,0.0,0.0,1348,2497,1348,2497,0.1,a,,,1,2025-08-15T17:30:00Z,2025-08-21T22:18:20Z,1,3,50,0,0
28,Kabia,Ismeal,Kabia,MID,Arsenal,ARS,4.5,0.0,0.0,3301,4550,3301,4550,0.3,a,,,1,2025-08-15T17:30:00Z,2025-08-21T22:18:20Z,1,3,45,0,0
29,Sambi,Albert,Sambi Lokonga,MID,Arsenal,ARS,4.5,0.0,0.0,1431,2085,1431,2085,0.1,a,,,1,2025-08-15T17:30:00Z,2025-08-21T22:18:20Z,1,3,45,0,0
30,Havertz,Kai,Havertz,FWD,Arsenal,ARS,7.5,0.0,0.0,7855,30767,7855,30767,1.1,d,25.0,,1,2025-08-15T17:30:00Z,2025-08-21T22:18:20Z,1,4,75,0,0
31,G.Jesus,Gabriel,Fernando de Jesus,FWD,Arsenal,ARS,6.5,0.0,0.0,212,925,212,925,0.0,i,0.0,0.0,1,2025-08-15T17:30:00Z,2025-08-21T22:18:20Z,1,4,65,0,0
662,Mosquera,Cristhian,Mosquera,DEF,Arsenal,ARS,5.5,0.0,0.0,361,1874,361,1874,0.1,a,,,1,2025-08-15T17:30:00Z,2025-08-21T22:18:20Z,1,2,55,0,0
666,Gyökeres,Viktor,Gyökeres,FWD,Arsenal,ARS,9.0,0.0,0.0,153865,227843,153865,227843,24.8,a,,,1,2025-08-15T17:30:00Z,2025-08-21T22:18:20Z,1,4,90,0,0
32,Martinez,Emiliano,Martínez Romero,GK,Aston Villa,AVL,5.0,0.0,0.0,18061,6218,18061,6218,1.1,a,100.0,0.0,1,2025-08-15T17:30:00Z,2025-08-21T22:18:20Z,2,1,50,0,0
33,M.Bizot,Marco,Bizot,GK,Aston Villa,AVL,4.5,0.0,0.0,42314,11512,42314,11512,0.9,a,,,1,2025-08-15T17:30:00Z,2025-08-21T22:18:20Z,2,1,45,0,0
34,Gauci,Joe,Gauci,GK,Aston Villa,AVL,4.0,0.0,0.0,0,3569,0,3569,0.2,u,0.0,0.0,1,2025-08-15T17:30:00Z,2025-08-21T22:18:20Z,2,1,40,0,0
35,Marschall,Filip,Marschall,GK,Aston Villa,AVL,4.0,0.0,0.0,0,301,0,301,0.0,u,0.0,0.0,1,2025-08-15T17:30:00Z,2025-08-21T22:18:20Z,2,1,40,0,0
36,Cash,Matty,Cash,DEF,Aston Villa,AVL,4.5,0.0,0.0,211082,31707,211082,31707,4.4,a,,,1,2025-08-15T17:30:00Z,2025-08-21T22:18:20Z,2,2,45,0,0
37,Digne,Lucas,Digne,DEF,Aston Villa,AVL,4.5,0.0,0.0,41950,11127,41950,11127,2.3,a,,,1,2025-08-15T17:30:00Z,2025-08-21T22:18:20Z,2,2,45,0,0
38,Konsa,Ezri,Konsa Ngoyo,DEF,Aston Villa,AVL,4.5,0.0,0.0,18282,435878,18282,435878,17.0,s,0.0,,1,2025-08-15T17:30:00Z,2025-08-21T22:18:20Z,2,2,45,0,0
39,Maatsen,Ian,Maatsen,DEF,Aston Villa,AVL,4.5,0.0,0.0,3170,12633,3170,12633,0.8,a,,,1,2025-08-15T17:30:00Z,2025-08-21T22:18:20Z,2,2,45,0,0
40,Mings,Tyrone,Mings,DEF,Aston Villa,AVL,4.5,0.0,0.0,36253,7724,36253,7724,1.3,a,,,1,2025-08-15T17:30:00Z,2025-08-21T22:18:20Z,2,2,45,0,0
41,Pau,Pau,Torres,DEF,Aston Villa,AVL,4.5,0.0,0.0,3049,6401,3049,6401,0.5,a,,,1,2025-08-15T17:30:00Z,2025-08-21T22:18:20Z,2,2,45,0,0
42,A.García,Andrés,García,DEF,Aston Villa,AVL,4.0,0.0,0.0,404,4670,404,4670,0.3,d,25.0,25.0,1,2025-08-15T17:30:00Z,2025-08-21T22:18:20Z,2,2,40,0,0
43,Alex Moreno,Álex,Moreno Lopera,DEF,Aston Villa,AVL,4.0,0.0,0.0,28037,72883,28037,72883,9.3,a,,,1,2025-08-15T17:30:00Z,2025-08-21T22:18:20Z,2,2,40,0,0
44,Bogarde,Lamare,Bogarde,DEF,Aston Villa,AVL,4.0,0.0,0.0,1562,2714,1562,2714,0.3,a,,,1,2025-08-15T17:30:00Z,2025-08-21T22:18:20Z,2,2,40,0,0
45,Sousa,Lino,da Cruz Sousa,DEF,Aston Villa,AVL,4.0,0.0,0.0,1829,2813,1829,2813,0.4,a,,,1,2025-08-15T17:30:00Z,2025-08-21T22:18:20Z,2,2,40,0,0
46,Yasin,Yasin,Özcan,DEF,Aston Villa,AVL,4.0,0.0,0.0,1027,1986,1027,1986,0.2,a,,,1,2025-08-15T17:30:00Z,2025-08-21T22:18:20Z,2,2,40,0,0
47,Rogers,Morgan,Rogers,MID,Aston Villa,AVL,7.0,0.0,0.0,77661,100380,77661,100380,9.7,a,100.0,100.0,1,2025-08-15T17:30:00Z,2025-08-21T22:18:20Z,2,3,70,0,0
48,Tielemans,Youri,Tielemans,MID,Aston Villa,AVL,6.0,0.0,0.0,14988,29378,14988,29378,2.2,a,,,1,2025-08-15T17:30:00Z,2025-08-21T22:18:20Z,2,3,60,0,0
49,Bailey,Leon,Bailey,MID,Aston Villa,AVL,5.5,0.0,0.0,2168,15740,2168,15740,0.4,u,0.0,,1,2025-08-15T17:30:00Z,2025-08-21T22:18:20Z,2,3,55,0,0
50,Buendía,Emiliano,Buendía Stati,MID,Aston Villa,AVL,5.4,-0.1,-0.1,386,4356,386,4356,0.1,a,,,1,2025-08-15T17:30:00Z,2025-08-21T22:18:20Z,2,3,54,-1,-1
51,Iling Jr,Samuel,Iling-Junior,MID,Aston Villa,AVL,5.5,0.0,0.0,143,484,143,484,0.0,a,,,1,2025-08-15T17:30:00Z,2025-08-21T22:18:20Z,2,3,55,0,0
53,Malen,Donyell,Malen,MID,Aston Villa,AVL,5.4,-0.1,-0.1,4599,41053,4599,41053,1.6,a,,,1,2025-08-15T17:30:00Z,2025-08-21T22:18:20Z,2,3,54,-1,-1
54,McGinn,John,McGinn,MID,Aston Villa,AVL,5.5,0.0,0.0,7303,8847,7303,8847,0.7,a,,,1,2025-08-15T17:30:00Z,2025-08-21T22:18:20Z,2,3,55,0,0
55,Barkley,Ross,Barkley,MID,Aston Villa,AVL,5.0,0.0,0.0,81,2561,81,2561,0.1,d,25.0,25.0,1,2025-08-15T17:30:00Z,2025-08-21T22:18:20Z,2,3,50,0,0
56,Barrenechea,Enzo,Barrenechea,MID,Aston Villa,AVL,5.0,0.0,0.0,0,9,0,9,0.0,u,0.0,0.0,1,2025-08-15T17:30:00Z,2025-08-21T22:18:20Z,2,3,50,0,0
57,Dobbin,Lewis,Dobbin,MID,Aston Villa,AVL,5.0,0.0,0.0,499,925,499,925,0.1,a,,,1,2025-08-15T17:30:00Z,2025-08-21T22:18:20Z,2,3,50,0,0
58,Kamara,Boubacar,Kamara,MID,Aston Villa,AVL,5.0,0.0,0.0,2651,3069,2651,3069,0.2,a,,,1,2025-08-15T17:30:00Z,2025-08-21T22:18:20Z,2,3,50,0,0
59,Onana,Amadou,Onana,MID,Aston Villa,AVL,5.0,0.0,0.0,33600,20135,33600,20135,1.9,a,,,1,2025-08-15T17:30:00Z,2025-08-21T22:18:20Z,2,3,50,0,0
60,Broggio,Ben,Broggio,MID,Aston Villa,AVL,4.5,0.0,0.0,2837,3745,2837,3745,0.3,a,,,1,2025-08-15T17:30:00Z,2025-08-21T22:18:20Z,2,3,45,0,0
61,Dendoncker,Leander,Dendoncker,MID,Aston Villa,AVL,4.5,0.0,0.0,2169,5574,2169,5574,0.3,u,0.0,,1,2025-08-15T17:30:00Z,2025-08-21T22:18:20Z,2,3,45,0,0
62,Jimoh-Aloba,Jamaldeen,Jimoh-Aloba,MID,Aston Villa,AVL,4.5,0.0,0.0,398,645,398,645,0.1,a,,,1,2025-08-15T17:30:00Z,2025-08-21T22:18:20Z,2,3,45,0,0
63,Young,Kadan,Young,MID,Aston Villa,AVL,4.5,0.0,0.0,5733,8548,5733,8548,0.7,a,,,1,2025-08-15T17:30:00Z,2025-08-21T22:18:20Z,2,3,45,0,0
64,Watkins,Ollie,Watkins,FWD,Aston Villa,AVL,9.0,0.0,0.0,109881,232921,109881,232921,25.4,a,,,1,2025-08-15T17:30:00Z,2025-08-21T22:18:20Z,2,4,90,0,0
65,Redmond,Zépiqueno,Redmond,FWD,Aston Villa,AVL,4.5,0.0,0.0,9392,10505,9392,10505,0.9,a,,,1,2025-08-15T17:30:00Z,2025-08-21T22:18:20Z,2,4,45,0,0
677,Guessand,Evann,Guessand,MID,Aston Villa,AVL,6.5,0.0,0.0,321,1662,321,1662,0.1,a,,,1,2025-08-15T17:30:00Z,2025-08-21T22:18:20Z,2,3,65,0,0
688,Wright,James,Wright,GK,Aston Villa,AVL,4.0,0.0,0.0,10571,1273,10571,1273,0.4,a,,,1,2025-08-15T17:30:00Z,2025-08-21T22:18:20Z,2,1,40,0,0
183,Weiss,Max,Weiß,GK,Burnley,BUR,4.5,0.0,0.0,569,1714,569,1714,0.2,a,,,1,2025-08-15T17:30:00Z,2025-08-21T22:18:20Z,3,1,45,0,0
184,Green,Etienne,Green,GK,Burnley,BUR,4.0,0.0,0.0,2066,2085,2066,2085,0.4,a,,,1,2025-08-15T17:30:00Z,2025-08-21T22:18:20Z,3,1,40,0,0
185,Hladký,Václav,Hladký,GK,Burnley,BUR,4.0,0.0,0.0,645,1186,645,1186,0.2,a,,,1,2025-08-15T17:30:00Z,2025-08-21T22:18:20Z,3,1,40,0,0
186,Roberts,Connor,Roberts,DEF,Burnley,BUR,4.5,0.0,0.0,379,1181,379,1181,0.1,a,,,1,2025-08-15T17:30:00Z,2025-08-21T22:18:20Z,3,2,45,0,0
187,Walker,Kyle,Walker,DEF,Burnley,BUR,4.5,0.0,0.0,13175,17113,13175,17113,1.9,a,,,1,2025-08-15T17:30:00Z,2025-08-21T22:18:20Z,3,2,45,0,0
188,Delcroix,Hannes,Delcroix,DEF,Burnley,BUR,4.0,0.0,0.0,1005,2681,1005,2681,0.3,a,,,1,2025-08-15T17:30:00Z,2025-08-21T22:18:20Z,3,2,40,0,0
189,Dodgson,Owen,Dodgson,DEF,Burnley,BUR,4.0,0.0,0.0,0,761,0,761,0.0,u,0.0,0.0,1,2025-08-15T17:30:00Z,2025-08-21T22:18:20Z,3,2,40,0,0
190,Ekdal,Hjalmar,Ekdal,DEF,Burnley,BUR,4.0,0.0,0.0,3771,2050,3771,2050,0.3,a,,,1,2025-08-15T17:30:00Z,2025-08-21T22:18:20Z,3,2,40,0,0
191,Estève,Maxime,Estève,DEF,Burnley,BUR,4.0,0.0,0.0,67790,69883,67790,69883,19.6,a,,,1,2025-08-15T17:30:00Z,2025-08-21T22:18:20Z,3,2,40,0,0
192,Hartman,Quilindschy,Hartman,DEF,Burnley,BUR,4.0,0.0,0.0,5272,3699,5272,3699,0.5,a,,,1,2025-08-15T17:30:00Z,2025-08-21T22:18:20Z,3,2,40,0,0
193,Humphreys,Bashir,Humphreys,DEF,Burnley,BUR,4.0,0.0,0.0,103,919,103,919,0.1,d,25.0,25.0,1,2025-08-15T17:30:00Z,2025-08-21T22:18:20Z,3,2,40,0,0
194,Jordan,Jordan,Beyer,DEF,Burnley,BUR,4.0,0.0,0.0,505,1585,505,1585,0.2,a,,,1,2025-08-15T17:30:00Z,2025-08-21T22:18:20Z,3,2,40,0,0
195,Lucas Pires,Lucas,Pires Silva,DEF,Burnley,BUR,4.0,0.0,0.0,254,1423,254,1423,0.2,a,,,1,2025-08-15T17:30:00Z,2025-08-21T22:18:20Z,3,2,40,0,0
196,Sambo,Shurandy,Sambo,DEF,Burnley,BUR,4.0,0.0,0.0,202,1735,202,1735,0.1,u,0.0,,1,2025-08-15T17:30:00Z,2025-08-21T22:18:20Z,3,2,40,0,0
197,Sonne,Oliver,Sonne,DEF,Burnley,BUR,4.0,0.0,0.0,1274,1143,1274,1143,0.2,a,,,1,2025-08-15T17:30:00Z,2025-08-21T22:18:20Z,3,2,40,0,0
198,Tuanzebe,Axel,Tuanzebe,DEF,Burnley,BUR,4.0,0.0,0.0,3016,17967,3016,17967,2.3,a,,,1,2025-08-15T17:30:00Z,2025-08-21T22:18:20Z,3,2,40,0,0
199,Worrall,Joe,Worrall,DEF,Burnley,BUR,4.0,0.0,0.0,294,1251,294,1251,0.1,a,,,1,2025-08-15T17:30:00Z,2025-08-21T22:18:20Z,3,2,40,0,0
200,Anthony,Jaidon,Anthony,MID,Burnley,BUR,5.5,0.0,0.0,1717,1532,1717,1532,0.1,a,,,1,2025-08-15T17:30:00Z,2025-08-21T22:18:20Z,3,3,55,0,0
201,Benson,Manuel,Benson Hedilazio,MID,Burnley,BUR,5.5,0.0,0.0,101,381,101,381,0.0,a,,,1,2025-08-15T17:30:00Z,2025-08-21T22:18:20Z,3,3,55,0,0
202,Bruun Larsen,Jacob,Bruun Larsen,MID,Burnley,BUR,5.5,0.0,0.0,190,647,190,647,0.0,a,,,1,2025-08-15T17:30:00Z,2025-08-21T22:18:20Z,3,3,55,0,0
203,Boateng,Enock,Agyei,MID,Burnley,BUR,5.0,0.0,0.0,218,796,218,796,0.1,a,,,1,2025-08-15T17:30:00Z,2025-08-21T22:18:20Z,3,3,50,0,0
204,Churlinov,Darko,Churlinov,MID,Burnley,BUR,5.0,0.0,0.0,39,325,39,325,0.0,a,,,1,2025-08-15T17:30:00Z,2025-08-21T22:18:20Z,3,3,50,0,0
205,Cullen,Josh,Cullen,MID,Burnley,BUR,5.0,0.0,0.0,2381,802,2381,802,0.1,a,,,1,2025-08-15T17:30:00Z,2025-08-21T22:18:20Z,3,3,50,0,0
206,Edwards,Marcus,Edwards,MID,Burnley,BUR,5.0,0.0,0.0,239,1298,239,1298,0.1,a,,,1,2025-08-15T17:30:00Z,2025-08-21T22:18:20Z,3,3,50,0,0
207,Hannibal,Hannibal,Mejbri,MID,Burnley,BUR,5.0,0.0,0.0,774,1678,774,1678,0.1,a,,,1,2025-08-15T17:30:00Z,2025-08-21T22:18:20Z,3,3,50,0,0
208,Koleosho,Luca,Koleosho,MID,Burnley,BUR,5.0,0.0,0.0,61,531,61,531,0.0,a,,,1,2025-08-15T17:30:00Z,2025-08-21T22:18:20Z,3,3,50,0,0
209,Laurent,Josh,Laurent,MID,Burnley,BUR,5.0,0.0,0.0,164,319,164,319,0.0,a,,,1,2025-08-15T17:30:00Z,2025-08-21T22:18:20Z,3,3,50,0,0
210,Tchaouna,Loum,Tchaouna,MID,Burnley,BUR,5.0,0.0,0.0,43,320,43,320,0.0,a,,,1,2025-08-15T17:30:00Z,2025-08-21T22:18:20Z,3,3,50,0,0
211,A.Ramsey,Aaron,Ramsey,MID,Burnley,BUR,4.5,0.0,0.0,30294,86884,30294,86884,9.1,a,,,1,2025-08-15T17:30:00Z,2025-08-21T22:18:20Z,3,3,45,0,0
212,Adewumi,Oluwaseun,Adewumi,MID,Burnley,BUR,4.5,0.0,0.0,0,914,0,914,0.0,u,0.0,0.0,1,2025-08-15T17:30:00Z,2025-08-21T22:18:20Z,3,3,45,0,0
213,Banel,Jaydon,Banel,MID,Burnley,BUR,4.5,0.0,0.0,205,450,205,450,0.0,a,,,1,2025-08-15T17:30:00Z,2025-08-21T22:18:20Z,3,3,45,0,0
214,Trésor,Mike,Trésor Ndayishimiye,MID,Burnley,BUR,4.5,0.0,0.0,359,865,359,865,0.1,a,,,1,2025-08-15T17:30:00Z,2025-08-21T22:18:20Z,3,3,45,0,0
215,Flemming,Zian,Flemming,FWD,Burnley,BUR,5.5,0.0,0.0,1529,2592,1529,2592,0.2,a,,,1,2025-08-15T17:30:00Z,2025-08-21T22:18:20Z,3,4,55,0,0
216,Amdouni,Zeki,Amdouni,FWD,Burnley,BUR,5.0,0.0,0.0,123,1711,123,1711,0.0,i,0.0,0.0,1,2025-08-15T17:30:00Z,2025-08-21T22:18:20Z,3,4,50,0,0
217,Foster,Lyle,Foster,FWD,Burnley,BUR,5.0,0.0,0.0,17843,7993,17843,7993,0.5,a,,,1,2025-08-15T17:30:00Z,2025-08-21T22:18:20Z,3,4,50,0,0
218,Barnes,Ashley,Barnes,FWD,Burnley,BUR,4.5,0.0,0.0,10470,22748,10470,22748,2.4,a,,,1,2025-08-15T17:30:00Z,2025-08-21T22:18:20Z,3,4,45,0,0
219,Obafemi,Michael,Obafemi,FWD,Burnley,BUR,4.5,0.0,0.0,1902,3975,1902,3975,0.4,a,,,1,2025-08-15T17:30:00Z,2025-08-21T22:18:20Z,3,4,45,0,0
470,Dúbravka,Martin,Dúbravka,GK,Burnley,BUR,4.0,0.0,0.0,117209,35841,117209,35841,34.6,a,100.0,100.0,1,2025-08-15T17:30:00Z,2025-08-21T22:18:20Z,3,1,40,0,0
676,Ugochukwu,Lesley,Ugochukwu,MID,Burnley,BUR,5.0,0.0,0.0,224,525,224,525,0.0,a,100.0,100.0,1,2025-08-15T17:30:00Z,2025-08-21T22:18:20Z,3,3,50,0,0
680,Broja,Armando,Broja,FWD,Burnley,BUR,5.5,0.0,0.0,2158,3490,2158,3490,0.2,a,100.0,100.0,1,2025-08-15T17:30:00Z,2025-08-21T22:18:20Z,3,4,55,0,0
66,Neto,Norberto,Murara Neto,GK,Bournemouth,BOU,4.5,0.0,0.0,0,5567,0,5567,0.2,u,0.0,0.0,1,2025-08-15T17:30:00Z,2025-08-21T22:18:20Z,4,1,45,0,0
67,Petrović,Đorđe,Petrović,GK,Bournemouth,BOU,4.5,0.0,0.0,46090,20005,46090,20005,3.5,a,,,1,2025-08-15T17:30:00Z,2025-08-21T22:18:20Z,4,1,45,0,0
68,Dennis,Will,Dennis,GK,Bournemouth,BOU,4.0,0.0,0.0,6680,4203,6680,4203,1.1,a,,,1,2025-08-15T17:30:00Z,2025-08-21T22:18:20Z,4,1,40,0,0
69,McKenna,Callan,McKenna,GK,Bournemouth,BOU,4.0,0.0,0.0,895,901,895,901,0.2,a,,,1,2025-08-15T17:30:00Z,2025-08-21T22:18:20Z,4,1,40,0,0
70,Paulsen,Alex,Paulsen,GK,Bournemouth,BOU,4.0,0.0,0.0,639,674,639,674,0.1,a,,,1,2025-08-15T17:30:00Z,2025-08-21T22:18:20Z,4,1,40,0,0
71,Zabarnyi,Illia,Zabarnyi,DEF,Bournemouth,BOU,5.0,0.0,0.0,0,4498,0,4498,0.1,u,0.0,0.0,1,2025-08-15T17:30:00Z,2025-08-21T22:18:20Z,4,2,50,0,0
72,Senesi,Marcos,Senesi Barón,DEF,Bournemouth,BOU,4.5,0.0,0.0,34736,8363,34736,8363,1.2,a,,,1,2025-08-15T17:30:00Z,2025-08-21T22:18:20Z,4,2,45,0,0
73,Smith,Adam,Smith,DEF,Bournemouth,BOU,4.5,0.0,0.0,8980,2771,8980,2771,0.4,a,,,1,2025-08-15T17:30:00Z,2025-08-21T22:18:20Z,4,2,45,0,0
74,Truffert,Adrien,Truffert,DEF,Bournemouth,BOU,4.5,0.0,0.0,28210,7948,28210,7948,1.0,a,,,1,2025-08-15T17:30:00Z,2025-08-21T22:18:20Z,4,2,45,0,0
75,Akinmboni,Matai,Akinmboni,DEF,Bournemouth,BOU,4.0,0.0,0.0,1804,2486,1804,2486,0.3,a,,,1,2025-08-15T17:30:00Z,2025-08-21T22:18:20Z,4,2,40,0,0
76,Bevan,Owen,Bevan,DEF,Bournemouth,BOU,4.0,0.0,0.0,593,1484,593,1484,0.2,a,,,1,2025-08-15T17:30:00Z,2025-08-21T22:18:20Z,4,2,40,0,0
77,Hill,James,Hill,DEF,Bournemouth,BOU,4.0,0.0,0.0,9183,6307,9183,6307,0.8,a,,,1,2025-08-15T17:30:00Z,2025-08-21T22:18:20Z,4,2,40,0,0
78,J.Araujo,Julián,Araujo Zúñiga,DEF,Bournemouth,BOU,4.0,0.0,0.0,6019,10143,6019,10143,1.3,a,,,1,2025-08-15T17:30:00Z,2025-08-21T22:18:20Z,4,2,40,0,0
79,Mepham,Chris,Mepham,DEF,Bournemouth,BOU,4.0,0.0,0.0,538,1569,538,1569,0.2,a,,,1,2025-08-15T17:30:00Z,2025-08-21T22:18:20Z,4,2,40,0,0
80,Soler,Julio,Soler Barreto,DEF,Bournemouth,BOU,4.0,0.0,0.0,1137,2214,1137,2214,0.3,a,,,1,2025-08-15T17:30:00Z,2025-08-21T22:18:20Z,4,2,40,0,0
81,Kluivert,Justin,Kluivert,MID,Bournemouth,BOU,7.0,0.0,0.0,277,32396,277,32396,0.6,i,0.0,0.0,1,2025-08-15T17:30:00Z,2025-08-21T22:18:20Z,4,3,70,0,0
82,Semenyo,Antoine,Semenyo,MID,Bournemouth,BOU,7.1,0.1,0.1,696740,38428,696740,38428,14.1,a,,,1,2025-08-15T17:30:00Z,2025-08-21T22:18:20Z,4,3,71,1,1
84,Tavernier,Marcus,Tavernier,MID,Bournemouth,BOU,5.5,0.0,0.0,17851,6695,17851,6695,0.5,a,,,1,2025-08-15T17:30:00Z,2025-08-21T22:18:20Z,4,3,55,0,0
85,Adams,Tyler,Adams,MID,Bournemouth,BOU,5.0,0.0,0.0,5994,3624,5994,3624,0.3,a,,,1,2025-08-15T17:30:00Z,2025-08-21T22:18:20Z,4,3,50,0,0
86,Brooks,David,Brooks,MID,Bournemouth,BOU,5.0,0.0,0.0,9225,2869,9225,2869,0.2,a,,,1,2025-08-15T17:30:00Z,2025-08-21T22:18:20Z,4,3,50,0,0
87,Christie,Ryan,Christie,MID,Bournemouth,BOU,5.0,0.0,0.0,67,2127,67,2127,0.1,i,0.0,0.0,1,2025-08-15T17:30:00Z,2025-08-21T22:18:20Z,4,3,50,0,0
88,Cook,Lewis,Cook,MID,Bournemouth,BOU,5.0,0.0,0.0,39,276,39,276,0.0,s,0.0,0.0,1,2025-08-15T17:30:00Z,2025-08-21T22:18:20Z,4,3,50,0,0
89,Philip,Philip,Billing,MID,Bournemouth,BOU,5.0,0.0,0.0,353,1216,353,1216,0.1,a,,,1,2025-08-15T17:30:00Z,2025-08-21T22:18:20Z,4,3,50,0,0
90,Scott,Alex,Scott,MID,Bournemouth,BOU,5.0,0.0,0.0,1094,1074,1094,1074,0.1,a,,,1,2025-08-15T17:30:00Z,2025-08-21T22:18:20Z,4,3,50,0,0
91,Sinisterra,Luis,Sinisterra Lucumí,MID,Bournemouth,BOU,5.0,0.0,0.0,94,1102,94,1102,0.0,d,25.0,25.0,1,2025-08-15T17:30:00Z,2025-08-21T22:18:20Z,4,3,50,0,0
92,Faivre,Romain,Faivre,MID,Bournemouth,BOU,4.5,0.0,0.0,1473,2450,1473,2450,0.2,a,,,1,2025-08-15T17:30:00Z,2025-08-21T22:18:20Z,4,3,45,0,0
93,H.Traorè,Hamed,Traorè,MID,Bournemouth,BOU,4.5,0.0,0.0,63842,15397,63842,15397,1.2,a,,,1,2025-08-15T17:30:00Z,2025-08-21T22:18:20Z,4,3,45,0,0
94,Sadi,Dominic,Sadi,MID,Bournemouth,BOU,4.5,0.0,0.0,418,716,418,716,0.1,a,,,1,2025-08-15T17:30:00Z,2025-08-21T22:18:20Z,4,3,45,0,0
95,Silcott-Duberry,Zain,Silcott-Duberry,MID,Bournemouth,BOU,4.5,0.0,0.0,304,964,304,964,0.1,a,,,1,2025-08-15T17:30:00Z,2025-08-21T22:18:20Z,4,3,45,0,0
96,Winterburn,Ben,Winterburn,MID,Bournemouth,BOU,4.5,0.0,0.0,1681,1045,1681,1045,0.1,a,,,1,2025-08-15T17:30:00Z,2025-08-21T22:18:20Z,4,3,45,0,0
97,Evanilson,Francisco Evanilson,de Lima Barbosa,FWD,Bournemouth,BOU,7.0,0.0,0.0,59404,29030,59404,29030,2.4,a,,,1,2025-08-15T17:30:00Z,2025-08-21T22:18:20Z,4,4,70,0,0
98,Enes Ünal,Enes,Ünal,FWD,Bournemouth,BOU,5.5,0.0,0.0,119,274,119,274,0.0,i,0.0,0.0,1,2025-08-15T17:30:00Z,2025-08-21T22:18:20Z,4,4,55,0,0
99,Adu-Adjei,Daniel,Adu-Adjei,FWD,Bournemouth,BOU,4.5,0.0,0.0,2855,3817,2855,3817,0.3,a,,,1,2025-08-15T17:30:00Z,2025-08-21T22:18:20Z,4,4,45,0,0
100,Kroupi.Jr,Eli Junior,Kroupi,FWD,Bournemouth,BOU,4.5,0.0,0.0,38639,15871,38639,15871,1.3,a,,,1,2025-08-15T17:30:00Z,2025-08-21T22:18:20Z,4,4,45,0,0
391,Gannon-Doak,Ben,Gannon-Doak,MID,Bournemouth,BOU,5.0,0.0,0.0,1749,864,1749,864,0.1,a,,,1,2025-08-15T17:30:00Z,2025-08-21T22:18:20Z,4,3,50,0,0
685,Diakité,Bafodé,Diakité,DEF,Bournemouth,BOU,4.5,0.0,0.0,5348,1583,5348,1583,0.2,a,,,1,2025-08-15T17:30:00Z,2025-08-21T22:18:20Z,4,2,45,0,0
687,Rees-Dottin,Remy,Rees-Dottin,MID,Bournemouth,BOU,4.5,0.0,0.0,4240,1402,4240,1402,0.1,a,,,1,2025-08-15T17:30:00Z,2025-08-21T22:18:20Z,4,3,45,0,0
697,Adli,Amine,Adli,MID,Bournemouth,BOU,5.5,0.0,0.0,195,20,195,20,0.0,a,,,1,2025-08-15T17:30:00Z,2025-08-21T22:18:20Z,4,3,55,0,0
83,O.Dango,Dango,Ouattara,MID,Brentford,BRE,6.0,0.0,0.0,660,2471,660,2471,0.1,a,100.0,50.0,1,2025-08-15T17:30:00Z,2025-08-21T22:18:20Z,5,3,60,0,0
101,Kelleher,Caoimhín,Kelleher,GK,Brentford,BRE,4.5,0.0,0.0,22075,67330,22075,67330,10.4,a,100.0,75.0,1,2025-08-15T17:30:00Z,2025-08-21T22:18:20Z,5,1,45,0,0
102,Balcombe,Ellery,Balcombe,GK,Brentford,BRE,4.0,0.0,0.0,1728,1492,1728,1492,0.3,a,,,1,2025-08-15T17:30:00Z,2025-08-21T22:18:20Z,5,1,40,0,0
103,Cox,Matthew,Cox,GK,Brentford,BRE,4.0,0.0,0.0,612,732,612,732,0.2,a,,,1,2025-08-15T17:30:00Z,2025-08-21T22:18:20Z,5,1,40,0,0
104,Eyestone,Julian,Eyestone,GK,Brentford,BRE,4.0,0.0,0.0,235,428,235,428,0.1,a,,,1,2025-08-15T17:30:00Z,2025-08-21T22:18:20Z,5,1,40,0,0
105,Valdimarsson,Hákon Rafn,Valdimarsson,GK,Brentford,BRE,4.0,0.0,0.0,1499,4209,1499,4209,1.0,a,,,1,2025-08-15T17:30:00Z,2025-08-21T22:18:20Z,5,1,40,0,0
106,Collins,Nathan,Collins,DEF,Brentford,BRE,5.0,0.0,0.0,4060,16632,4060,16632,1.6,a,,,1,2025-08-15T17:30:00Z,2025-08-21T22:18:20Z,5,2,50,0,0
107,Lewis-Potter,Keane,Lewis-Potter,DEF,Brentford,BRE,5.0,0.0,0.0,2288,3570,2288,3570,0.4,a,,,1,2025-08-15T17:30:00Z,2025-08-21T22:18:20Z,5,2,50,0,0
108,Ajer,Kristoffer,Ajer,DEF,Brentford,BRE,4.5,0.0,0.0,838,2009,838,2009,0.2,a,,,1,2025-08-15T17:30:00Z,2025-08-21T22:18:20Z,5,2,45,0,0
109,Henry,Rico,Henry,DEF,Brentford,BRE,4.5,0.0,0.0,981,1262,981,1262,0.2,a,,,1,2025-08-15T17:30:00Z,2025-08-21T22:18:20Z,5,2,45,0,0
110,Kayode,Michael,Kayode,DEF,Brentford,BRE,4.5,0.0,0.0,943,1466,943,1466,0.2,a,,,1,2025-08-15T17:30:00Z,2025-08-21T22:18:20Z,5,2,45,0,0
111,Pinnock,Ethan,Pinnock,DEF,Brentford,BRE,4.5,0.0,0.0,579,3656,579,3656,0.2,d,75.0,,1,2025-08-15T17:30:00Z,2025-08-21T22:18:20Z,5,2,45,0,0
112,Roerslev,Mads,Roerslev Rasmussen,DEF,Brentford,BRE,4.5,0.0,0.0,185,565,185,565,0.0,a,,,1,2025-08-15T17:30:00Z,2025-08-21T22:18:20Z,5,2,45,0,0
113,Van den Berg,Sepp,van den Berg,DEF,Brentford,BRE,4.5,0.0,0.0,3872,2877,3872,2877,0.4,a,,,1,2025-08-15T17:30:00Z,2025-08-21T22:18:20Z,5,2,45,0,0
114,Arthur,Benjamin,Arthur,DEF,Brentford,BRE,4.0,0.0,0.0,1416,2331,1416,2331,0.3,a,,,1,2025-08-15T17:30:00Z,2025-08-21T22:18:20Z,5,2,40,0,0
115,Fredrick,Benjamin,Fredrick,DEF,Brentford,BRE,4.0,0.0,0.0,503,1292,503,1292,0.2,a,,,1,2025-08-15T17:30:00Z,2025-08-21T22:18:20Z,5,2,40,0,0
116,Hickey,Aaron,Hickey,DEF,Brentford,BRE,4.0,0.0,0.0,1460,3146,1460,3146,0.5,a,,,1,2025-08-15T17:30:00Z,2025-08-21T22:18:20Z,5,2,40,0,0
117,Ji-soo,Kim,Ji-soo,DEF,Brentford,BRE,4.0,0.0,0.0,357,1290,357,1290,0.2,a,,,1,2025-08-15T17:30:00Z,2025-08-21T22:18:20Z,5,2,40,0,0
118,Meghoma,Jayden,Meghoma,DEF,Brentford,BRE,4.0,0.0,0.0,279,1986,279,1986,0.1,u,0.0,,1,2025-08-15T17:30:00Z,2025-08-21T22:18:20Z,5,2,40,0,0
120,Schade,Kevin,Schade,MID,Brentford,BRE,7.0,0.0,0.0,1220,4318,1220,4318,0.3,a,100.0,75.0,1,2025-08-15T17:30:00Z,2025-08-21T22:18:20Z,5,3,70,0,0
121,Damsgaard,Mikkel,Damsgaard,MID,Brentford,BRE,6.0,0.0,0.0,1659,21175,1659,21175,0.9,a,,,1,2025-08-15T17:30:00Z,2025-08-21T22:18:20Z,5,3,60,0,0
122,Milambo,Antoni,Milambo,MID,Brentford,BRE,5.5,0.0,0.0,353,922,353,922,0.1,a,,,1,2025-08-15T17:30:00Z,2025-08-21T22:18:20Z,5,3,55,0,0
123,Carvalho,Fábio,Freitas Gouveia Carvalho,MID,Brentford,BRE,5.0,0.0,0.0,2368,3664,2368,3664,0.3,a,,,1,2025-08-15T17:30:00Z,2025-08-21T22:18:20Z,5,3,50,0,0
124,Henderson,Jordan,Henderson,MID,Brentford,BRE,5.0,0.0,0.0,1398,3850,1398,3850,0.3,a,,,1,2025-08-15T17:30:00Z,2025-08-21T22:18:20Z,5,3,50,0,0
125,Janelt,Vitaly,Janelt,MID,Brentford,BRE,5.0,0.0,0.0,26,522,26,522,0.0,i,0.0,0.0,1,2025-08-15T17:30:00Z,2025-08-21T22:18:20Z,5,3,50,0,0
126,Jensen,Mathias,Jensen,MID,Brentford,BRE,5.0,0.0,0.0,441,955,441,955,0.1,a,,,1,2025-08-15T17:30:00Z,2025-08-21T22:18:20Z,5,3,50,0,0
127,Nunes,Gustavo,Nunes Fernandes Gomes,MID,Brentford,BRE,5.0,0.0,0.0,24,300,24,300,0.0,i,0.0,0.0,1,2025-08-15T17:30:00Z,2025-08-21T22:18:20Z,5,3,50,0,0
128,Onyeka,Frank,Onyeka,MID,Brentford,BRE,5.0,0.0,0.0,1190,596,1190,596,0.1,a,,,1,2025-08-15T17:30:00Z,2025-08-21T22:18:20Z,5,3,50,0,0
129,Yarmoliuk,Yehor,Yarmoliuk,MID,Brentford,BRE,5.0,0.0,0.0,173,464,173,464,0.0,a,,,1,2025-08-15T17:30:00Z,2025-08-21T22:18:20Z,5,3,50,0,0
130,Donovan,Romelle,Donovan,MID,Brentford,BRE,4.5,0.0,0.0,920,1308,920,1308,0.1,a,,,1,2025-08-15T17:30:00Z,2025-08-21T22:18:20Z,5,3,45,0,0
131,Konak,Yunus Emre,Konak,MID,Brentford,BRE,4.5,0.0,0.0,450,1761,450,1761,0.2,a,,,1,2025-08-15T17:30:00Z,2025-08-21T22:18:20Z,5,3,45,0,0
132,Maghoma,Paris,Maghoma,MID,Brentford,BRE,4.5,0.0,0.0,60,685,60,685,0.0,i,0.0,0.0,1,2025-08-15T17:30:00Z,2025-08-21T22:18:20Z,5,3,45,0,0
133,Peart-Harris,Myles,Peart-Harris,MID,Brentford,BRE,4.5,0.0,0.0,307,486,307,486,0.0,a,,,1,2025-08-15T17:30:00Z,2025-08-21T22:18:20Z,5,3,45,0,0
134,Trevitt,Ryan,Trevitt,MID,Brentford,BRE,4.5,0.0,0.0,0,278,0,278,0.0,u,0.0,0.0,1,2025-08-15T17:30:00Z,2025-08-21T22:18:20Z,5,3,45,0,0
135,Wissa,Yoane,Wissa,FWD,Brentford,BRE,7.5,0.0,0.0,4163,85636,4163,85636,1.8,n,0.0,0.0,1,2025-08-15T17:30:00Z,2025-08-21T22:18:20Z,5,4,75,0,0
136,Thiago,Igor Thiago,Nascimento Rodrigues,FWD,Brentford,BRE,6.0,0.0,0.0,21198,10239,21198,10239,1.0,a,,,1,2025-08-15T17:30:00Z,2025-08-21T22:18:20Z,5,4,60,0,0
137,Morgan,Iwan,Morgan,FWD,Brentford,BRE,4.5,0.0,0.0,3586,5304,3586,5304,0.5,a,,,1,2025-08-15T17:30:00Z,2025-08-21T22:18:20Z,5,4,45,0,0
138,Steele,Jason,Steele,GK,Brighton,BHA,4.5,0.0,0.0,1171,5055,1171,5055,0.5,a,,,1,2025-08-15T17:30:00Z,2025-08-21T22:18:20Z,6,1,45,0,0
139,Verbruggen,Bart,Verbruggen,GK,Brighton,BHA,4.5,0.0,0.0,28441,42411,28441,42411,7.5,a,,,1,2025-08-15T17:30:00Z,2025-08-21T22:18:20Z,6,1,45,0,0
140,McGill,Tom,McGill,GK,Brighton,BHA,4.0,0.0,0.0,1829,1945,1829,1945,0.4,a,,,1,2025-08-15T17:30:00Z,2025-08-21T22:18:20Z,6,1,40,0,0
141,Rushworth,Carl,Rushworth,GK,Brighton,BHA,4.0,0.0,0.0,0,63,0,63,0.0,u,0.0,0.0,1,2025-08-15T17:30:00Z,2025-08-21T22:18:20Z,6,1,40,0,0
142,Scherpen,Kjell,Scherpen,GK,Brighton,BHA,4.0,0.0,0.0,0,58,0,58,0.0,u,0.0,0.0,1,2025-08-15T17:30:00Z,2025-08-21T22:18:20Z,6,1,40,0,0
143,Boscagli,Olivier,Boscagli,DEF,Brighton,BHA,4.5,0.0,0.0,628,1810,628,1810,0.1,a,,,1,2025-08-15T17:30:00Z,2025-08-21T22:18:20Z,6,2,45,0,0
144,Coppola,Diego,Coppola,DEF,Brighton,BHA,4.5,0.0,0.0,194,978,194,978,0.1,a,,,1,2025-08-15T17:30:00Z,2025-08-21T22:18:20Z,6,2,45,0,0
145,De Cuyper,Maxim,De Cuyper,DEF,Brighton,BHA,4.5,0.0,0.0,25469,34653,25469,34653,6.1,a,,,1,2025-08-15T17:30:00Z,2025-08-21T22:18:20Z,6,2,45,0,0
146,Dunk,Lewis,Dunk,DEF,Brighton,BHA,4.5,0.0,0.0,11137,7788,11137,7788,1.3,a,,,1,2025-08-15T17:30:00Z,2025-08-21T22:18:20Z,6,2,45,0,0
147,Estupiñan,Pervis,Estupiñán Tenorio,DEF,Brighton,BHA,4.5,0.0,0.0,0,930,0,930,0.0,u,0.0,0.0,1,2025-08-15T17:30:00Z,2025-08-21T22:18:20Z,6,2,45,0,0
148,F.Kadıoğlu,Ferdi,Kadıoğlu,DEF,Brighton,BHA,4.5,0.0,0.0,851,3008,851,3008,0.2,a,,,1,2025-08-15T17:30:00Z,2025-08-21T22:18:20Z,6,2,45,0,0
149,Igor,Igor Julio,dos Santos de Paulo,DEF,Brighton,BHA,4.5,0.0,0.0,293,487,293,487,0.1,a,100.0,100.0,1,2025-08-15T17:30:00Z,2025-08-21T22:18:20Z,6,2,45,0,0
150,Lamptey,Tariq,Lamptey,DEF,Brighton,BHA,4.5,0.0,0.0,1358,5161,1358,5161,0.4,a,,,1,2025-08-15T17:30:00Z,2025-08-21T22:18:20Z,6,2,45,0,0
151,Van Hecke,Jan Paul,van Hecke,DEF,Brighton,BHA,4.5,0.0,0.0,5338,7553,5338,7553,1.2,a,,,1,2025-08-15T17:30:00Z,2025-08-21T22:18:20Z,6,2,45,0,0
152,Veltman,Joël,Veltman,DEF,Brighton,BHA,4.5,0.0,0.0,422,3378,422,3378,0.2,a,,,1,2025-08-15T17:30:00Z,2025-08-21T22:18:20Z,6,2,45,0,0
153,Webster,Adam,Webster,DEF,Brighton,BHA,4.5,0.0,0.0,72,382,72,382,0.0,i,0.0,0.0,1,2025-08-15T17:30:00Z,2025-08-21T22:18:20Z,6,2,45,0,0
154,Cashin,Eiran,Cashin,DEF,Brighton,BHA,4.0,0.0,0.0,0,247,0,247,0.0,u,0.0,0.0,1,2025-08-15T17:30:00Z,2025-08-21T22:18:20Z,6,2,40,0,0
155,Slater,Jacob,Slater,DEF,Brighton,BHA,4.0,0.0,0.0,752,1630,752,1630,0.2,a,,,1,2025-08-15T17:30:00Z,2025-08-21T22:18:20Z,6,2,40,0,0
156,Tasker,Charlie,Tasker,DEF,Brighton,BHA,4.0,0.0,0.0,530,1354,530,1354,0.2,a,,,1,2025-08-15T17:30:00Z,2025-08-21T22:18:20Z,6,2,40,0,0
157,Mitoma,Mitoma,Kaoru,MID,Brighton,BHA,6.5,0.0,0.0,17525,90974,17525,90974,6.4,a,,,1,2025-08-15T17:30:00Z,2025-08-21T22:18:20Z,6,3,65,0,0
158,Georginio,Georginio,Rutter,MID,Brighton,BHA,6.0,0.0,0.0,16117,18313,16117,18313,1.4,a,,,1,2025-08-15T17:30:00Z,2025-08-21T22:18:20Z,6,3,60,0,0
159,March,Solly,March,MID,Brighton,BHA,6.0,0.0,0.0,43,915,43,915,0.0,i,0.0,0.0,1,2025-08-15T17:30:00Z,2025-08-21T22:18:20Z,6,3,60,0,0
160,Minteh,Yankuba,Minteh,MID,Brighton,BHA,6.0,0.0,0.0,3981,18860,3981,18860,1.1,a,,,1,2025-08-15T17:30:00Z,2025-08-21T22:18:20Z,6,3,60,0,0
161,Enciso,Julio,Enciso Espínola,MID,Brighton,BHA,5.5,0.0,0.0,44,1276,44,1276,0.0,i,0.0,0.0,1,2025-08-15T17:30:00Z,2025-08-21T22:18:20Z,6,3,55,0,0
162,Gruda,Brajan,Gruda,MID,Brighton,BHA,5.5,0.0,0.0,204,766,204,766,0.0,a,,,1,2025-08-15T17:30:00Z,2025-08-21T22:18:20Z,6,3,55,0,0
163,Hinshelwood,Jack,Hinshelwood,MID,Brighton,BHA,5.5,0.0,0.0,138,2268,138,2268,0.1,a,,,1,2025-08-15T17:30:00Z,2025-08-21T22:18:20Z,6,3,55,0,0
164,O'Riley,Matt,O'Riley,MID,Brighton,BHA,5.5,0.0,0.0,89984,17050,89984,17050,1.6,a,,,1,2025-08-15T17:30:00Z,2025-08-21T22:18:20Z,6,3,55,0,0
165,Sima,Abdallah,Sima,MID,Brighton,BHA,5.5,0.0,0.0,109,412,109,412,0.0,a,,,1,2025-08-15T17:30:00Z,2025-08-21T22:18:20Z,6,3,55,0,0
166,Ayari,Yasin,Ayari,MID,Brighton,BHA,5.0,0.0,0.0,1246,2233,1246,2233,0.2,a,,,1,2025-08-15T17:30:00Z,2025-08-21T22:18:20Z,6,3,50,0,0
167,Baleba,Carlos,Baleba,MID,Brighton,BHA,5.0,0.0,0.0,25928,45654,25928,45654,4.6,a,,,1,2025-08-15T17:30:00Z,2025-08-21T22:18:20Z,6,3,50,0,0
168,Buonanotte,Facundo,Buonanotte,MID,Brighton,BHA,5.0,0.0,0.0,199,3304,199,3304,0.2,a,,,1,2025-08-15T17:30:00Z,2025-08-21T22:18:20Z,6,3,50,0,0
169,Gomez,Diego,Gómez Amarilla,MID,Brighton,BHA,5.0,0.0,0.0,219,820,219,820,0.1,a,,,1,2025-08-15T17:30:00Z,2025-08-21T22:18:20Z,6,3,50,0,0
170,Milner,James,Milner,MID,Brighton,BHA,5.0,0.0,0.0,625,1425,625,1425,0.1,a,,,1,2025-08-15T17:30:00Z,2025-08-21T22:18:20Z,6,3,50,0,0
171,Sarmiento,Jeremy,Sarmiento Morante,MID,Brighton,BHA,5.0,0.0,0.0,50,526,50,526,0.0,a,,,1,2025-08-15T17:30:00Z,2025-08-21T22:18:20Z,6,3,50,0,0
172,Watson,Tom,Watson,MID,Brighton,BHA,5.0,0.0,0.0,118,326,118,326,0.0,a,100.0,100.0,1,2025-08-15T17:30:00Z,2025-08-21T22:18:20Z,6,3,50,0,0
173,Wieffer,Mats,Wieffer,MID,Brighton,BHA,5.0,0.0,0.0,1160,828,1160,828,0.1,a,,,1,2025-08-15T17:30:00Z,2025-08-21T22:18:20Z,6,3,50,0,0
174,Yalcouye,Malick,Yalcouyé,MID,Brighton,BHA,5.0,0.0,0.0,0,565,0,565,0.0,u,0.0,0.0,1,2025-08-15T17:30:00Z,2025-08-21T22:18:20Z,6,3,50,0,0
175,Knight,Joe,Knight,MID,Brighton,BHA,4.5,0.0,0.0,638,1029,638,1029,0.1,a,,,1,2025-08-15T17:30:00Z,2025-08-21T22:18:20Z,6,3,45,0,0
176,Mazilu,Adrian,Mazilu,MID,Brighton,BHA,4.5,0.0,0.0,246,499,246,499,0.0,a,,,1,2025-08-15T17:30:00Z,2025-08-21T22:18:20Z,6,3,45,0,0
177,Moran,Andrew,Moran,MID,Brighton,BHA,4.5,0.0,0.0,447,712,447,712,0.1,a,,,1,2025-08-15T17:30:00Z,2025-08-21T22:18:20Z,6,3,45,0,0
178,Welbeck,Danny,Welbeck,FWD,Brighton,BHA,6.5,0.0,0.0,12762,82295,12762,82295,3.8,a,,,1,2025-08-15T17:30:00Z,2025-08-21T22:18:20Z,6,4,65,0,0
179,Ferguson,Evan,Ferguson,FWD,Brighton,BHA,5.5,0.0,0.0,0,741,0,741,0.0,u,0.0,0.0,1,2025-08-15T17:30:00Z,2025-08-21T22:18:20Z,6,4,55,0,0
180,Tzimas,Stefanos,Tzimas,FWD,Brighton,BHA,5.5,0.0,0.0,1180,2756,1180,2756,0.1,a,,,1,2025-08-15T17:30:00Z,2025-08-21T22:18:20Z,6,4,55,0,0
181,Kostoulas,Charalampos,Kostoulas,FWD,Brighton,BHA,5.0,0.0,0.0,3134,6866,3134,6866,0.4,a,,,1,2025-08-15T17:30:00Z,2025-08-21T22:18:20Z,6,4,50,0,0
220,Sánchez,Robert,Lynch Sánchez,GK,Chelsea,CHE,5.0,0.0,0.0,122932,70975,122932,70975,25.4,a,,,1,2025-08-15T17:30:00Z,2025-08-21T22:18:20Z,7,1,50,0,0
221,Jörgensen,Filip,Jörgensen,GK,Chelsea,CHE,4.5,0.0,0.0,689,2410,689,2410,0.2,a,,,1,2025-08-15T17:30:00Z,2025-08-21T22:18:20Z,7,1,45,0,0
222,Penders,Mike,Penders,GK,Chelsea,CHE,4.0,0.0,0.0,0,105,0,105,0.0,u,0.0,0.0,1,2025-08-15T17:30:00Z,2025-08-21T22:18:20Z,7,1,40,0,0
223,Slonina,Gabriel,Słonina,GK,Chelsea,CHE,4.0,0.0,0.0,585,797,585,797,0.1,a,,,1,2025-08-15T17:30:00Z,2025-08-21T22:18:20Z,7,1,40,0,0
224,Cucurella,Marc,Cucurella Saseta,DEF,Chelsea,CHE,6.0,0.0,0.0,237519,69811,237519,69811,21.3,a,,,1,2025-08-15T17:30:00Z,2025-08-21T22:18:20Z,7,2,60,0,0
225,James,Reece,James,DEF,Chelsea,CHE,5.5,0.0,0.0,55461,30701,55461,30701,5.9,a,,,1,2025-08-15T17:30:00Z,2025-08-21T22:18:20Z,7,2,55,0,0
226,Chalobah,Trevoh,Chalobah,DEF,Chelsea,CHE,5.0,0.0,0.0,29157,11859,29157,11859,1.3,a,,,1,2025-08-15T17:30:00Z,2025-08-21T22:18:20Z,7,2,50,0,0
227,Colwill,Levi,Samuels Colwill,DEF,Chelsea,CHE,5.0,0.0,0.0,148,14167,148,14167,0.3,i,0.0,0.0,1,2025-08-15T17:30:00Z,2025-08-21T22:18:20Z,7,2,50,0,0
228,Gusto,Malo,Gusto,DEF,Chelsea,CHE,5.0,0.0,0.0,9225,25338,9225,25338,1.6,a,,,1,2025-08-15T17:30:00Z,2025-08-21T22:18:20Z,7,2,50,0,0
229,B.Badiashile,Benoît,Badiashile Mukinayi,DEF,Chelsea,CHE,4.5,0.0,0.0,44,629,44,629,0.0,i,0.0,0.0,1,2025-08-15T17:30:00Z,2025-08-21T22:18:20Z,7,2,45,0,0
230,Fofana,Wesley,Fofana,DEF,Chelsea,CHE,4.5,0.0,0.0,1021,4179,1021,4179,0.2,a,100.0,75.0,1,2025-08-15T17:30:00Z,2025-08-21T22:18:20Z,7,2,45,0,0
231,M.Sarr,Mamadou,Sarr,DEF,Chelsea,CHE,4.5,0.0,0.0,0,865,0,865,0.0,u,0.0,0.0,1,2025-08-15T17:30:00Z,2025-08-21T22:18:20Z,7,2,45,0,0
232,Tosin,Tosin,Adarabioyo,DEF,Chelsea,CHE,4.5,0.0,0.0,5875,21465,5875,21465,1.1,a,100.0,,1,2025-08-15T17:30:00Z,2025-08-21T22:18:20Z,7,2,45,0,0
233,Acheampong,Josh,Acheampong,DEF,Chelsea,CHE,4.0,0.0,0.0,156284,19872,156284,19872,2.1,a,,,1,2025-08-15T17:30:00Z,2025-08-21T22:18:20Z,7,2,40,0,0
234,Anselmino,Aarón,Anselmino,DEF,Chelsea,CHE,4.0,0.0,0.0,463,1347,463,1347,0.1,a,,,1,2025-08-15T17:30:00Z,2025-08-21T22:18:20Z,7,2,40,0,0
235,Palmer,Cole,Palmer,MID,Chelsea,CHE,10.5,0.0,0.0,88054,292263,88054,292263,59.3,a,,,1,2025-08-15T17:30:00Z,2025-08-21T22:18:20Z,7,3,105,0,0
236,Neto,Pedro,Lomba Neto,MID,Chelsea,CHE,7.0,0.0,0.0,18454,42335,18454,42335,3.6,a,,,1,2025-08-15T17:30:00Z,2025-08-21T22:18:20Z,7,3,70,0,0
237,Enzo,Enzo,Fernández,MID,Chelsea,CHE,6.5,0.0,0.0,14047,46433,14047,46433,3.4,a,,,1,2025-08-15T17:30:00Z,2025-08-21T22:18:20Z,7,3,65,0,0
238,Estêvão,Estêvão,Almeida de Oliveira Gonçalves,MID,Chelsea,CHE,6.5,0.0,0.0,12330,34015,12330,34015,1.5,a,,,1,2025-08-15T17:30:00Z,2025-08-21T22:18:20Z,7,3,65,0,0
239,Gittens,Jamie,Bynoe-Gittens,MID,Chelsea,CHE,6.5,0.0,0.0,2092,5978,2092,5978,0.3,a,,,1,2025-08-15T17:30:00Z,2025-08-21T22:18:20Z,7,3,65,0,0
240,Nkunku,Christopher,Nkunku,MID,Chelsea,CHE,6.0,0.0,0.0,1559,5166,1559,5166,0.2,a,,,1,2025-08-15T17:30:00Z,2025-08-21T22:18:20Z,7,3,60,0,0
241,Caicedo,Moisés,Caicedo Corozo,MID,Chelsea,CHE,5.5,0.0,0.0,39755,54492,39755,54492,5.5,a,,,1,2025-08-15T17:30:00Z,2025-08-21T22:18:20Z,7,3,55,0,0
243,George,Tyrique,George,MID,Chelsea,CHE,5.0,0.0,0.0,377,835,377,835,0.1,a,,,1,2025-08-15T17:30:00Z,2025-08-21T22:18:20Z,7,3,50,0,0
244,Lavia,Roméo,Lavia,MID,Chelsea,CHE,5.0,0.0,0.0,31,873,31,873,0.0,i,0.0,0.0,1,2025-08-15T17:30:00Z,2025-08-21T22:18:20Z,7,3,50,0,0
245,Mudryk,Mykhailo,Mudryk,MID,Chelsea,CHE,5.0,0.0,0.0,96,186,96,186,0.0,s,0.0,0.0,1,2025-08-15T17:30:00Z,2025-08-21T22:18:20Z,7,3,50,0,0
246,Andrey Santos,Andrey,Nascimento dos Santos,MID,Chelsea,CHE,4.5,0.0,0.0,5903,4738,5903,4738,0.3,a,,,1,2025-08-15T17:30:00Z,2025-08-21T22:18:20Z,7,3,45,0,0
247,D.Essugo,Dário,Luís Essugo,MID,Chelsea,CHE,4.5,0.0,0.0,460,738,460,738,0.1,a,,,1,2025-08-15T17:30:00Z,2025-08-21T22:18:20Z,7,3,45,0,0
248,Paez,Kendry,Páez Andrade,MID,Chelsea,CHE,4.5,0.0,0.0,0,382,0,382,0.0,u,0.0,0.0,1,2025-08-15T17:30:00Z,2025-08-21T22:18:20Z,7,3,45,0,0
249,João Pedro,João Pedro,Junqueira de Jesus,FWD,Chelsea,CHE,7.5,0.0,0.0,131443,355350,131443,355350,52.1,a,,,1,2025-08-15T17:30:00Z,2025-08-21T22:18:20Z,7,4,75,0,0
250,Delap,Liam,Delap,FWD,Chelsea,CHE,6.5,0.0,0.0,14737,60902,14737,60902,3.7,a,,,1,2025-08-15T17:30:00Z,2025-08-21T22:18:20Z,7,4,65,0,0
251,N.Jackson,Nicolas,Jackson,FWD,Chelsea,CHE,6.5,0.0,0.0,2527,1356,2527,1356,0.2,a,100.0,0.0,1,2025-08-15T17:30:00Z,2025-08-21T22:18:20Z,7,4,65,0,0
672,Hato,Jorrel,Hato,DEF,Chelsea,CHE,5.0,0.0,0.0,1872,5739,1872,5739,0.3,a,,,1,2025-08-15T17:30:00Z,2025-08-21T22:18:20Z,7,2,50,0,0
253,Henderson,Dean,Henderson,GK,Crystal Palace,CRY,5.0,0.0,0.0,33724,26229,33724,26229,7.3,a,,,1,2025-08-15T17:30:00Z,2025-08-21T22:18:20Z,8,1,50,0,0
254,Benitez,Walter,Benítez,GK,Crystal Palace,CRY,4.0,0.0,0.0,1723,1985,1723,1985,0.4,a,,,1,2025-08-15T17:30:00Z,2025-08-21T22:18:20Z,8,1,40,0,0
255,Matthews,Remi,Matthews,GK,Crystal Palace,CRY,4.0,0.0,0.0,354,538,354,538,0.1,a,,,1,2025-08-15T17:30:00Z,2025-08-21T22:18:20Z,8,1,40,0,0
256,Muñoz,Daniel,Muñoz Mejía,DEF,Crystal Palace,CRY,5.5,0.0,0.0,59613,41792,59613,41792,8.6,a,,,1,2025-08-15T17:30:00Z,2025-08-21T22:18:20Z,8,2,55,0,0
257,Lacroix,Maxence,Lacroix,DEF,Crystal Palace,CRY,5.0,0.0,0.0,26123,10191,26123,10191,1.3,a,,,1,2025-08-15T17:30:00Z,2025-08-21T22:18:20Z,8,2,50,0,0
258,Mitchell,Tyrick,Mitchell,DEF,Crystal Palace,CRY,5.0,0.0,0.0,37905,10280,37905,10280,1.7,a,,,1,2025-08-15T17:30:00Z,2025-08-21T22:18:20Z,8,2,50,0,0
259,Sosa,Borna,Sosa,DEF,Crystal Palace,CRY,5.0,0.0,0.0,737,1692,737,1692,0.1,a,,,1,2025-08-15T17:30:00Z,2025-08-21T22:18:20Z,8,2,50,0,0
260,Guéhi,Marc,Guéhi,DEF,Crystal Palace,CRY,4.5,0.0,0.0,116103,45862,116103,45862,13.2,a,,,1,2025-08-15T17:30:00Z,2025-08-21T22:18:20Z,8,2,45,0,0
261,Richards,Chris,Richards,DEF,Crystal Palace,CRY,4.5,0.0,0.0,20973,9319,20973,9319,1.5,a,,,1,2025-08-15T17:30:00Z,2025-08-21T22:18:20Z,8,2,45,0,0
262,Chadi Riad,Chadi,Riad Dnanou,DEF,Crystal Palace,CRY,4.0,0.0,0.0,63,112,63,112,0.0,i,0.0,0.0,1,2025-08-15T17:30:00Z,2025-08-21T22:18:20Z,8,2,40,0,0
263,Clyne,Nathaniel,Clyne,DEF,Crystal Palace,CRY,4.0,0.0,0.0,1950,4905,1950,4905,0.7,a,,,1,2025-08-15T17:30:00Z,2025-08-21T22:18:20Z,8,2,40,0,0
264,Holding,Rob,Holding,DEF,Crystal Palace,CRY,4.0,0.0,0.0,0,1279,0,1279,0.0,u,0.0,0.0,1,2025-08-15T17:30:00Z,2025-08-21T22:18:20Z,8,2,40,0,0
265,Kporha,Caleb,Kporha,DEF,Crystal Palace,CRY,4.0,0.0,0.0,58,529,58,529,0.0,i,0.0,0.0,1,2025-08-15T17:30:00Z,2025-08-21T22:18:20Z,8,2,40,0,0
266,Eze,Eberechi,Eze,MID,Crystal Palace,CRY,7.5,0.0,0.0,85841,115481,85841,115481,10.7,a,,,1,2025-08-15T17:30:00Z,2025-08-21T22:18:20Z,8,3,75,0,0
267,Sarr,Ismaïla,Sarr,MID,Crystal Palace,CRY,6.5,0.0,0.0,21742,52303,21742,52303,4.7,a,,,1,2025-08-15T17:30:00Z,2025-08-21T22:18:20Z,8,3,65,0,0
268,Doucouré,Cheick,Doucouré,MID,Crystal Palace,CRY,5.0,0.0,0.0,25,91,25,91,0.0,i,0.0,0.0,1,2025-08-15T17:30:00Z,2025-08-21T22:18:20Z,8,3,50,0,0
269,Esse,Romain,Esse,MID,Crystal Palace,CRY,5.0,0.0,0.0,1600,3724,1600,3724,0.2,a,,,1,2025-08-15T17:30:00Z,2025-08-21T22:18:20Z,8,3,50,0,0
270,Hughes,Will,Hughes,MID,Crystal Palace,CRY,5.0,0.0,0.0,706,1172,706,1172,0.1,a,,,1,2025-08-15T17:30:00Z,2025-08-21T22:18:20Z,8,3,50,0,0
271,Kamada,Daichi,Kamada,MID,Crystal Palace,CRY,5.0,0.0,0.0,35,529,35,529,0.0,i,0.0,0.0,1,2025-08-15T17:30:00Z,2025-08-21T22:18:20Z,8,3,50,0,0
272,Lerma,Jefferson,Lerma Solís,MID,Crystal Palace,CRY,5.0,0.0,0.0,180,724,180,724,0.1,a,,,1,2025-08-15T17:30:00Z,2025-08-21T22:18:20Z,8,3,50,0,0
273,Wharton,Adam,Wharton,MID,Crystal Palace,CRY,5.0,0.0,0.0,6181,5676,6181,5676,0.6,a,,,1,2025-08-15T17:30:00Z,2025-08-21T22:18:20Z,8,3,50,0,0
274,Agbinone,Asher,Agbinone,MID,Crystal Palace,CRY,4.5,0.0,0.0,383,665,383,665,0.1,a,,,1,2025-08-15T17:30:00Z,2025-08-21T22:18:20Z,8,3,45,0,0
275,Ahamada,Naouirou,Ahamada,MID,Crystal Palace,CRY,4.5,0.0,0.0,304,492,304,492,0.0,a,,,1,2025-08-15T17:30:00Z,2025-08-21T22:18:20Z,8,3,45,0,0
276,Devenny,Justin,Devenny,MID,Crystal Palace,CRY,4.5,0.0,0.0,5442,14918,5442,14918,1.7,a,,,1,2025-08-15T17:30:00Z,2025-08-21T22:18:20Z,8,3,45,0,0
277,Ebiowei,Malcolm,Ebiowei,MID,Crystal Palace,CRY,4.5,0.0,0.0,0,264,0,264,0.0,u,0.0,0.0,1,2025-08-15T17:30:00Z,2025-08-21T22:18:20Z,8,3,45,0,0
278,J.Rak-Sakyi,Jesurun,Rak-Sakyi,MID,Crystal Palace,CRY,4.5,0.0,0.0,437,820,437,820,0.1,a,,,1,2025-08-15T17:30:00Z,2025-08-21T22:18:20Z,8,3,45,0,0
279,M.França,Matheus,França de Oliveira,MID,Crystal Palace,CRY,4.5,0.0,0.0,44,421,44,421,0.0,i,0.0,0.0,1,2025-08-15T17:30:00Z,2025-08-21T22:18:20Z,8,3,45,0,0
280,Ozoh,David,Ozoh,MID,Crystal Palace,CRY,4.5,0.0,0.0,0,66,0,66,0.0,u,0.0,0.0,1,2025-08-15T17:30:00Z,2025-08-21T22:18:20Z,8,3,45,0,0
281,Rodney,Kaden,Rodney,MID,Crystal Palace,CRY,4.5,0.0,0.0,319,511,319,511,0.0,a,,,1,2025-08-15T17:30:00Z,2025-08-21T22:18:20Z,8,3,45,0,0
282,Umeh,Franco,Umeh-Chibueze,MID,Crystal Palace,CRY,4.5,0.0,0.0,176,342,176,342,0.0,a,,,1,2025-08-15T17:30:00Z,2025-08-21T22:18:20Z,8,3,45,0,0
283,Mateta,Jean-Philippe,Mateta,FWD,Crystal Palace,CRY,7.5,0.0,0.0,62464,89776,62464,89776,8.9,a,,,1,2025-08-15T17:30:00Z,2025-08-21T22:18:20Z,8,4,75,0,0
284,Nketiah,Eddie,Nketiah,FWD,Crystal Palace,CRY,5.5,0.0,0.0,329,12776,329,12776,0.3,i,0.0,0.0,1,2025-08-15T17:30:00Z,2025-08-21T22:18:20Z,8,4,55,0,0
285,Édouard,Odsonne,Édouard,FWD,Crystal Palace,CRY,5.0,0.0,0.0,5054,11808,5054,11808,0.9,a,,,1,2025-08-15T17:30:00Z,2025-08-21T22:18:20Z,8,4,50,0,0
286,Marsh,Zach,Marsh,FWD,Crystal Palace,CRY,4.5,0.0,0.0,1897,3109,1897,3109,0.3,a,,,1,2025-08-15T17:30:00Z,2025-08-21T22:18:20Z,8,4,45,0,0
690,Cardines,Rio,Cardines,MID,Crystal Palace,CRY,4.5,0.0,0.0,8193,2082,8193,2082,0.2,a,,,1,2025-08-15T17:30:00Z,2025-08-21T22:18:20Z,8,3,45,0,0
242,Dewsbury-Hall,Kiernan,Dewsbury-Hall,MID,Everton,EVE,5.0,0.0,0.0,16951,36711,16951,36711,4.4,a,,,1,2025-08-15T17:30:00Z,2025-08-21T22:18:20Z,9,3,50,0,0
287,Pickford,Jordan,Pickford,GK,Everton,EVE,5.5,0.0,0.0,19232,69095,19232,69095,10.7,a,,,1,2025-08-15T17:30:00Z,2025-08-21T22:18:20Z,9,1,55,0,0
288,Travers,Mark,Travers,GK,Everton,EVE,4.5,0.0,0.0,366,1146,366,1146,0.2,a,,,1,2025-08-15T17:30:00Z,2025-08-21T22:18:20Z,9,1,45,0,0
289,Tyrer,Harry,Tyrer,GK,Everton,EVE,4.0,0.0,0.0,439,687,439,687,0.1,a,,,1,2025-08-15T17:30:00Z,2025-08-21T22:18:20Z,9,1,40,0,0
290,Branthwaite,Jarrad,Branthwaite,DEF,Everton,EVE,5.5,0.0,0.0,186,28498,186,28498,0.5,i,0.0,0.0,1,2025-08-15T17:30:00Z,2025-08-21T22:18:20Z,9,2,55,0,0
291,Tarkowski,James,Tarkowski,DEF,Everton,EVE,5.5,0.0,0.0,24563,38378,24563,38378,6.8,a,,,1,2025-08-15T17:30:00Z,2025-08-21T22:18:20Z,9,2,55,0,0
292,Mykolenko,Vitalii,Mykolenko,DEF,Everton,EVE,5.0,0.0,0.0,677,13346,677,13346,0.8,d,75.0,75.0,1,2025-08-15T17:30:00Z,2025-08-21T22:18:20Z,9,2,50,0,0
293,O'Brien,Jake,O'Brien,DEF,Everton,EVE,5.0,0.0,0.0,2931,4739,2931,4739,0.6,a,,,1,2025-08-15T17:30:00Z,2025-08-21T22:18:20Z,9,2,50,0,0
294,Coleman,Séamus,Coleman,DEF,Everton,EVE,4.5,0.0,0.0,793,1767,793,1767,0.2,a,,,1,2025-08-15T17:30:00Z,2025-08-21T22:18:20Z,9,2,45,0,0
295,Keane,Michael,Keane,DEF,Everton,EVE,4.5,0.0,0.0,2569,2933,2569,2933,0.4,a,,,1,2025-08-15T17:30:00Z,2025-08-21T22:18:20Z,9,2,45,0,0
296,Patterson,Nathan,Patterson,DEF,Everton,EVE,4.5,0.0,0.0,51,535,51,535,0.0,d,75.0,75.0,1,2025-08-15T17:30:00Z,2025-08-21T22:18:20Z,9,2,45,0,0
297,Dixon,Roman,Dixon,DEF,Everton,EVE,4.0,0.0,0.0,937,1869,937,1869,0.2,a,,,1,2025-08-15T17:30:00Z,2025-08-21T22:18:20Z,9,2,40,0,0
298,Welch,Reece,Welch,DEF,Everton,EVE,4.0,0.0,0.0,411,1274,411,1274,0.2,a,,,1,2025-08-15T17:30:00Z,2025-08-21T22:18:20Z,9,2,40,0,0
299,Ndiaye,Iliman,Ndiaye,MID,Everton,EVE,6.5,0.0,0.0,21586,150563,21586,150563,10.1,a,,,1,2025-08-15T17:30:00Z,2025-08-21T22:18:20Z,9,3,65,0,0
300,McNeil,Dwight,McNeil,MID,Everton,EVE,6.0,0.0,0.0,919,8686,919,8686,0.3,a,,,1,2025-08-15T17:30:00Z,2025-08-21T22:18:20Z,9,3,60,0,0
301,Alcaraz,Carlos,Alcaraz Durán,MID,Everton,EVE,5.5,0.0,0.0,700,2192,700,2192,0.2,a,,,1,2025-08-15T17:30:00Z,2025-08-21T22:18:20Z,9,3,55,0,0
302,Gana,Idrissa Gana,Gueye,MID,Everton,EVE,5.5,0.0,0.0,383,1450,383,1450,0.1,a,,,1,2025-08-15T17:30:00Z,2025-08-21T22:18:20Z,9,3,55,0,0
303,Garner,James,Garner,MID,Everton,EVE,5.0,0.0,0.0,378,1095,378,1095,0.1,a,,,1,2025-08-15T17:30:00Z,2025-08-21T22:18:20Z,9,3,50,0,0
304,Iroegbunam,Tim,Iroegbunam,MID,Everton,EVE,5.0,0.0,0.0,91,342,91,342,0.0,a,,,1,2025-08-15T17:30:00Z,2025-08-21T22:18:20Z,9,3,50,0,0
305,Armstrong,Harrison,Armstrong,MID,Everton,EVE,4.5,0.0,0.0,459,2124,459,2124,0.1,a,100.0,75.0,1,2025-08-15T17:30:00Z,2025-08-21T22:18:20Z,9,3,45,0,0
306,Bates,Callum,Bates,MID,Everton,EVE,4.5,0.0,0.0,718,1029,718,1029,0.1,a,,,1,2025-08-15T17:30:00Z,2025-08-21T22:18:20Z,9,3,45,0,0
307,Ebere,Coby,Ebere,MID,Everton,EVE,4.5,0.0,0.0,284,454,284,454,0.0,a,,,1,2025-08-15T17:30:00Z,2025-08-21T22:18:20Z,9,3,45,0,0
308,Heath,Isaac,Heath,MID,Everton,EVE,4.5,0.0,0.0,244,450,244,450,0.0,a,,,1,2025-08-15T17:30:00Z,2025-08-21T22:18:20Z,9,3,45,0,0
309,Metcalfe,Jenson,Metcalfe,MID,Everton,EVE,4.5,0.0,0.0,0,45,0,45,0.0,u,0.0,0.0,1,2025-08-15T17:30:00Z,2025-08-21T22:18:20Z,9,3,45,0,0
310,Barry,Thierno,Barry,FWD,Everton,EVE,6.0,0.0,0.0,3967,11999,3967,11999,0.7,a,,,1,2025-08-15T17:30:00Z,2025-08-21T22:18:20Z,9,4,60,0,0
311,Beto,Norberto Bercique,Gomes Betuncal,FWD,Everton,EVE,5.5,0.0,0.0,34409,89635,34409,89635,7.9,a,,,1,2025-08-15T17:30:00Z,2025-08-21T22:18:20Z,9,4,55,0,0
312,Y.Chermiti,Youssef,Ramalho Chermiti,FWD,Everton,EVE,5.0,0.0,0.0,1066,2305,1066,2305,0.2,a,,,1,2025-08-15T17:30:00Z,2025-08-21T22:18:20Z,9,4,50,0,0
313,Sherif,Martin,Sherif,FWD,Everton,EVE,4.5,0.0,0.0,1619,2667,1619,2667,0.2,a,,,1,2025-08-15T17:30:00Z,2025-08-21T22:18:20Z,9,4,45,0,0
419,Grealish,Jack,Grealish,MID,Everton,EVE,6.5,0.0,0.0,13628,44301,13628,44301,3.3,a,,,1,2025-08-15T17:30:00Z,2025-08-21T22:18:20Z,9,3,65,0,0
630,King,Tom,King,GK,Everton,EVE,4.0,0.0,0.0,2721,6290,2721,6290,1.5,a,,,1,2025-08-15T17:30:00Z,2025-08-21T22:18:20Z,9,1,40,0,0
667,Aznou,Adam,Aznou,DEF,Everton,EVE,4.5,0.0,0.0,419,1557,419,1557,0.1,a,,,1,2025-08-15T17:30:00Z,2025-08-21T22:18:20Z,9,2,45,0,0
314,Leno,Bernd,Leno,GK,Fulham,FUL,5.0,0.0,0.0,3485,11764,3485,11764,1.6,a,,,1,2025-08-15T17:30:00Z,2025-08-21T22:18:20Z,10,1,50,0,0
315,Benda,Steven,Benda,GK,Fulham,FUL,4.0,0.0,0.0,0,90,0,90,0.0,u,0.0,0.0,1,2025-08-15T17:30:00Z,2025-08-21T22:18:20Z,10,1,40,0,0
316,Robinson,Antonee,Robinson,DEF,Fulham,FUL,5.0,0.0,0.0,392,28356,392,28356,0.7,i,0.0,0.0,1,2025-08-15T17:30:00Z,2025-08-21T22:18:20Z,10,2,50,0,0
317,Andersen,Joachim,Andersen,DEF,Fulham,FUL,4.5,0.0,0.0,7524,11581,7524,11581,2.9,a,,,1,2025-08-15T17:30:00Z,2025-08-21T22:18:20Z,10,2,45,0,0
318,Bassey,Calvin,Bassey,DEF,Fulham,FUL,4.5,0.0,0.0,2531,4463,2531,4463,0.5,a,,,1,2025-08-15T17:30:00Z,2025-08-21T22:18:20Z,10,2,45,0,0
319,Castagne,Timothy,Castagne,DEF,Fulham,FUL,4.5,0.0,0.0,279,1283,279,1283,0.1,a,,,1,2025-08-15T17:30:00Z,2025-08-21T22:18:20Z,10,2,45,0,0
320,Diop,Issa,Diop,DEF,Fulham,FUL,4.5,0.0,0.0,250,933,250,933,0.1,a,,,1,2025-08-15T17:30:00Z,2025-08-21T22:18:20Z,10,2,45,0,0
321,J.Cuenca,Jorge,Cuenca Barreno,DEF,Fulham,FUL,4.5,0.0,0.0,150,373,150,373,0.0,a,,,1,2025-08-15T17:30:00Z,2025-08-21T22:18:20Z,10,2,45,0,0
322,Tete,Kenny,Tete,DEF,Fulham,FUL,4.5,0.0,0.0,1071,1447,1071,1447,0.2,a,,,1,2025-08-15T17:30:00Z,2025-08-21T22:18:20Z,10,2,45,0,0
323,Amissah,Samuel,Amissah,DEF,Fulham,FUL,4.0,0.0,0.0,480,1551,480,1551,0.2,a,,,1,2025-08-15T17:30:00Z,2025-08-21T22:18:20Z,10,2,40,0,0
324,Iwobi,Alex,Iwobi,MID,Fulham,FUL,6.5,0.0,0.0,2619,22233,2619,22233,1.4,a,,,1,2025-08-15T17:30:00Z,2025-08-21T22:18:20Z,10,3,65,0,0
325,Smith Rowe,Emile,Smith Rowe,MID,Fulham,FUL,6.0,0.0,0.0,2230,19237,2230,19237,0.8,a,,,1,2025-08-15T17:30:00Z,2025-08-21T22:18:20Z,10,3,60,0,0
326,Adama,Adama,Traoré Diarra,MID,Fulham,FUL,5.5,0.0,0.0,776,4921,776,4921,0.3,a,,,1,2025-08-15T17:30:00Z,2025-08-21T22:18:20Z,10,3,55,0,0
327,Andreas,Andreas,Hoelgebaum Pereira,MID,Fulham,FUL,5.5,0.0,0.0,827,7260,827,7260,0.3,a,,,1,2025-08-15T17:30:00Z,2025-08-21T22:18:20Z,10,3,55,0,0
328,Sessegnon,Ryan,Sessegnon,MID,Fulham,FUL,5.5,0.0,0.0,42,749,42,749,0.0,d,75.0,75.0,1,2025-08-15T17:30:00Z,2025-08-21T22:18:20Z,10,3,55,0,0
329,Wilson,Harry,Wilson,MID,Fulham,FUL,5.5,0.0,0.0,5312,13033,5312,13033,0.9,a,,,1,2025-08-15T17:30:00Z,2025-08-21T22:18:20Z,10,3,55,0,0
330,Berge,Sander,Berge,MID,Fulham,FUL,5.0,0.0,0.0,197,656,197,656,0.1,a,,,1,2025-08-15T17:30:00Z,2025-08-21T22:18:20Z,10,3,50,0,0
331,Cairney,Tom,Cairney,MID,Fulham,FUL,5.0,0.0,0.0,68,500,68,500,0.0,a,,,1,2025-08-15T17:30:00Z,2025-08-21T22:18:20Z,10,3,50,0,0
332,Lukić,Saša,Lukić,MID,Fulham,FUL,5.0,0.0,0.0,173,615,173,615,0.1,a,,,1,2025-08-15T17:30:00Z,2025-08-21T22:18:20Z,10,3,50,0,0
333,Godo,Martial,Godo,MID,Fulham,FUL,4.5,0.0,0.0,425,857,425,857,0.1,a,,,1,2025-08-15T17:30:00Z,2025-08-21T22:18:20Z,10,3,45,0,0
334,Harris,Luke,Harris,MID,Fulham,FUL,4.5,0.0,0.0,0,106,0,106,0.0,u,0.0,0.0,1,2025-08-15T17:30:00Z,2025-08-21T22:18:20Z,10,3,45,0,0
335,King,Josh,King,MID,Fulham,FUL,4.5,0.0,0.0,34438,15573,34438,15573,1.1,a,,,1,2025-08-15T17:30:00Z,2025-08-21T22:18:20Z,10,3,45,0,0
336,Reed,Harrison,Reed,MID,Fulham,FUL,4.5,0.0,0.0,1062,2898,1062,2898,0.3,a,,,1,2025-08-15T17:30:00Z,2025-08-21T22:18:20Z,10,3,45,0,0
337,Raúl,Raúl,Jiménez Rodríguez,FWD,Fulham,FUL,6.5,0.0,0.0,5917,30161,5917,30161,2.0,a,,,1,2025-08-15T17:30:00Z,2025-08-21T22:18:20Z,10,4,65,0,0
338,Muniz,Rodrigo,Muniz Carvalho,FWD,Fulham,FUL,5.5,0.0,0.0,49784,21503,49784,21503,2.4,a,,,1,2025-08-15T17:30:00Z,2025-08-21T22:18:20Z,10,4,55,0,0
664,Lecomte,Benjamin,Lecomte,GK,Fulham,FUL,4.0,0.0,0.0,1914,3455,1914,3455,0.8,a,,,1,2025-08-15T17:30:00Z,2025-08-21T22:18:20Z,10,1,40,0,0
339,Meslier,Illan,Meslier,GK,Leeds,LEE,4.5,0.0,0.0,1607,8286,1607,8286,0.7,a,,,1,2025-08-15T17:30:00Z,2025-08-21T22:18:20Z,11,1,45,0,0
340,Cairns,Alex,Cairns,GK,Leeds,LEE,4.0,0.0,0.0,658,1019,658,1019,0.2,a,,,1,2025-08-15T17:30:00Z,2025-08-21T22:18:20Z,11,1,40,0,0
341,Darlow,Karl,Darlow,GK,Leeds,LEE,4.0,0.0,0.0,6282,14448,6282,14448,3.0,a,,,1,2025-08-15T17:30:00Z,2025-08-21T22:18:20Z,11,1,40,0,0
342,Bogle,Jayden,Bogle,DEF,Leeds,LEE,4.5,0.0,0.0,759,1615,759,1615,0.2,a,100.0,75.0,1,2025-08-15T17:30:00Z,2025-08-21T22:18:20Z,11,2,45,0,0
343,Struijk,Pascal,Struijk,DEF,Leeds,LEE,4.5,0.0,0.0,3674,2873,3674,2873,0.4,a,,,1,2025-08-15T17:30:00Z,2025-08-21T22:18:20Z,11,2,45,0,0
344,Bijol,Jaka,Bijol,DEF,Leeds,LEE,4.0,0.0,0.0,1585,972,1585,972,0.2,a,100.0,0.0,1,2025-08-15T17:30:00Z,2025-08-21T22:18:20Z,11,2,40,0,0
345,Bornauw,Sebastiaan,Bornauw,DEF,Leeds,LEE,4.0,0.0,0.0,78,821,78,821,0.1,a,100.0,75.0,1,2025-08-15T17:30:00Z,2025-08-21T22:18:20Z,11,2,40,0,0
346,Byram,Sam,Byram,DEF,Leeds,LEE,4.0,0.0,0.0,550,2031,550,2031,0.2,a,,,1,2025-08-15T17:30:00Z,2025-08-21T22:18:20Z,11,2,40,0,0
347,Gudmundsson,Gabriel,Gudmundsson,DEF,Leeds,LEE,4.0,0.0,0.0,63041,18865,63041,18865,3.4,a,,,1,2025-08-15T17:30:00Z,2025-08-21T22:18:20Z,11,2,40,0,0
348,Rodon,Joe,Rodon,DEF,Leeds,LEE,4.0,0.0,0.0,15045,10495,15045,10495,2.3,a,,,1,2025-08-15T17:30:00Z,2025-08-21T22:18:20Z,11,2,40,0,0
349,Schmidt,Isaac,Schmidt,DEF,Leeds,LEE,4.0,0.0,0.0,369,1605,369,1605,0.2,a,,,1,2025-08-15T17:30:00Z,2025-08-21T22:18:20Z,11,2,40,0,0
350,Aaronson,Brenden,Aaronson,MID,Leeds,LEE,5.5,0.0,0.0,340,1134,340,1134,0.1,a,,,1,2025-08-15T17:30:00Z,2025-08-21T22:18:20Z,11,3,55,0,0
351,Gnonto,Wilfried,Gnonto,MID,Leeds,LEE,5.5,0.0,0.0,1673,4786,1673,4786,0.3,a,,,1,2025-08-15T17:30:00Z,2025-08-21T22:18:20Z,11,3,55,0,0
352,Harrison,Jack,Harrison,MID,Leeds,LEE,5.5,0.0,0.0,223,2275,223,2275,0.1,a,,,1,2025-08-15T17:30:00Z,2025-08-21T22:18:20Z,11,3,55,0,0
353,James,Daniel,James,MID,Leeds,LEE,5.5,0.0,0.0,1390,5920,1390,5920,0.5,a,,,1,2025-08-15T17:30:00Z,2025-08-21T22:18:20Z,11,3,55,0,0
354,Ampadu,Ethan,Ampadu,MID,Leeds,LEE,5.0,0.0,0.0,574,1189,574,1189,0.1,i,0.0,,1,2025-08-15T17:30:00Z,2025-08-21T22:18:20Z,11,3,50,0,0
355,Greenwood,Sam,Greenwood,MID,Leeds,LEE,5.0,0.0,0.0,430,1722,430,1722,0.1,a,,,1,2025-08-15T17:30:00Z,2025-08-21T22:18:20Z,11,3,50,0,0
356,Gruev,Ilia,Gruev,MID,Leeds,LEE,5.0,0.0,0.0,109,565,109,565,0.0,a,,,1,2025-08-15T17:30:00Z,2025-08-21T22:18:20Z,11,3,50,0,0
357,Ramazani,Largie,Ramazani,MID,Leeds,LEE,5.0,0.0,0.0,75,726,75,726,0.0,a,,,1,2025-08-15T17:30:00Z,2025-08-21T22:18:20Z,11,3,50,0,0
358,Tanaka,Tanaka,Ao,MID,Leeds,LEE,5.0,0.0,0.0,2393,2690,2393,2690,0.3,a,,,1,2025-08-15T17:30:00Z,2025-08-21T22:18:20Z,11,3,50,0,0
359,Crew,Charlie,Crew,MID,Leeds,LEE,4.5,0.0,0.0,0,331,0,331,0.0,u,0.0,0.0,1,2025-08-15T17:30:00Z,2025-08-21T22:18:20Z,11,3,45,0,0
360,Gelhardt,Joe,Gelhardt,MID,Leeds,LEE,4.5,0.0,0.0,0,944,0,944,0.0,u,0.0,0.0,1,2025-08-15T17:30:00Z,2025-08-21T22:18:20Z,11,3,45,0,0
361,Gyabi,Darko,Gyabi,MID,Leeds,LEE,4.5,0.0,0.0,625,1078,625,1078,0.1,a,,,1,2025-08-15T17:30:00Z,2025-08-21T22:18:20Z,11,3,45,0,0
362,Piroe,Joël,Piroe,FWD,Leeds,LEE,5.5,0.0,0.0,8147,22175,8147,22175,1.9,a,,,1,2025-08-15T17:30:00Z,2025-08-21T22:18:20Z,11,4,55,0,0
363,Bamford,Patrick,Bamford,FWD,Leeds,LEE,5.0,0.0,0.0,9346,32136,9346,32136,1.9,a,,,1,2025-08-15T17:30:00Z,2025-08-21T22:18:20Z,11,4,50,0,0
364,Mateo Joseph,Mateo,Joseph Fernández-Regatillo,FWD,Leeds,LEE,5.0,0.0,0.0,0,1039,0,1039,0.0,u,0.0,0.0,1,2025-08-15T17:30:00Z,2025-08-21T22:18:20Z,11,4,50,0,0
365,Nmecha,Lukas,Nmecha,FWD,Leeds,LEE,5.0,0.0,0.0,20133,7481,20133,7481,0.6,a,,,1,2025-08-15T17:30:00Z,2025-08-21T22:18:20Z,11,4,50,0,0
493,Longstaff,Sean,Longstaff,MID,Leeds,LEE,5.0,0.0,0.0,389,2208,389,2208,0.2,a,,,1,2025-08-15T17:30:00Z,2025-08-21T22:18:20Z,11,3,50,0,0
660,Stach,Anton,Stach,MID,Leeds,LEE,5.0,0.0,0.0,12076,3682,12076,3682,0.4,a,,,1,2025-08-15T17:30:00Z,2025-08-21T22:18:20Z,11,3,50,0,0
665,Perri,Lucas Estella,Perri,GK,Leeds,LEE,4.5,0.0,0.0,4231,2402,4231,2402,0.4,a,,,1,2025-08-15T17:30:00Z,2025-08-21T22:18:20Z,11,1,45,0,0
691,Calvert-Lewin,Dominic,Calvert-Lewin,FWD,Leeds,LEE,5.5,0.0,0.0,2921,622,2921,622,0.1,a,,,1,2025-08-15T17:30:00Z,2025-08-21T22:18:20Z,11,4,55,0,0
698,Okafor,Noah,Okafor,MID,Leeds,LEE,5.5,0.0,0.0,181,26,181,26,0.0,a,,,1,2025-08-15T17:30:00Z,2025-08-21T22:18:20Z,11,3,55,0,0
366,A.Becker,Alisson,Becker,GK,Liverpool,LIV,5.5,0.0,0.0,17577,96072,17577,96072,10.9,a,,,1,2025-08-15T17:30:00Z,2025-08-21T22:18:20Z,12,1,55,0,0
367,Mamardashvili,Giorgi,Mamardashvili,GK,Liverpool,LIV,4.5,0.0,0.0,1056,8308,1056,8308,0.4,a,,,1,2025-08-15T17:30:00Z,2025-08-21T22:18:20Z,12,1,45,0,0
368,Pécsi,Ármin,Pécsi,GK,Liverpool,LIV,4.0,0.0,0.0,252,653,252,653,0.1,a,,,1,2025-08-15T17:30:00Z,2025-08-21T22:18:20Z,12,1,40,0,0
369,Woodman,Freddie,Woodman,GK,Liverpool,LIV,4.0,0.0,0.0,275,735,275,735,0.1,a,,,1,2025-08-15T17:30:00Z,2025-08-21T22:18:20Z,12,1,40,0,0
370,Frimpong,Jeremie,Frimpong,DEF,Liverpool,LIV,6.0,0.0,0.0,54276,651714,54276,651714,24.9,i,0.0,,1,2025-08-15T17:30:00Z,2025-08-21T22:18:20Z,12,2,60,0,0
371,Kerkez,Milos,Kerkez,DEF,Liverpool,LIV,6.0,0.0,0.0,18635,92799,18635,92799,6.1,a,,,1,2025-08-15T17:30:00Z,2025-08-21T22:18:20Z,12,2,60,0,0
372,Robertson,Andrew,Robertson,DEF,Liverpool,LIV,6.0,0.0,0.0,1986,18827,1986,18827,1.3,a,,,1,2025-08-15T17:30:00Z,2025-08-21T22:18:20Z,12,2,60,0,0
373,Virgil,Virgil,van Dijk,DEF,Liverpool,LIV,6.0,0.0,0.0,96605,118129,96605,118129,23.9,a,,,1,2025-08-15T17:30:00Z,2025-08-21T22:18:20Z,12,2,60,0,0
374,Konaté,Ibrahima,Konaté,DEF,Liverpool,LIV,5.5,0.0,0.0,14913,34170,14913,34170,2.9,a,,,1,2025-08-15T17:30:00Z,2025-08-21T22:18:20Z,12,2,55,0,0
375,Bradley,Conor,Bradley,DEF,Liverpool,LIV,5.0,0.0,0.0,411,3503,411,3503,0.1,d,50.0,50.0,1,2025-08-15T17:30:00Z,2025-08-21T22:18:20Z,12,2,50,0,0
376,Gomez,Joe,Gomez,DEF,Liverpool,LIV,5.0,0.0,0.0,1068,1030,1068,1030,0.1,a,100.0,75.0,1,2025-08-15T17:30:00Z,2025-08-21T22:18:20Z,12,2,50,0,0
377,Tsimikas,Konstantinos,Tsimikas,DEF,Liverpool,LIV,5.0,0.0,0.0,402,2246,402,2246,0.1,a,,,1,2025-08-15T17:30:00Z,2025-08-21T22:18:20Z,12,2,50,0,0
378,Nallo,Amara,Nallo,DEF,Liverpool,LIV,4.0,0.0,0.0,157,1197,157,1197,0.1,a,,,1,2025-08-15T17:30:00Z,2025-08-21T22:18:20Z,12,2,40,0,0
379,R.Williams,Rhys,Williams,DEF,Liverpool,LIV,4.0,0.0,0.0,436,1965,436,1965,0.2,a,,,1,2025-08-15T17:30:00Z,2025-08-21T22:18:20Z,12,2,40,0,0
380,Ramsay,Calvin,Ramsay,DEF,Liverpool,LIV,4.0,0.0,0.0,506,1985,506,1985,0.2,a,,,1,2025-08-15T17:30:00Z,2025-08-21T22:18:20Z,12,2,40,0,0
381,M.Salah,Mohamed,Salah,MID,Liverpool,LIV,14.5,0.0,0.0,126788,113281,126788,113281,53.7,a,,,1,2025-08-15T17:30:00Z,2025-08-21T22:18:20Z,12,3,145,0,0
382,Wirtz,Florian,Wirtz,MID,Liverpool,LIV,8.5,0.0,0.0,39613,465152,39613,465152,28.6,a,,,1,2025-08-15T17:30:00Z,2025-08-21T22:18:20Z,12,3,85,0,0
383,Luis Díaz,Luis,Díaz Marulanda,MID,Liverpool,LIV,8.0,0.0,0.0,0,4132,0,4132,0.1,u,0.0,0.0,1,2025-08-15T17:30:00Z,2025-08-21T22:18:20Z,12,3,80,0,0
384,Gakpo,Cody,Gakpo,MID,Liverpool,LIV,7.5,0.0,0.0,136118,64377,136118,64377,8.3,a,,,1,2025-08-15T17:30:00Z,2025-08-21T22:18:20Z,12,3,75,0,0
385,Chiesa,Federico,Chiesa,MID,Liverpool,LIV,6.5,0.0,0.0,7656,2171,7656,2171,0.3,a,,,1,2025-08-15T17:30:00Z,2025-08-21T22:18:20Z,12,3,65,0,0
386,Mac Allister,Alexis,Mac Allister,MID,Liverpool,LIV,6.5,0.0,0.0,18616,18056,18616,18056,1.9,a,,,1,2025-08-15T17:30:00Z,2025-08-21T22:18:20Z,12,3,65,0,0
387,Szoboszlai,Dominik,Szoboszlai,MID,Liverpool,LIV,6.5,0.0,0.0,6984,29252,6984,29252,1.9,a,,,1,2025-08-15T17:30:00Z,2025-08-21T22:18:20Z,12,3,65,0,0
388,C.Jones,Curtis,Jones,MID,Liverpool,LIV,5.5,0.0,0.0,404,2308,404,2308,0.1,a,,,1,2025-08-15T17:30:00Z,2025-08-21T22:18:20Z,12,3,55,0,0
389,Elliott,Harvey,Elliott,MID,Liverpool,LIV,5.5,0.0,0.0,464,3471,464,3471,0.1,a,,,1,2025-08-15T17:30:00Z,2025-08-21T22:18:20Z,12,3,55,0,0
390,Gravenberch,Ryan,Gravenberch,MID,Liverpool,LIV,5.5,0.0,0.0,3733,2141,3733,2141,0.2,a,100.0,0.0,1,2025-08-15T17:30:00Z,2025-08-21T22:18:20Z,12,3,55,0,0
392,Endo,Endo,Wataru,MID,Liverpool,LIV,5.0,0.0,0.0,1495,1433,1495,1433,0.1,a,,,1,2025-08-15T17:30:00Z,2025-08-21T22:18:20Z,12,3,50,0,0
393,Bajcetic,Stefan,Bajčetić Maquieira,MID,Liverpool,LIV,4.5,0.0,0.0,275,740,275,740,0.0,a,,,1,2025-08-15T17:30:00Z,2025-08-21T22:18:20Z,12,3,45,0,0
394,McConnell,James,McConnell,MID,Liverpool,LIV,4.5,0.0,0.0,131,448,131,448,0.0,a,,,1,2025-08-15T17:30:00Z,2025-08-21T22:18:20Z,12,3,45,0,0
395,Morton,Tyler,Morton,MID,Liverpool,LIV,4.5,0.0,0.0,0,140,0,140,0.0,u,0.0,0.0,1,2025-08-15T17:30:00Z,2025-08-21T22:18:20Z,12,3,45,0,0
396,Nyoni,Trey,Nyoni,MID,Liverpool,LIV,4.5,0.0,0.0,459,1473,459,1473,0.1,a,,,1,2025-08-15T17:30:00Z,2025-08-21T22:18:20Z,12,3,45,0,0
397,Darwin,Darwin,Núñez Ribeiro,FWD,Liverpool,LIV,6.5,0.0,0.0,0,9968,0,9968,0.1,u,0.0,0.0,1,2025-08-15T17:30:00Z,2025-08-21T22:18:20Z,12,4,65,0,0
398,Danns,Jayden,Danns,FWD,Liverpool,LIV,4.5,0.0,0.0,822,2210,822,2210,0.1,a,,,1,2025-08-15T17:30:00Z,2025-08-21T22:18:20Z,12,4,45,0,0
661,Ekitiké,Hugo,Ekitiké,FWD,Liverpool,LIV,8.6,0.1,0.1,543427,71944,543427,71944,21.4,a,,,1,2025-08-15T17:30:00Z,2025-08-21T22:18:20Z,12,4,86,1,1
686,Ngumoha,Rio,Ngumoha,MID,Liverpool,LIV,4.5,0.0,0.0,5934,1930,5934,1930,0.1,a,,,1,2025-08-15T17:30:00Z,2025-08-21T22:18:20Z,12,3,45,0,0
692,Leoni,Giovanni,Leoni,DEF,Liverpool,LIV,5.0,0.0,0.0,276,88,276,88,0.0,a,,,1,2025-08-15T17:30:00Z,2025-08-21T22:18:20Z,12,2,50,0,0
182,Trafford,James,Trafford,GK,Man City,MCI,5.0,0.0,0.0,48823,21854,48823,21854,2.6,a,,,1,2025-08-15T17:30:00Z,2025-08-21T22:18:20Z,13,1,50,0,0
399,Ederson M.,Ederson,Santana de Moraes,GK,Man City,MCI,5.5,0.0,0.0,6214,66211,6214,66211,2.6,a,,,1,2025-08-15T17:30:00Z,2025-08-21T22:18:20Z,13,1,55,0,0
400,Ortega Moreno,Stefan,Ortega Moreno,GK,Man City,MCI,5.0,0.0,0.0,372,3672,372,3672,0.3,a,,,1,2025-08-15T17:30:00Z,2025-08-21T22:18:20Z,13,1,50,0,0
401,Bettinelli,Marcus,Bettinelli,GK,Man City,MCI,4.0,0.0,0.0,663,1428,663,1428,0.2,a,,,1,2025-08-15T17:30:00Z,2025-08-21T22:18:20Z,13,1,40,0,0
402,Aït-Nouri,Rayan,Aït-Nouri,DEF,Man City,MCI,6.0,0.0,0.0,275006,81643,275006,81643,22.8,a,,,1,2025-08-15T17:30:00Z,2025-08-21T22:18:20Z,13,2,60,0,0
403,Gvardiol,Joško,Gvardiol,DEF,Man City,MCI,5.9,-0.1,-0.1,1189,406036,1189,406036,6.5,i,0.0,0.0,1,2025-08-15T17:30:00Z,2025-08-21T22:18:20Z,13,2,59,-1,-1
404,Akanji,Manuel,Akanji,DEF,Man City,MCI,5.5,0.0,0.0,4104,16028,4104,16028,0.8,a,,,1,2025-08-15T17:30:00Z,2025-08-21T22:18:20Z,13,2,55,0,0
405,Aké,Nathan,Aké,DEF,Man City,MCI,5.5,0.0,0.0,2627,10714,2627,10714,0.7,a,,,1,2025-08-15T17:30:00Z,2025-08-21T22:18:20Z,13,2,55,0,0
406,Khusanov,Abdukodir,Khusanov,DEF,Man City,MCI,5.5,0.0,0.0,1715,6534,1715,6534,0.4,a,,,1,2025-08-15T17:30:00Z,2025-08-21T22:18:20Z,13,2,55,0,0
407,Matheus N.,Matheus,Nunes,DEF,Man City,MCI,5.5,0.0,0.0,1589,8175,1589,8175,0.4,a,,,1,2025-08-15T17:30:00Z,2025-08-21T22:18:20Z,13,2,55,0,0
408,Rúben,Rúben,dos Santos Gato Alves Dias,DEF,Man City,MCI,5.5,0.0,0.0,39150,22017,39150,22017,3.7,a,,,1,2025-08-15T17:30:00Z,2025-08-21T22:18:20Z,13,2,55,0,0
409,Stones,John,Stones,DEF,Man City,MCI,5.5,0.0,0.0,10938,4656,10938,4656,0.9,a,,,1,2025-08-15T17:30:00Z,2025-08-21T22:18:20Z,13,2,55,0,0
410,Lewis,Rico,Lewis,DEF,Man City,MCI,5.0,0.0,0.0,170465,23659,170465,23659,3.1,a,,,1,2025-08-15T17:30:00Z,2025-08-21T22:18:20Z,13,2,50,0,0
411,O’Reilly,Nico,O'Reilly,DEF,Man City,MCI,5.0,0.0,0.0,1030,3029,1030,3029,0.2,a,,,1,2025-08-15T17:30:00Z,2025-08-21T22:18:20Z,13,2,50,0,0
412,Vitor Reis,Vitor,de Oliveira Nunes dos Reis,DEF,Man City,MCI,5.0,0.0,0.0,0,411,0,411,0.0,u,0.0,0.0,1,2025-08-15T17:30:00Z,2025-08-21T22:18:20Z,13,2,50,0,0
413,Marmoush,Omar,Marmoush,MID,Man City,MCI,8.4,-0.1,-0.1,22233,246212,22233,246212,9.1,a,,,1,2025-08-15T17:30:00Z,2025-08-21T22:18:20Z,13,3,84,-1,-1
414,Foden,Phil,Foden,MID,Man City,MCI,8.0,0.0,0.0,6135,25266,6135,25266,1.3,a,100.0,100.0,1,2025-08-15T17:30:00Z,2025-08-21T22:18:20Z,13,3,80,0,0
415,Savinho,Sávio,Moreira de Oliveira,MID,Man City,MCI,7.0,0.0,0.0,233,41556,233,41556,0.7,i,0.0,0.0,1,2025-08-15T17:30:00Z,2025-08-21T22:18:20Z,13,3,70,0,0
416,Bernardo,Bernardo,Mota Veiga de Carvalho e Silva,MID,Man City,MCI,6.5,0.0,0.0,5798,12793,5798,12793,0.8,a,,,1,2025-08-15T17:30:00Z,2025-08-21T22:18:20Z,13,3,65,0,0
417,Cherki,Rayan,Cherki,MID,Man City,MCI,6.5,0.0,0.0,95747,84107,95747,84107,8.5,a,,,1,2025-08-15T17:30:00Z,2025-08-21T22:18:20Z,13,3,65,0,0
418,Doku,Jérémy,Doku,MID,Man City,MCI,6.5,0.0,0.0,6891,20679,6891,20679,1.1,a,,,1,2025-08-15T17:30:00Z,2025-08-21T22:18:20Z,13,3,65,0,0
420,Gündoğan,İlkay,Gündoğan,MID,Man City,MCI,6.4,-0.1,-0.1,501,4492,501,4492,0.2,a,,,1,2025-08-15T17:30:00Z,2025-08-21T22:18:20Z,13,3,64,-1,-1
421,Rodrigo,Rodrigo 'Rodri',Hernandez Cascante,MID,Man City,MCI,6.5,0.0,0.0,2892,13959,2892,13959,0.6,a,100.0,100.0,1,2025-08-15T17:30:00Z,2025-08-21T22:18:20Z,13,3,65,0,0
422,Kovačić,Mateo,Kovačić,MID,Man City,MCI,6.0,0.0,0.0,70,279,70,279,0.0,i,0.0,0.0,1,2025-08-15T17:30:00Z,2025-08-21T22:18:20Z,13,3,60,0,0
423,N.Gonzalez,Nico,González Iglesias,MID,Man City,MCI,6.0,0.0,0.0,1546,1494,1546,1494,0.1,a,,,1,2025-08-15T17:30:00Z,2025-08-21T22:18:20Z,13,3,60,0,0
424,Bobb,Oscar,Bobb,MID,Man City,MCI,5.5,0.0,0.0,20839,4639,20839,4639,0.4,a,,,1,2025-08-15T17:30:00Z,2025-08-21T22:18:20Z,13,3,55,0,0
425,Echeverri,Claudio,Echeverri,MID,Man City,MCI,5.4,-0.1,-0.1,194,934,194,934,0.0,u,0.0,,1,2025-08-15T17:30:00Z,2025-08-21T22:18:20Z,13,3,54,-1,-1
427,Reijnders,Tijjani,Reijnders,MID,Man City,MCI,5.6,0.1,0.1,991158,33564,991158,33564,30.2,a,,,1,2025-08-15T17:30:00Z,2025-08-21T22:18:20Z,13,3,56,1,1
428,Nypan,Sverre,Nypan,MID,Man City,MCI,5.0,0.0,0.0,73,838,73,838,0.0,u,0.0,,1,2025-08-15T17:30:00Z,2025-08-21T22:18:20Z,13,3,50,0,0
429,Phillips,Kalvin,Phillips,MID,Man City,MCI,5.0,0.0,0.0,301,1061,301,1061,0.1,a,,,1,2025-08-15T17:30:00Z,2025-08-21T22:18:20Z,13,3,50,0,0
430,Haaland,Erling,Haaland,FWD,Man City,MCI,14.0,0.0,0.0,368355,38427,368355,38427,29.4,a,,,1,2025-08-15T17:30:00Z,2025-08-21T22:18:20Z,13,4,140,0,0
119,Mbeumo,Bryan,Mbeumo,MID,Man Utd,MUN,8.0,0.0,0.0,130701,95225,130701,95225,14.2,a,,,1,2025-08-15T17:30:00Z,2025-08-21T22:18:20Z,14,3,80,0,0
431,Bayindir,Altay,Bayındır,GK,Man Utd,MUN,5.0,0.0,0.0,3004,4034,3004,4034,0.4,a,,,1,2025-08-15T17:30:00Z,2025-08-21T22:18:20Z,14,1,50,0,0
432,Onana,André,Onana,GK,Man Utd,MUN,5.0,0.0,0.0,1996,2675,1996,2675,0.3,a,100.0,100.0,1,2025-08-15T17:30:00Z,2025-08-21T22:18:20Z,14,1,50,0,0
433,Harrison,Elyh,Harrison,GK,Man Utd,MUN,4.0,0.0,0.0,0,74,0,74,0.0,u,0.0,0.0,1,2025-08-15T17:30:00Z,2025-08-21T22:18:20Z,14,1,40,0,0
434,Heaton,Tom,Heaton,GK,Man Utd,MUN,4.0,0.0,0.0,1236,1661,1236,1661,0.3,a,,,1,2025-08-15T17:30:00Z,2025-08-21T22:18:20Z,14,1,40,0,0
435,Mee,Dermot,Mee,GK,Man Utd,MUN,4.0,0.0,0.0,344,612,344,612,0.1,a,,,1,2025-08-15T17:30:00Z,2025-08-21T22:18:20Z,14,1,40,0,0
436,De Ligt,Matthijs,de Ligt,DEF,Man Utd,MUN,5.0,0.0,0.0,39140,14651,39140,14651,2.3,a,,,1,2025-08-15T17:30:00Z,2025-08-21T22:18:20Z,14,2,50,0,0
437,Martinez,Lisandro,Martínez,DEF,Man Utd,MUN,5.0,0.0,0.0,113,5976,113,5976,0.1,i,0.0,0.0,1,2025-08-15T17:30:00Z,2025-08-21T22:18:20Z,14,2,50,0,0
438,Mazraoui,Noussair,Mazraoui,DEF,Man Utd,MUN,5.0,0.0,0.0,131,10003,131,10003,0.2,i,0.0,0.0,1,2025-08-15T17:30:00Z,2025-08-21T22:18:20Z,14,2,50,0,0
439,D.Leon,Diego,León Blanco,DEF,Man Utd,MUN,4.5,0.0,0.0,284,1095,284,1095,0.1,a,,,1,2025-08-15T17:30:00Z,2025-08-21T22:18:20Z,14,2,45,0,0
440,Dalot,Diogo,Dalot Teixeira,DEF,Man Utd,MUN,4.5,0.0,0.0,8755,14928,8755,14928,2.2,a,,,1,2025-08-15T17:30:00Z,2025-08-21T22:18:20Z,14,2,45,0,0
441,Dorgu,Patrick,Dorgu,DEF,Man Utd,MUN,4.5,0.0,0.0,133824,28580,133824,28580,7.6,a,,,1,2025-08-15T17:30:00Z,2025-08-21T22:18:20Z,14,2,45,0,0
442,Maguire,Harry,Maguire,DEF,Man Utd,MUN,4.5,0.0,0.0,3461,7631,3461,7631,0.7,a,,,1,2025-08-15T17:30:00Z,2025-08-21T22:18:20Z,14,2,45,0,0
443,Shaw,Luke,Shaw,DEF,Man Utd,MUN,4.5,0.0,0.0,4502,1802,4502,1802,0.3,a,,,1,2025-08-15T17:30:00Z,2025-08-21T22:18:20Z,14,2,45,0,0
444,Yoro,Leny,Yoro,DEF,Man Utd,MUN,4.5,0.0,0.0,29461,12962,29461,12962,1.8,a,,,1,2025-08-15T17:30:00Z,2025-08-21T22:18:20Z,14,2,45,0,0
445,Amass,Harry,Amass,DEF,Man Utd,MUN,4.0,0.0,0.0,575,1716,575,1716,0.2,a,,,1,2025-08-15T17:30:00Z,2025-08-21T22:18:20Z,14,2,40,0,0
446,Fredricson,Tyler,Fredricson,DEF,Man Utd,MUN,4.0,0.0,0.0,196,1038,196,1038,0.1,a,,,1,2025-08-15T17:30:00Z,2025-08-21T22:18:20Z,14,2,40,0,0
447,Heaven,Ayden,Heaven,DEF,Man Utd,MUN,4.0,0.0,0.0,4656,12030,4656,12030,1.5,a,,,1,2025-08-15T17:30:00Z,2025-08-21T22:18:20Z,14,2,40,0,0
448,Malacia,Tyrell,Malacia,DEF,Man Utd,MUN,4.0,0.0,0.0,1272,2935,1272,2935,0.3,a,,,1,2025-08-15T17:30:00Z,2025-08-21T22:18:20Z,14,2,40,0,0
449,B.Fernandes,Bruno,Borges Fernandes,MID,Man Utd,MUN,9.0,0.0,0.0,66012,148343,66012,148343,21.2,a,,,1,2025-08-15T17:30:00Z,2025-08-21T22:18:20Z,14,3,90,0,0
450,Cunha,Matheus,Santos Carneiro da Cunha,MID,Man Utd,MUN,8.0,0.0,0.0,131003,57340,131003,57340,9.0,a,,,1,2025-08-15T17:30:00Z,2025-08-21T22:18:20Z,14,3,80,0,0
451,Rashford,Marcus,Rashford,MID,Man Utd,MUN,7.0,0.0,0.0,0,709,0,709,0.0,u,0.0,0.0,1,2025-08-15T17:30:00Z,2025-08-21T22:18:20Z,14,3,70,0,0
452,Amad,Amad,Diallo,MID,Man Utd,MUN,6.5,0.0,0.0,10827,42639,10827,42639,2.7,a,,,1,2025-08-15T17:30:00Z,2025-08-21T22:18:20Z,14,3,65,0,0
453,Garnacho,Alejandro,Garnacho Ferreyra,MID,Man Utd,MUN,6.5,0.0,0.0,708,3695,708,3695,0.2,a,,,1,2025-08-15T17:30:00Z,2025-08-21T22:18:20Z,14,3,65,0,0
454,Antony,Antony,dos Santos,MID,Man Utd,MUN,6.0,0.0,0.0,549,2367,549,2367,0.1,a,,,1,2025-08-15T17:30:00Z,2025-08-21T22:18:20Z,14,3,60,0,0
455,Mount,Mason,Mount,MID,Man Utd,MUN,6.0,0.0,0.0,4089,4089,4089,4089,0.3,a,,,1,2025-08-15T17:30:00Z,2025-08-21T22:18:20Z,14,3,60,0,0
456,Sancho,Jadon,Sancho,MID,Man Utd,MUN,6.0,0.0,0.0,490,2400,490,2400,0.1,a,,,1,2025-08-15T17:30:00Z,2025-08-21T22:18:20Z,14,3,60,0,0
457,Casemiro,Carlos Henrique,Casimiro,MID,Man Utd,MUN,5.5,0.0,0.0,1834,2807,1834,2807,0.2,a,,,1,2025-08-15T17:30:00Z,2025-08-21T22:18:20Z,14,3,55,0,0
458,Mainoo,Kobbie,Mainoo,MID,Man Utd,MUN,5.0,0.0,0.0,3583,12573,3583,12573,0.7,a,,,1,2025-08-15T17:30:00Z,2025-08-21T22:18:20Z,14,3,50,0,0
459,Ugarte,Manuel,Ugarte Ribeiro,MID,Man Utd,MUN,5.0,0.0,0.0,1318,2983,1318,2983,0.2,a,,,1,2025-08-15T17:30:00Z,2025-08-21T22:18:20Z,14,3,50,0,0
460,Collyer,Toby,Collyer,MID,Man Utd,MUN,4.5,0.0,0.0,423,2084,423,2084,0.1,u,0.0,,1,2025-08-15T17:30:00Z,2025-08-21T22:18:20Z,14,3,45,0,0
461,Fitzgerald,Jayce,Fitzgerald,MID,Man Utd,MUN,4.5,0.0,0.0,147,405,147,405,0.0,a,,,1,2025-08-15T17:30:00Z,2025-08-21T22:18:20Z,14,3,45,0,0
462,J.Fletcher,Jack,Fletcher,MID,Man Utd,MUN,4.5,0.0,0.0,166,436,166,436,0.0,a,,,1,2025-08-15T17:30:00Z,2025-08-21T22:18:20Z,14,3,45,0,0
463,Kone,Sékou,Koné,MID,Man Utd,MUN,4.5,0.0,0.0,569,1033,569,1033,0.1,a,,,1,2025-08-15T17:30:00Z,2025-08-21T22:18:20Z,14,3,45,0,0
464,Moorhouse,Jack,Moorhouse,MID,Man Utd,MUN,4.5,0.0,0.0,136,340,136,340,0.0,a,100.0,100.0,1,2025-08-15T17:30:00Z,2025-08-21T22:18:20Z,14,3,45,0,0
465,Højlund,Rasmus,Højlund,FWD,Man Utd,MUN,6.5,0.0,0.0,2159,13953,2159,13953,0.6,a,,,1,2025-08-15T17:30:00Z,2025-08-21T22:18:20Z,14,4,65,0,0
466,Zirkzee,Joshua,Zirkzee,FWD,Man Utd,MUN,6.0,0.0,0.0,3824,7460,3824,7460,0.4,a,100.0,100.0,1,2025-08-15T17:30:00Z,2025-08-21T22:18:20Z,14,4,60,0,0
467,Obi,Chido,Obi,FWD,Man Utd,MUN,4.5,0.0,0.0,7130,22728,7130,22728,2.1,a,,,1,2025-08-15T17:30:00Z,2025-08-21T22:18:20Z,14,4,45,0,0
468,Wheatley,Ethan,Wheatley,FWD,Man Utd,MUN,4.5,0.0,0.0,683,1712,683,1712,0.1,a,100.0,100.0,1,2025-08-15T17:30:00Z,2025-08-21T22:18:20Z,14,4,45,0,0
681,Šeško,Benjamin,Sesko,FWD,Man Utd,MUN,7.5,0.0,0.0,95241,87502,95241,87502,8.9,a,,,1,2025-08-15T17:30:00Z,2025-08-21T22:18:20Z,14,4,75,0,0
52,J.Ramsey,Jacob,Ramsey,MID,Newcastle,NEW,5.5,0.0,0.0,3266,11724,3266,11724,0.6,a,,,1,2025-08-15T17:30:00Z,2025-08-21T22:18:20Z,15,3,55,0,0
469,Pope,Nick,Pope,GK,Newcastle,NEW,5.0,0.0,0.0,37179,21361,37179,21361,4.0,a,,,1,2025-08-15T17:30:00Z,2025-08-21T22:18:20Z,15,1,50,0,0
471,Gillespie,Mark,Gillespie,GK,Newcastle,NEW,4.0,0.0,0.0,534,828,534,828,0.2,a,,,1,2025-08-15T17:30:00Z,2025-08-21T22:18:20Z,15,1,40,0,0
472,Odysseas,Odysseas,Vlachodimos,GK,Newcastle,NEW,4.0,0.0,0.0,0,674,0,674,0.0,u,0.0,0.0,1,2025-08-15T17:30:00Z,2025-08-21T22:18:20Z,15,1,40,0,0
473,Hall,Lewis,Hall,DEF,Newcastle,NEW,5.5,0.0,0.0,4919,33783,4919,33783,1.7,a,,,1,2025-08-15T17:30:00Z,2025-08-21T22:18:20Z,15,2,55,0,0
474,Schär,Fabian,Schär,DEF,Newcastle,NEW,5.5,0.0,0.0,24937,13667,24937,13667,2.9,a,,,1,2025-08-15T17:30:00Z,2025-08-21T22:18:20Z,15,2,55,0,0
475,Botman,Sven,Botman,DEF,Newcastle,NEW,5.0,0.0,0.0,1775,8416,1775,8416,0.5,a,,,1,2025-08-15T17:30:00Z,2025-08-21T22:18:20Z,15,2,50,0,0
476,Burn,Dan,Burn,DEF,Newcastle,NEW,5.0,0.0,0.0,46353,21178,46353,21178,4.1,a,,,1,2025-08-15T17:30:00Z,2025-08-21T22:18:20Z,15,2,50,0,0
477,Livramento,Tino,Livramento,DEF,Newcastle,NEW,5.0,0.0,0.0,53325,20941,53325,20941,4.1,a,,,1,2025-08-15T17:30:00Z,2025-08-21T22:18:20Z,15,2,50,0,0
478,Trippier,Kieran,Trippier,DEF,Newcastle,NEW,5.0,0.0,0.0,18630,11377,18630,11377,2.2,a,,,1,2025-08-15T17:30:00Z,2025-08-21T22:18:20Z,15,2,50,0,0
479,Krafth,Emil,Krafth,DEF,Newcastle,NEW,4.5,0.0,0.0,145,645,145,645,0.1,a,,,1,2025-08-15T17:30:00Z,2025-08-21T22:18:20Z,15,2,45,0,0
480,Lascelles,Jamaal,Lascelles,DEF,Newcastle,NEW,4.5,0.0,0.0,192,1060,192,1060,0.1,a,,,1,2025-08-15T17:30:00Z,2025-08-21T22:18:20Z,15,2,45,0,0
481,A.Murphy,Alex,Murphy,DEF,Newcastle,NEW,4.0,0.0,0.0,3906,7973,3906,7973,0.8,a,,,1,2025-08-15T17:30:00Z,2025-08-21T22:18:20Z,15,2,40,0,0
482,Ashby,Harrison,Ashby,DEF,Newcastle,NEW,4.0,0.0,0.0,260,1220,260,1220,0.1,a,,,1,2025-08-15T17:30:00Z,2025-08-21T22:18:20Z,15,2,40,0,0
483,Pivas,Miodrag,Pivaš,DEF,Newcastle,NEW,4.0,0.0,0.0,195,1134,195,1134,0.1,a,,,1,2025-08-15T17:30:00Z,2025-08-21T22:18:20Z,15,2,40,0,0
484,Targett,Matt,Targett,DEF,Newcastle,NEW,4.0,0.0,0.0,1709,4458,1709,4458,0.5,a,,,1,2025-08-15T17:30:00Z,2025-08-21T22:18:20Z,15,2,40,0,0
485,Gordon,Anthony,Gordon,MID,Newcastle,NEW,7.5,0.0,0.0,27764,23957,27764,23957,2.0,a,100.0,100.0,1,2025-08-15T17:30:00Z,2025-08-21T22:18:20Z,15,3,75,0,0
486,Elanga,Anthony,Elanga,MID,Newcastle,NEW,7.0,0.0,0.0,18729,106416,18729,106416,7.3,a,,,1,2025-08-15T17:30:00Z,2025-08-21T22:18:20Z,15,3,70,0,0
487,Barnes,Harvey,Barnes,MID,Newcastle,NEW,6.5,0.0,0.0,3381,8316,3381,8316,0.5,a,,,1,2025-08-15T17:30:00Z,2025-08-21T22:18:20Z,15,3,65,0,0
488,Bruno G.,Bruno,Guimarães Rodriguez Moura,MID,Newcastle,NEW,6.5,0.0,0.0,3891,20967,3891,20967,1.6,a,,,1,2025-08-15T17:30:00Z,2025-08-21T22:18:20Z,15,3,65,0,0
489,J.Murphy,Jacob,Murphy,MID,Newcastle,NEW,6.4,-0.1,-0.1,1225,49285,1225,49285,1.9,a,,,1,2025-08-15T17:30:00Z,2025-08-21T22:18:20Z,15,3,64,-1,-1
490,Joelinton,Joelinton Cássio,Apolinário de Lira,MID,Newcastle,NEW,6.0,0.0,0.0,2633,7761,2633,7761,0.4,a,,,1,2025-08-15T17:30:00Z,2025-08-21T22:18:20Z,15,3,60,0,0
491,Tonali,Sandro,Tonali,MID,Newcastle,NEW,5.5,0.0,0.0,6798,24035,6798,24035,1.8,a,,,1,2025-08-15T17:30:00Z,2025-08-21T22:18:20Z,15,3,55,0,0
492,Antoñito C.,Antoñito,Cordero Campillo,MID,Newcastle,NEW,5.0,0.0,0.0,119,583,119,583,0.0,a,100.0,100.0,1,2025-08-15T17:30:00Z,2025-08-21T22:18:20Z,15,3,50,0,0
494,Willock,Joe,Willock,MID,Newcastle,NEW,5.0,0.0,0.0,24,1098,24,1098,0.0,i,0.0,0.0,1,2025-08-15T17:30:00Z,2025-08-21T22:18:20Z,15,3,50,0,0
495,Hayden,Isaac,Hayden,MID,Newcastle,NEW,4.5,0.0,0.0,0,569,0,569,0.0,u,0.0,0.0,1,2025-08-15T17:30:00Z,2025-08-21T22:18:20Z,15,3,45,0,0
496,Kuol,Garang,Kuol,MID,Newcastle,NEW,4.5,0.0,0.0,330,807,330,807,0.1,a,,,1,2025-08-15T17:30:00Z,2025-08-21T22:18:20Z,15,3,45,0,0
497,L.Miley,Lewis,Miley,MID,Newcastle,NEW,4.5,0.0,0.0,13515,23218,13515,23218,2.5,a,,,1,2025-08-15T17:30:00Z,2025-08-21T22:18:20Z,15,3,45,0,0
498,White,Joe,White,MID,Newcastle,NEW,4.5,0.0,0.0,0,422,0,422,0.0,u,0.0,0.0,1,2025-08-15T17:30:00Z,2025-08-21T22:18:20Z,15,3,45,0,0
499,Isak,Alexander,Isak,FWD,Newcastle,NEW,10.4,-0.1,-0.1,5028,332570,5028,332570,5.2,n,0.0,0.0,1,2025-08-15T17:30:00Z,2025-08-21T22:18:20Z,15,4,104,-1,-1
500,Osula,William,Osula,FWD,Newcastle,NEW,5.5,0.0,0.0,1873,3887,1873,3887,0.2,a,,,1,2025-08-15T17:30:00Z,2025-08-21T22:18:20Z,15,4,55,0,0
501,Neave,Sean,Neave,FWD,Newcastle,NEW,4.5,0.0,0.0,1669,3154,1669,3154,0.2,a,,,1,2025-08-15T17:30:00Z,2025-08-21T22:18:20Z,15,4,45,0,0
674,Ramsdale,Aaron,Ramsdale,GK,Newcastle,NEW,5.0,0.0,0.0,1683,12944,1683,12944,0.9,a,,,1,2025-08-15T17:30:00Z,2025-08-21T22:18:20Z,15,1,50,0,0
684,Thiaw,Malick,Thiaw,DEF,Newcastle,NEW,5.0,0.0,0.0,1220,2698,1220,2698,0.2,a,,,1,2025-08-15T17:30:00Z,2025-08-21T22:18:20Z,15,2,50,0,0
689,Seung soo,Seung-Soo,Park,MID,Newcastle,NEW,4.5,0.0,0.0,6560,1916,6560,1916,0.2,a,,,1,2025-08-15T17:30:00Z,2025-08-21T22:18:20Z,15,3,45,0,0
426,McAtee,James,McAtee,MID,Nott'm Forest,NFO,5.5,0.0,0.0,2397,3085,2397,3085,0.2,a,,,1,2025-08-15T17:30:00Z,2025-08-21T22:18:20Z,16,3,55,0,0
502,Sels,Matz,Sels,GK,Nott'm Forest,NFO,5.0,0.0,0.0,42796,99618,42796,99618,19.3,a,,,1,2025-08-15T17:30:00Z,2025-08-21T22:18:20Z,16,1,50,0,0
503,C.Miguel,Carlos Miguel,dos Santos Pereira,GK,Nott'm Forest,NFO,4.0,0.0,0.0,448,1821,448,1821,0.2,u,0.0,,1,2025-08-15T17:30:00Z,2025-08-21T22:18:20Z,16,1,40,0,0
504,Turner,Matt,Turner,GK,Nott'm Forest,NFO,4.0,0.0,0.0,0,4212,0,4212,0.2,u,0.0,0.0,1,2025-08-15T17:30:00Z,2025-08-21T22:18:20Z,16,1,40,0,0
505,Milenković,Nikola,Milenković,DEF,Nott'm Forest,NFO,5.5,0.0,0.0,28643,55565,28643,55565,9.6,a,,,1,2025-08-15T17:30:00Z,2025-08-21T22:18:20Z,16,2,55,0,0
506,Murillo,Murillo,Costa dos Santos,DEF,Nott'm Forest,NFO,5.5,0.0,0.0,18424,35127,18424,35127,6.7,a,,,1,2025-08-15T17:30:00Z,2025-08-21T22:18:20Z,16,2,55,0,0
507,Aina,Ola,Aina,DEF,Nott'm Forest,NFO,5.0,0.0,0.0,75399,63982,75399,63982,14.5,a,,,1,2025-08-15T17:30:00Z,2025-08-21T22:18:20Z,16,2,50,0,0
508,N.Williams,Neco,Williams,DEF,Nott'm Forest,NFO,5.0,0.0,0.0,28644,53807,28644,53807,9.9,a,,,1,2025-08-15T17:30:00Z,2025-08-21T22:18:20Z,16,2,50,0,0
509,David Carmo,David,Mota Veiga Teixeira do Carmo,DEF,Nott'm Forest,NFO,4.5,0.0,0.0,172,542,172,542,0.1,a,,,1,2025-08-15T17:30:00Z,2025-08-21T22:18:20Z,16,2,45,0,0
510,Jair Cunha,Jair,Paula da Cunha Filho,DEF,Nott'm Forest,NFO,4.5,0.0,0.0,282,985,282,985,0.1,a,,,1,2025-08-15T17:30:00Z,2025-08-21T22:18:20Z,16,2,45,0,0
511,Morato,Felipe,Rodrigues da Silva,DEF,Nott'm Forest,NFO,4.5,0.0,0.0,234,1084,234,1084,0.1,a,,,1,2025-08-15T17:30:00Z,2025-08-21T22:18:20Z,16,2,45,0,0
512,O.Richards,Omar,Richards,DEF,Nott'm Forest,NFO,4.5,0.0,0.0,155,537,155,537,0.0,a,,,1,2025-08-15T17:30:00Z,2025-08-21T22:18:20Z,16,2,45,0,0
513,Abbott,Zach,Abbott,DEF,Nott'm Forest,NFO,4.0,0.0,0.0,714,1684,714,1684,0.2,a,,,1,2025-08-15T17:30:00Z,2025-08-21T22:18:20Z,16,2,40,0,0
514,Boly,Willy,Boly,DEF,Nott'm Forest,NFO,4.0,0.0,0.0,1808,3912,1808,3912,0.5,a,,,1,2025-08-15T17:30:00Z,2025-08-21T22:18:20Z,16,2,40,0,0
515,Gibbs-White,Morgan,Gibbs-White,MID,Nott'm Forest,NFO,7.5,0.0,0.0,27612,40631,27612,40631,5.2,a,,,1,2025-08-15T17:30:00Z,2025-08-21T22:18:20Z,16,3,75,0,0
516,Hudson-Odoi,Callum,Hudson-Odoi,MID,Nott'm Forest,NFO,6.0,0.0,0.0,6074,15902,6074,15902,1.1,a,,,1,2025-08-15T17:30:00Z,2025-08-21T22:18:20Z,16,3,60,0,0
517,Anderson,Elliot,Anderson,MID,Nott'm Forest,NFO,5.5,0.0,0.0,48900,54404,48900,54404,6.5,a,,,1,2025-08-15T17:30:00Z,2025-08-21T22:18:20Z,16,3,55,0,0
518,Jota,João Pedro,Ferreira da Silva,MID,Nott'm Forest,NFO,5.5,0.0,0.0,301,1190,301,1190,0.1,a,,,1,2025-08-15T17:30:00Z,2025-08-21T22:18:20Z,16,3,55,0,0
519,Dominguez,Nicolás,Domínguez,MID,Nott'm Forest,NFO,5.0,0.0,0.0,13,32,13,32,0.0,i,0.0,0.0,1,2025-08-15T17:30:00Z,2025-08-21T22:18:20Z,16,3,50,0,0
520,O'Brien,Lewis,O'Brien,MID,Nott'm Forest,NFO,5.0,0.0,0.0,0,53,0,53,0.0,u,0.0,0.0,1,2025-08-15T17:30:00Z,2025-08-21T22:18:20Z,16,3,50,0,0
521,Sangaré,Ibrahim,Sangaré,MID,Nott'm Forest,NFO,5.0,0.0,0.0,462,665,462,665,0.1,a,,,1,2025-08-15T17:30:00Z,2025-08-21T22:18:20Z,16,3,50,0,0
522,Yates,Ryan,Yates,MID,Nott'm Forest,NFO,5.0,0.0,0.0,330,1592,330,1592,0.1,a,,,1,2025-08-15T17:30:00Z,2025-08-21T22:18:20Z,16,3,50,0,0
523,Da Silva Moreira,Eric,da Silva Moreira,MID,Nott'm Forest,NFO,4.5,0.0,0.0,936,2044,936,2044,0.2,a,,,1,2025-08-15T17:30:00Z,2025-08-21T22:18:20Z,16,3,45,0,0
524,Stamenic,Marko,Stamenić,MID,Nott'm Forest,NFO,4.5,0.0,0.0,245,1027,245,1027,0.1,u,0.0,,1,2025-08-15T17:30:00Z,2025-08-21T22:18:20Z,16,3,45,0,0
525,Wood,Chris,Wood,FWD,Nott'm Forest,NFO,7.6,0.1,0.1,543695,72199,543695,72199,19.0,a,,,1,2025-08-15T17:30:00Z,2025-08-21T22:18:20Z,16,4,76,1,1
526,Igor Jesus,Igor Jesus,Maciel da Cruz,FWD,Nott'm Forest,NFO,6.0,0.0,0.0,3138,15049,3138,15049,0.7,a,,,1,2025-08-15T17:30:00Z,2025-08-21T22:18:20Z,16,4,60,0,0
527,Awoniyi,Taiwo,Awoniyi,FWD,Nott'm Forest,NFO,5.5,0.0,0.0,3915,13241,3915,13241,0.7,a,,,1,2025-08-15T17:30:00Z,2025-08-21T22:18:20Z,16,4,55,0,0
669,Ndoye,Dan,Ndoye,MID,Nott'm Forest,NFO,6.0,0.0,0.0,33758,9918,33758,9918,0.8,a,,,1,2025-08-15T17:30:00Z,2025-08-21T22:18:20Z,16,3,60,0,0
675,Gunn,Angus,Gunn,GK,Nott'm Forest,NFO,4.0,0.0,0.0,7265,7011,7265,7011,1.9,a,,,1,2025-08-15T17:30:00Z,2025-08-21T22:18:20Z,16,1,40,0,0
693,Hutchinson,Omari,Hutchinson,MID,Nott'm Forest,NFO,5.5,0.0,0.0,526,131,526,131,0.0,a,,,1,2025-08-15T17:30:00Z,2025-08-21T22:18:20Z,16,3,55,0,0
696,Kalimuendo,Arnaud,Kalimuendo,FWD,Nott'm Forest,NFO,6.0,0.0,0.0,553,109,553,109,0.0,a,,,1,2025-08-15T17:30:00Z,2025-08-21T22:18:20Z,16,4,60,0,0
252,Marc Guiu,Marc,Guiu Paz,FWD,Sunderland,SUN,4.5,0.0,0.0,93902,108421,93902,108421,19.6,a,100.0,100.0,1,2025-08-15T17:30:00Z,2025-08-21T22:18:20Z,17,4,45,0,0
528,Patterson,Anthony,Patterson,GK,Sunderland,SUN,4.5,0.0,0.0,2107,5055,2107,5055,0.3,a,,,1,2025-08-15T17:30:00Z,2025-08-21T22:18:20Z,17,1,45,0,0
529,Moore,Simon,Moore,GK,Sunderland,SUN,4.0,0.0,0.0,1772,2553,1772,2553,0.5,a,,,1,2025-08-15T17:30:00Z,2025-08-21T22:18:20Z,17,1,40,0,0
530,Nna Noukeu,Blondy,Nna Noukeu,GK,Sunderland,SUN,4.0,0.0,0.0,296,773,296,773,0.2,a,,,1,2025-08-15T17:30:00Z,2025-08-21T22:18:20Z,17,1,40,0,0
531,Ballard,Daniel,Ballard,DEF,Sunderland,SUN,4.6,0.1,0.1,391929,24123,391929,24123,5.3,a,,,1,2025-08-15T17:30:00Z,2025-08-21T22:18:20Z,17,2,46,1,1
532,Hume,Trai,Hume,DEF,Sunderland,SUN,4.5,0.0,0.0,7910,2136,7910,2136,0.3,a,,,1,2025-08-15T17:30:00Z,2025-08-21T22:18:20Z,17,2,45,0,0
533,Alese,Aji,Alese,DEF,Sunderland,SUN,4.0,0.0,0.0,55,85,55,85,0.0,i,0.0,0.0,1,2025-08-15T17:30:00Z,2025-08-21T22:18:20Z,17,2,40,0,0
534,Anderson,Joe,Anderson,DEF,Sunderland,SUN,4.0,0.0,0.0,2059,4582,2059,4582,0.5,a,,,1,2025-08-15T17:30:00Z,2025-08-21T22:18:20Z,17,2,40,0,0
535,Cirkin,Dennis,Cirkin,DEF,Sunderland,SUN,4.0,0.0,0.0,63,392,63,392,0.0,i,0.0,0.0,1,2025-08-15T17:30:00Z,2025-08-21T22:18:20Z,17,2,40,0,0
536,Hjelde,Leo Fuhr,Hjelde,DEF,Sunderland,SUN,4.0,0.0,0.0,49,86,49,86,0.0,i,0.0,0.0,1,2025-08-15T17:30:00Z,2025-08-21T22:18:20Z,17,2,40,0,0
537,Huggins,Niall,Huggins,DEF,Sunderland,SUN,4.0,0.0,0.0,593,1846,593,1846,0.2,a,,,1,2025-08-15T17:30:00Z,2025-08-21T22:18:20Z,17,2,40,0,0
538,Johnson,Zak,Johnson,DEF,Sunderland,SUN,4.0,0.0,0.0,692,2008,692,2008,0.2,a,,,1,2025-08-15T17:30:00Z,2025-08-21T22:18:20Z,17,2,40,0,0
539,O'Nien,Luke,O'Nien,DEF,Sunderland,SUN,4.0,0.0,0.0,142,293,142,293,0.0,i,0.0,0.0,1,2025-08-15T17:30:00Z,2025-08-21T22:18:20Z,17,2,40,0,0
540,Pembele,Timothée,Pembélé,DEF,Sunderland,SUN,4.0,0.0,0.0,653,1764,653,1764,0.2,a,,,1,2025-08-15T17:30:00Z,2025-08-21T22:18:20Z,17,2,40,0,0
541,Reinildo,Reinildo,Mandava,DEF,Sunderland,SUN,4.0,0.0,0.0,141766,33628,141766,33628,8.2,a,,,1,2025-08-15T17:30:00Z,2025-08-21T22:18:20Z,17,2,40,0,0
542,Seelt,Jenson,Seelt,DEF,Sunderland,SUN,4.0,0.0,0.0,1227,3410,1227,3410,0.3,a,100.0,,1,2025-08-15T17:30:00Z,2025-08-21T22:18:20Z,17,2,40,0,0
543,Adingra,Simon,Adingra,MID,Sunderland,SUN,5.5,0.0,0.0,38317,15637,38317,15637,1.8,a,,,1,2025-08-15T17:30:00Z,2025-08-21T22:18:20Z,17,3,55,0,0
544,Diarra,Habib,Diarra,MID,Sunderland,SUN,5.5,0.0,0.0,2034,1339,2034,1339,0.1,a,,,1,2025-08-15T17:30:00Z,2025-08-21T22:18:20Z,17,3,55,0,0
545,Roberts,Patrick,Roberts,MID,Sunderland,SUN,5.5,0.0,0.0,113,871,113,871,0.0,a,,,1,2025-08-15T17:30:00Z,2025-08-21T22:18:20Z,17,3,55,0,0
546,Aleksić,Milan,Aleksić,MID,Sunderland,SUN,5.0,0.0,0.0,133,569,133,569,0.0,a,,,1,2025-08-15T17:30:00Z,2025-08-21T22:18:20Z,17,3,50,0,0
547,E.Le Fée,Enzo,Le Fée,MID,Sunderland,SUN,5.0,0.0,0.0,535,5581,535,5581,0.3,a,,,1,2025-08-15T17:30:00Z,2025-08-21T22:18:20Z,17,3,50,0,0
548,Mundle,Romaine,Mundle,MID,Sunderland,SUN,5.0,0.0,0.0,23,257,23,257,0.0,i,0.0,0.0,1,2025-08-15T17:30:00Z,2025-08-21T22:18:20Z,17,3,50,0,0
549,Neil,Dan,Neil,MID,Sunderland,SUN,5.0,0.0,0.0,73,531,73,531,0.0,a,,,1,2025-08-15T17:30:00Z,2025-08-21T22:18:20Z,17,3,50,0,0
550,Poveda,Ian,Poveda-Ocampo,MID,Sunderland,SUN,5.0,0.0,0.0,34,379,34,379,0.0,a,,,1,2025-08-15T17:30:00Z,2025-08-21T22:18:20Z,17,3,50,0,0
551,Rigg,Chris,Rigg,MID,Sunderland,SUN,5.0,0.0,0.0,133,824,133,824,0.1,a,,,1,2025-08-15T17:30:00Z,2025-08-21T22:18:20Z,17,3,50,0,0
552,Sadiki,Noah,Sadiki,MID,Sunderland,SUN,5.0,0.0,0.0,751,465,751,465,0.1,a,,,1,2025-08-15T17:30:00Z,2025-08-21T22:18:20Z,17,3,50,0,0
553,Talbi,Chemsdine,Talbi,MID,Sunderland,SUN,5.0,0.0,0.0,18661,4842,18661,4842,0.3,a,,,1,2025-08-15T17:30:00Z,2025-08-21T22:18:20Z,17,3,50,0,0
554,Ba,Abdoullah,Ba,MID,Sunderland,SUN,4.5,0.0,0.0,1391,3130,1391,3130,0.3,a,,,1,2025-08-15T17:30:00Z,2025-08-21T22:18:20Z,17,3,45,0,0
555,Browne,Alan,Browne,MID,Sunderland,SUN,4.5,0.0,0.0,710,1230,710,1230,0.1,a,,,1,2025-08-15T17:30:00Z,2025-08-21T22:18:20Z,17,3,45,0,0
556,Ekwah,Pierre,Ekwah Elimby,MID,Sunderland,SUN,4.5,0.0,0.0,0,602,0,602,0.0,u,0.0,0.0,1,2025-08-15T17:30:00Z,2025-08-21T22:18:20Z,17,3,45,0,0
557,H.Jones,Harrison,Jones,MID,Sunderland,SUN,4.5,0.0,0.0,432,809,432,809,0.1,a,,,1,2025-08-15T17:30:00Z,2025-08-21T22:18:20Z,17,3,45,0,0
558,Matete,Jay,Matete,MID,Sunderland,SUN,4.5,0.0,0.0,1817,3262,1817,3262,0.3,a,,,1,2025-08-15T17:30:00Z,2025-08-21T22:18:20Z,17,3,45,0,0
559,Triantis,Nectarios,Triantis,MID,Sunderland,SUN,4.5,0.0,0.0,280,819,280,819,0.1,a,,,1,2025-08-15T17:30:00Z,2025-08-21T22:18:20Z,17,3,45,0,0
560,Isidor,Wilson,Isidor,FWD,Sunderland,SUN,5.5,0.0,0.0,10888,3675,10888,3675,0.3,a,,,1,2025-08-15T17:30:00Z,2025-08-21T22:18:20Z,17,4,55,0,0
561,Mayenda,Eliezer,Mayenda Dossou,FWD,Sunderland,SUN,5.5,0.0,0.0,126159,20433,126159,20433,1.8,a,,,1,2025-08-15T17:30:00Z,2025-08-21T22:18:20Z,17,4,55,0,0
562,Abdullahi,Ahmed,Abdullahi,FWD,Sunderland,SUN,4.5,0.0,0.0,2927,6173,2927,6173,0.6,a,,,1,2025-08-15T17:30:00Z,2025-08-21T22:18:20Z,17,4,45,0,0
563,Luís Hemir,Luís Hemir,Silva Semedo,FWD,Sunderland,SUN,4.5,0.0,0.0,986,2097,986,2097,0.2,a,,,1,2025-08-15T17:30:00Z,2025-08-21T22:18:20Z,17,4,45,0,0
564,Rusyn,Nazarii,Rusyn,FWD,Sunderland,SUN,4.5,0.0,0.0,1281,2515,1281,2515,0.2,a,,,1,2025-08-15T17:30:00Z,2025-08-21T22:18:20Z,17,4,45,0,0
668,Xhaka,Granit,Xhaka,MID,Sunderland,SUN,5.0,0.0,0.0,27494,23765,27494,23765,2.9,a,,,1,2025-08-15T17:30:00Z,2025-08-21T22:18:20Z,17,3,50,0,0
670,Roefs,Robin,Roefs,GK,Sunderland,SUN,4.5,0.0,0.0,53362,9266,53362,9266,1.0,a,,,1,2025-08-15T17:30:00Z,2025-08-21T22:18:20Z,17,1,45,0,0
678,Masuaku,Arthur,Masuaku,DEF,Sunderland,SUN,4.0,0.0,0.0,7646,5120,7646,5120,0.8,a,100.0,100.0,1,2025-08-15T17:30:00Z,2025-08-21T22:18:20Z,17,2,40,0,0
683,Alderete,Omar,Alderete,DEF,Sunderland,SUN,4.0,0.0,0.0,29778,9581,29778,9581,1.3,a,,,1,2025-08-15T17:30:00Z,2025-08-21T22:18:20Z,17,2,40,0,0
694,Mukiele,Nordi,Mukiele,DEF,Sunderland,SUN,4.0,0.0,0.0,10171,1668,10171,1668,0.2,a,,,1,2025-08-15T17:30:00Z,2025-08-21T22:18:20Z,17,2,40,0,0
565,Vicario,Guglielmo,Vicario,GK,Spurs,TOT,5.0,0.0,0.0,30866,39975,30866,39975,4.4,a,,,1,2025-08-15T17:30:00Z,2025-08-21T22:18:20Z,18,1,50,0,0
566,Austin,Brandon,Austin,GK,Spurs,TOT,4.0,0.0,0.0,642,1584,642,1584,0.3,a,,,1,2025-08-15T17:30:00Z,2025-08-21T22:18:20Z,18,1,40,0,0
567,Kinsky,Antonín,Kinský,GK,Spurs,TOT,4.0,0.0,0.0,2834,10698,2834,10698,2.0,a,,,1,2025-08-15T17:30:00Z,2025-08-21T22:18:20Z,18,1,40,0,0
568,Pedro Porro,Pedro,Porro Sauceda,DEF,Spurs,TOT,5.5,0.0,0.0,101274,113480,101274,113480,22.0,a,,,1,2025-08-15T17:30:00Z,2025-08-21T22:18:20Z,18,2,55,0,0
569,Romero,Cristian,Romero,DEF,Spurs,TOT,5.0,0.0,0.0,27774,32008,27774,32008,3.7,a,,,1,2025-08-15T17:30:00Z,2025-08-21T22:18:20Z,18,2,50,0,0
570,Danso,Kevin,Danso,DEF,Spurs,TOT,4.5,0.0,0.0,749,4224,749,4224,0.2,a,,,1,2025-08-15T17:30:00Z,2025-08-21T22:18:20Z,18,2,45,0,0
571,Davies,Ben,Davies,DEF,Spurs,TOT,4.5,0.0,0.0,320,1344,320,1344,0.1,a,,,1,2025-08-15T17:30:00Z,2025-08-21T22:18:20Z,18,2,45,0,0
572,Dragusin,Radu,Drăgușin,DEF,Spurs,TOT,4.5,0.0,0.0,50,107,50,107,0.0,i,0.0,0.0,1,2025-08-15T17:30:00Z,2025-08-21T22:18:20Z,18,2,45,0,0
573,Spence,Djed,Spence,DEF,Spurs,TOT,4.5,0.0,0.0,15198,10747,15198,10747,1.3,a,,,1,2025-08-15T17:30:00Z,2025-08-21T22:18:20Z,18,2,45,0,0
574,Udogie,Destiny,Udogie,DEF,Spurs,TOT,4.5,0.0,0.0,297,26975,297,26975,0.6,i,0.0,0.0,1,2025-08-15T17:30:00Z,2025-08-21T22:18:20Z,18,2,45,0,0
575,Van de Ven,Micky,van de Ven,DEF,Spurs,TOT,4.5,0.0,0.0,136836,99742,136836,99742,27.2,a,,,1,2025-08-15T17:30:00Z,2025-08-21T22:18:20Z,18,2,45,0,0
576,Phillips,Ashley,Phillips,DEF,Spurs,TOT,4.0,0.0,0.0,0,650,0,650,0.0,u,0.0,0.0,1,2025-08-15T17:30:00Z,2025-08-21T22:18:20Z,18,2,40,0,0
577,Takai,Takai,Kōta,DEF,Spurs,TOT,4.0,0.0,0.0,94,2038,94,2038,0.1,d,25.0,25.0,1,2025-08-15T17:30:00Z,2025-08-21T22:18:20Z,18,2,40,0,0
578,Vuskovic,Luka,Vušković,DEF,Spurs,TOT,4.0,0.0,0.0,2998,10474,2998,10474,1.0,a,,,1,2025-08-15T17:30:00Z,2025-08-21T22:18:20Z,18,2,40,0,0
579,Son,Son,Heung-min,MID,Spurs,TOT,8.5,0.0,0.0,0,15613,0,15613,0.2,u,0.0,0.0,1,2025-08-15T17:30:00Z,2025-08-21T22:18:20Z,18,3,85,0,0
580,Johnson,Brennan,Johnson,MID,Spurs,TOT,7.0,0.0,0.0,17941,29191,17941,29191,3.0,a,,,1,2025-08-15T17:30:00Z,2025-08-21T22:18:20Z,18,3,70,0,0
581,Maddison,James,Maddison,MID,Spurs,TOT,7.0,0.0,0.0,119,10605,119,10605,0.2,i,0.0,0.0,1,2025-08-15T17:30:00Z,2025-08-21T22:18:20Z,18,3,70,0,0
582,Kudus,Mohammed,Kudus,MID,Spurs,TOT,6.5,0.0,0.0,318589,98668,318589,98668,27.6,a,,,1,2025-08-15T17:30:00Z,2025-08-21T22:18:20Z,18,3,65,0,0
583,Kulusevski,Dejan,Kulusevski,MID,Spurs,TOT,6.5,0.0,0.0,84,412,84,412,0.0,i,0.0,0.0,1,2025-08-15T17:30:00Z,2025-08-21T22:18:20Z,18,3,65,0,0
584,Tel,Mathys,Tel,MID,Spurs,TOT,6.4,-0.1,-0.1,517,3089,517,3089,0.1,a,,,1,2025-08-15T17:30:00Z,2025-08-21T22:18:20Z,18,3,64,-1,-1
585,Bentancur,Rodrigo,Bentancur,MID,Spurs,TOT,5.5,0.0,0.0,734,3203,734,3203,0.2,a,,,1,2025-08-15T17:30:00Z,2025-08-21T22:18:20Z,18,3,55,0,0
586,Bergvall,Lucas,Bergvall,MID,Spurs,TOT,5.5,0.0,0.0,908,1945,908,1945,0.2,a,,,1,2025-08-15T17:30:00Z,2025-08-21T22:18:20Z,18,3,55,0,0
587,Bissouma,Yves,Bissouma,MID,Spurs,TOT,5.5,0.0,0.0,553,3234,553,3234,0.1,a,,,1,2025-08-15T17:30:00Z,2025-08-21T22:18:20Z,18,3,55,0,0
588,Odobert,Wilson,Odobert,MID,Spurs,TOT,5.5,0.0,0.0,109,780,109,780,0.0,a,,,1,2025-08-15T17:30:00Z,2025-08-21T22:18:20Z,18,3,55,0,0
589,Solomon,Manor,Solomon,MID,Spurs,TOT,5.5,0.0,0.0,24,491,24,491,0.0,d,25.0,25.0,1,2025-08-15T17:30:00Z,2025-08-21T22:18:20Z,18,3,55,0,0
590,Bryan,Bryan,Gil Salvatierra,MID,Spurs,TOT,5.0,0.0,0.0,116,750,116,750,0.0,a,,,1,2025-08-15T17:30:00Z,2025-08-21T22:18:20Z,18,3,50,0,0
591,Gray,Archie,Gray,MID,Spurs,TOT,5.0,0.0,0.0,913,1814,913,1814,0.1,a,,,1,2025-08-15T17:30:00Z,2025-08-21T22:18:20Z,18,3,50,0,0
592,Moore,Mikey,Moore,MID,Spurs,TOT,5.0,0.0,0.0,0,305,0,305,0.0,u,0.0,0.0,1,2025-08-15T17:30:00Z,2025-08-21T22:18:20Z,18,3,50,0,0
593,P.M.Sarr,Pape Matar,Sarr,MID,Spurs,TOT,5.0,0.0,0.0,34732,30999,34732,30999,2.8,a,,,1,2025-08-15T17:30:00Z,2025-08-21T22:18:20Z,18,3,50,0,0
594,Min-hyeok,Yang,Min-hyeok,MID,Spurs,TOT,4.5,0.0,0.0,0,1048,0,1048,0.0,u,0.0,0.0,1,2025-08-15T17:30:00Z,2025-08-21T22:18:20Z,18,3,45,0,0
595,Olusesi,Callum,Olusesi,MID,Spurs,TOT,4.5,0.0,0.0,946,2584,946,2584,0.2,a,,,1,2025-08-15T17:30:00Z,2025-08-21T22:18:20Z,18,3,45,0,0
596,Solanke,Dominic,Solanke-Mitchell,FWD,Spurs,TOT,7.4,-0.1,-0.1,9052,103948,9052,103948,3.8,a,100.0,100.0,1,2025-08-15T17:30:00Z,2025-08-21T22:18:20Z,18,4,74,-1,-1
597,Richarlison,Richarlison,de Andrade,FWD,Spurs,TOT,6.5,0.0,0.0,292883,48486,292883,48486,6.0,a,,,1,2025-08-15T17:30:00Z,2025-08-21T22:18:20Z,18,4,65,0,0
598,Lankshear,Will,Lankshear,FWD,Spurs,TOT,4.5,0.0,0.0,0,1793,0,1793,0.1,u,0.0,0.0,1,2025-08-15T17:30:00Z,2025-08-21T22:18:20Z,18,4,45,0,0
599,Scarlett,Dane,Scarlett,FWD,Spurs,TOT,4.5,0.0,0.0,5452,10312,5452,10312,0.8,a,,,1,2025-08-15T17:30:00Z,2025-08-21T22:18:20Z,18,4,45,0,0
673,J.Palhinha,João Maria,Lobo Alves Palhares Costa Palhinha Gonçalves,MID,Spurs,TOT,5.5,0.0,0.0,1123,8000,1123,8000,0.3,a,,,1,2025-08-15T17:30:00Z,2025-08-21T22:18:20Z,18,3,55,0,0
600,Areola,Alphonse,Areola,GK,West Ham,WHU,4.5,0.0,0.0,5380,61324,5380,61324,4.1,a,,,1,2025-08-15T17:30:00Z,2025-08-21T22:18:20Z,19,1,45,0,0
601,Foderingham,Wes,Foderingham,GK,West Ham,WHU,4.0,0.0,0.0,1684,2973,1684,2973,0.6,a,,,1,2025-08-15T17:30:00Z,2025-08-21T22:18:20Z,19,1,40,0,0
602,Hegyi,Krisztián,Hegyi,GK,West Ham,WHU,4.0,0.0,0.0,384,1140,384,1140,0.3,a,,,1,2025-08-15T17:30:00Z,2025-08-21T22:18:20Z,19,1,40,0,0
603,Diouf,El Hadji Malick,Diouf,DEF,West Ham,WHU,4.5,0.0,0.0,8833,66275,8833,66275,6.7,a,,,1,2025-08-15T17:30:00Z,2025-08-21T22:18:20Z,19,2,45,0,0
604,Emerson,Emerson,Palmieri dos Santos,DEF,West Ham,WHU,4.5,0.0,0.0,312,3402,312,3402,0.2,a,,,1,2025-08-15T17:30:00Z,2025-08-21T22:18:20Z,19,2,45,0,0
605,Kilman,Maximilian,Kilman,DEF,West Ham,WHU,4.5,0.0,0.0,312,4864,312,4864,0.3,a,,,1,2025-08-15T17:30:00Z,2025-08-21T22:18:20Z,19,2,45,0,0
606,Mavropanos,Konstantinos,Mavropanos,DEF,West Ham,WHU,4.5,0.0,0.0,96,742,96,742,0.1,a,,,1,2025-08-15T17:30:00Z,2025-08-21T22:18:20Z,19,2,45,0,0
607,N.Aguerd,Nayef,Aguerd,DEF,West Ham,WHU,4.5,0.0,0.0,427,1575,427,1575,0.1,a,,,1,2025-08-15T17:30:00Z,2025-08-21T22:18:20Z,19,2,45,0,0
608,Scarles,Ollie,Scarles,DEF,West Ham,WHU,4.5,0.0,0.0,51,438,51,438,0.0,a,,,1,2025-08-15T17:30:00Z,2025-08-21T22:18:20Z,19,2,45,0,0
609,Todibo,Jean-Clair,Todibo,DEF,West Ham,WHU,4.5,0.0,0.0,444,1875,444,1875,0.1,a,,,1,2025-08-15T17:30:00Z,2025-08-21T22:18:20Z,19,2,45,0,0
610,Wan-Bissaka,Aaron,Wan-Bissaka,DEF,West Ham,WHU,4.5,0.0,0.0,22965,226302,22965,226302,22.1,a,,,1,2025-08-15T17:30:00Z,2025-08-21T22:18:20Z,19,2,45,0,0
611,Casey,Kaelan,Casey,DEF,West Ham,WHU,4.0,0.0,0.0,0,3333,0,3333,0.2,u,0.0,0.0,1,2025-08-15T17:30:00Z,2025-08-21T22:18:20Z,19,2,40,0,0
612,L.Paquetá,Lucas,Tolentino Coelho de Lima,MID,West Ham,WHU,5.9,-0.1,-0.1,3021,25207,3021,25207,0.9,a,,,1,2025-08-15T17:30:00Z,2025-08-21T22:18:20Z,19,3,59,-1,-1
613,Souček,Tomáš,Souček,MID,West Ham,WHU,5.9,-0.1,-0.1,519,19210,519,19210,0.7,a,,,1,2025-08-15T17:30:00Z,2025-08-21T22:18:20Z,19,3,59,-1,-1
614,Ward-Prowse,James,Ward-Prowse,MID,West Ham,WHU,6.0,0.0,0.0,1124,7136,1124,7136,0.4,a,,,1,2025-08-15T17:30:00Z,2025-08-21T22:18:20Z,19,3,60,0,0
615,Summerville,Crysencio,Summerville,MID,West Ham,WHU,5.5,0.0,0.0,49,228,49,228,0.0,i,0.0,0.0,1,2025-08-15T17:30:00Z,2025-08-21T22:18:20Z,19,3,55,0,0
616,Álvarez,Edson,Álvarez Velázquez,MID,West Ham,WHU,5.0,0.0,0.0,462,2972,462,2972,0.2,a,,,1,2025-08-15T17:30:00Z,2025-08-21T22:18:20Z,19,3,50,0,0
617,Cornet,Maxwel,Cornet,MID,West Ham,WHU,5.0,0.0,0.0,48,540,48,540,0.0,a,,,1,2025-08-15T17:30:00Z,2025-08-21T22:18:20Z,19,3,50,0,0
618,G.Rodriguez,Guido,Rodríguez,MID,West Ham,WHU,5.0,0.0,0.0,185,610,185,610,0.1,a,,,1,2025-08-15T17:30:00Z,2025-08-21T22:18:20Z,19,3,50,0,0
619,L.Guilherme,Luis Guilherme,Lira dos Santos,MID,West Ham,WHU,5.0,0.0,0.0,30,495,30,495,0.0,i,0.0,,1,2025-08-15T17:30:00Z,2025-08-21T22:18:20Z,19,3,50,0,0
620,Earthy,George,Earthy,MID,West Ham,WHU,4.5,0.0,0.0,77,1818,77,1818,0.1,i,0.0,0.0,1,2025-08-15T17:30:00Z,2025-08-21T22:18:20Z,19,3,45,0,0
621,Irving,Andy,Irving,MID,West Ham,WHU,4.5,0.0,0.0,2746,3007,2746,3007,0.3,a,,,1,2025-08-15T17:30:00Z,2025-08-21T22:18:20Z,19,3,45,0,0
622,Orford,Lewis,Orford,MID,West Ham,WHU,4.5,0.0,0.0,505,1773,505,1773,0.1,a,,,1,2025-08-15T17:30:00Z,2025-08-21T22:18:20Z,19,3,45,0,0
623,Potts,Freddie,Potts,MID,West Ham,WHU,4.5,0.0,0.0,2167,7513,2167,7513,0.7,a,,,1,2025-08-15T17:30:00Z,2025-08-21T22:18:20Z,19,3,45,0,0
624,Bowen,Jarrod,Bowen,FWD,West Ham,WHU,8.0,0.0,0.0,16159,334624,16159,334624,13.4,a,,,1,2025-08-15T17:30:00Z,2025-08-21T22:18:20Z,19,4,80,0,0
625,Füllkrug,Niclas,Füllkrug,FWD,West Ham,WHU,6.0,0.0,0.0,9523,57593,9523,57593,3.2,a,,,1,2025-08-15T17:30:00Z,2025-08-21T22:18:20Z,19,4,60,0,0
626,Marshall,Callum,Marshall,FWD,West Ham,WHU,4.5,0.0,0.0,6041,9542,6041,9542,0.7,a,,,1,2025-08-15T17:30:00Z,2025-08-21T22:18:20Z,19,4,45,0,0
659,Walker-Peters,Kyle,Walker-Peters,DEF,West Ham,WHU,4.5,0.0,0.0,779,5005,779,5005,0.4,a,,,1,2025-08-15T17:30:00Z,2025-08-21T22:18:20Z,19,2,45,0,0
671,Wilson,Callum,Wilson,FWD,West Ham,WHU,6.0,0.0,0.0,1703,7874,1703,7874,0.5,a,,,1,2025-08-15T17:30:00Z,2025-08-21T22:18:20Z,19,4,60,0,0
679,Hermansen,Mads,Hermansen,GK,West Ham,WHU,4.5,0.0,0.0,2028,2897,2028,2897,0.3,a,,,1,2025-08-15T17:30:00Z,2025-08-21T22:18:20Z,19,1,45,0,0
627,Johnstone,Sam,Johnstone,GK,Wolves,WOL,4.5,0.0,0.0,380,996,380,996,0.1,a,,,1,2025-08-15T17:30:00Z,2025-08-21T22:18:20Z,20,1,45,0,0
628,José Sá,José,Malheiro de Sá,GK,Wolves,WOL,4.5,0.0,0.0,5512,11626,5512,11626,2.0,a,,,1,2025-08-15T17:30:00Z,2025-08-21T22:18:20Z,20,1,45,0,0
629,Bentley,Daniel,Bentley,GK,Wolves,WOL,4.0,0.0,0.0,1690,2871,1690,2871,0.8,a,,,1,2025-08-15T17:30:00Z,2025-08-21T22:18:20Z,20,1,40,0,0
631,Agbadou,Emmanuel,Agbadou,DEF,Wolves,WOL,4.5,0.0,0.0,2079,2113,2079,2113,0.4,a,,,1,2025-08-15T17:30:00Z,2025-08-21T22:18:20Z,20,2,45,0,0
632,Doherty,Matt,Doherty,DEF,Wolves,WOL,4.5,0.0,0.0,774,1644,774,1644,0.2,a,,,1,2025-08-15T17:30:00Z,2025-08-21T22:18:20Z,20,2,45,0,0
633,H.Bueno,Hugo,Bueno López,DEF,Wolves,WOL,4.5,0.0,0.0,478,623,478,623,0.1,a,,,1,2025-08-15T17:30:00Z,2025-08-21T22:18:20Z,20,2,45,0,0
634,Mosquera,Yerson,Mosquera Valdelamar,DEF,Wolves,WOL,4.5,0.0,0.0,169,659,169,659,0.1,a,,,1,2025-08-15T17:30:00Z,2025-08-21T22:18:20Z,20,2,45,0,0
635,R.Gomes,Rodrigo,Martins Gomes,DEF,Wolves,WOL,4.5,0.0,0.0,444,623,444,623,0.1,a,,,1,2025-08-15T17:30:00Z,2025-08-21T22:18:20Z,20,2,45,0,0
636,S.Bueno,Santiago,Ignacio Bueno,DEF,Wolves,WOL,4.5,0.0,0.0,82,527,82,527,0.1,a,,,1,2025-08-15T17:30:00Z,2025-08-21T22:18:20Z,20,2,45,0,0
637,Toti,Toti,Gomes,DEF,Wolves,WOL,4.5,0.0,0.0,645,1497,645,1497,0.2,a,,,1,2025-08-15T17:30:00Z,2025-08-21T22:18:20Z,20,2,45,0,0
638,Hoever,Ki-Jana,Hoever,DEF,Wolves,WOL,4.0,0.0,0.0,14475,13146,14475,13146,2.3,a,,,1,2025-08-15T17:30:00Z,2025-08-21T22:18:20Z,20,2,40,0,0
639,Meupiyou,Bastien,Meupiyou Menadjou,DEF,Wolves,WOL,4.0,0.0,0.0,0,197,0,197,0.0,u,0.0,0.0,1,2025-08-15T17:30:00Z,2025-08-21T22:18:20Z,20,2,40,0,0
640,Pedro Lima,Pedro,Cardoso de Lima,DEF,Wolves,WOL,4.0,0.0,0.0,4104,7702,4104,7702,1.1,a,,,1,2025-08-15T17:30:00Z,2025-08-21T22:18:20Z,20,2,40,0,0
641,Pond,Alfie,Pond,DEF,Wolves,WOL,4.0,0.0,0.0,5214,10240,5214,10240,1.5,a,,,1,2025-08-15T17:30:00Z,2025-08-21T22:18:20Z,20,2,40,0,0
642,Hee Chan,Hwang,Hee-chan,MID,Wolves,WOL,6.0,0.0,0.0,766,2634,766,2634,0.2,a,,,1,2025-08-15T17:30:00Z,2025-08-21T22:18:20Z,20,3,60,0,0
643,André,André,Trindade da Costa Neto,MID,Wolves,WOL,5.5,0.0,0.0,1236,863,1236,863,0.1,a,,,1,2025-08-15T17:30:00Z,2025-08-21T22:18:20Z,20,3,55,0,0
644,Bellegarde,Jean-Ricner,Bellegarde,MID,Wolves,WOL,5.5,0.0,0.0,767,1001,767,1001,0.1,a,,,1,2025-08-15T17:30:00Z,2025-08-21T22:18:20Z,20,3,55,0,0
645,Fer López,Fer,López González,MID,Wolves,WOL,5.5,0.0,0.0,94,648,94,648,0.0,a,,,1,2025-08-15T17:30:00Z,2025-08-21T22:18:20Z,20,3,55,0,0
646,Gomes,João Victor,Gomes da Silva,MID,Wolves,WOL,5.5,0.0,0.0,563,1219,563,1219,0.1,a,,,1,2025-08-15T17:30:00Z,2025-08-21T22:18:20Z,20,3,55,0,0
647,Guedes,Gonçalo Manuel,Ganchinho Guedes,MID,Wolves,WOL,5.5,0.0,0.0,0,398,0,398,0.0,u,0.0,0.0,1,2025-08-15T17:30:00Z,2025-08-21T22:18:20Z,20,3,55,0,0
648,Munetsi,Marshall,Munetsi,MID,Wolves,WOL,5.5,0.0,0.0,1367,690,1367,690,0.1,a,,,1,2025-08-15T17:30:00Z,2025-08-21T22:18:20Z,20,3,55,0,0
649,B.Traore,Boubacar,Traoré,MID,Wolves,WOL,5.0,0.0,0.0,0,71,0,71,0.0,u,0.0,0.0,1,2025-08-15T17:30:00Z,2025-08-21T22:18:20Z,20,3,50,0,0
650,Chirewa,Tawanda,Chirewa,MID,Wolves,WOL,4.5,0.0,0.0,1147,3619,1147,3619,0.3,a,,,1,2025-08-15T17:30:00Z,2025-08-21T22:18:20Z,20,3,45,0,0
651,Edozie,Tom,Edozie,MID,Wolves,WOL,4.5,0.0,0.0,1422,4320,1422,4320,0.4,a,,,1,2025-08-15T17:30:00Z,2025-08-21T22:18:20Z,20,3,45,0,0
652,Gonzalez,Enso,González Medina,MID,Wolves,WOL,4.5,0.0,0.0,5922,16620,5922,16620,1.5,a,,,1,2025-08-15T17:30:00Z,2025-08-21T22:18:20Z,20,3,45,0,0
653,Hodge,Joe,Hodge,MID,Wolves,WOL,4.5,0.0,0.0,0,1553,0,1553,0.1,u,0.0,0.0,1,2025-08-15T17:30:00Z,2025-08-21T22:18:20Z,20,3,45,0,0
654,Strand Larsen,Jørgen,Strand Larsen,FWD,Wolves,WOL,6.5,0.0,0.0,33894,42876,33894,42876,4.6,a,,,1,2025-08-15T17:30:00Z,2025-08-21T22:18:20Z,20,4,65,0,0
655,Fábio Silva,Fábio,Soares Silva,FWD,Wolves,WOL,5.0,0.0,0.0,3308,8138,3308,8138,0.6,a,,,1,2025-08-15T17:30:00Z,2025-08-21T22:18:20Z,20,4,50,0,0
656,Kalajdžić,Saša,Kalajdžić,FWD,Wolves,WOL,5.0,0.0,0.0,404,1498,404,1498,0.1,a,,,1,2025-08-15T17:30:00Z,2025-08-21T22:18:20Z,20,4,50,0,0
657,Chiwome,Leon,Chiwome,FWD,Wolves,WOL,4.5,0.0,0.0,866,879,866,879,0.0,i,0.0,0.0,1,2025-08-15T17:30:00Z,2025-08-21T22:18:20Z,20,4,45,0,0
658,Fraser,Nathan,Fraser,FWD,Wolves,WOL,4.5,0.0,0.0,23134,26015,23134,26015,2.5,a,,,1,2025-08-15T17:30:00Z,2025-08-21T22:18:20Z,20,4,45,0,0
663,J.Arias,Jhon,Arias,MID,Wolves,WOL,5.5,0.0,0.0,1423,11464,1423,11464,0.6,a,,,1,2025-08-15T17:30:00Z,2025-08-21T22:18:20Z,20,3,55,0,0
682,Møller Wolfe,David,Møller Wolfe,DEF,Wolves,WOL,4.5,0.0,0.0,706,519,706,519,0.1,a,,,1,2025-08-15T17:30:00Z,2025-08-21T22:18:20Z,20,2,45,0,0
695,Tchatchoua,Jackson,Tchatchoua,DEF,Wolves,WOL,4.5,0.0,0.0,155,29,155,29,0.0,a,,,1,2025-08-15T17:30:00Z,2025-08-21T22:18:20Z,20,2,45,0,0
