id,web_name,team,position,now_cost,ownership,NTI_1h,NTI_24h,momentum,status,price_freeze,forecast,risk_up,risk_down,eta_window
1,Raya,1,1,55,22.4,1092.0,58348.0,up,a,0,stable,0.0,0.0,48h+
2,Arrizabalaga,1,1,44,0.7,-53.0,-4029.0,down,a,0,stable,0.0,0.0,48h+
3,Hein,1,1,40,0.5,-57.0,-4245.0,down,u,1,stable,0.0,0.0,48h+
4,Setford,1,1,40,0.2,17.0,902.0,up,a,0,stable,0.0,0.0,48h+
5,Gabriel,1,2,61,21.1,747.0,37355.0,up,a,0,stable,0.0,0.0,48h+
6,Saliba,1,2,61,16.3,-3555.0,-206739.0,down,d,1,stable,0.0,0.0,48h+
7,Calafiori,1,2,57,11.1,3267.0,230766.0,up,a,0,stable,0.0,0.0,48h+
8,J.Timber,1,2,56,8.9,1554.0,148748.0,up,a,0,stable,0.0,0.0,48h+
9,Kiwior,1,2,54,0.1,-32.0,-1294.0,down,u,0,stable,0.0,0.0,48h+
10,Lewis-Skelly,1,2,54,2.7,-238.0,-29209.0,down,a,0,-0.1,0.0,1.0,6–12h
11,White,1,2,54,0.6,-112.0,-9849.0,down,d,1,stable,0.0,0.0,48h+
13,Clarke,1,2,40,0.5,-5.0,-1082.0,down,a,0,stable,0.0,0.0,48h+
14,Kacurri,1,2,40,0.2,-2.0,-529.0,down,a,0,stable,0.0,0.0,48h+
15,Nichols,1,2,40,0.2,-7.0,-515.0,down,a,0,stable,0.0,0.0,48h+
16,Saka,1,3,99,6.0,-1949.0,-178157.0,down,i,1,stable,0.0,0.0,48h+
17,Ødegaard,1,3,79,2.5,105.0,-16539.0,up,a,1,-0.1,0.0,1.0,6–12h
18,Madueke,1,3,70,1.0,32.0,7385.0,up,a,0,stable,0.0,0.0,48h+
19,Martinelli,1,3,69,1.1,-81.0,-4726.0,down,a,0,stable,0.0,0.0,48h+
20,Trossard,1,3,69,0.3,-33.0,-3181.0,down,a,0,stable,0.0,0.0,48h+
21,Rice,1,3,65,8.9,104.0,10154.0,up,a,0,stable,0.0,0.0,48h+
22,Merino,1,3,59,0.4,3.0,-1850.0,up,a,0,stable,0.0,0.0,48h+
23,Fábio Vieira,1,3,54,0.0,-12.0,-456.0,down,u,0,stable,0.0,0.0,48h+
24,Nørgaard,1,3,54,0.2,-50.0,-3684.0,down,d,1,stable,0.0,0.0,48h+
25,Nwaneri,1,3,54,0.2,-10.0,-1815.0,down,a,0,stable,0.0,0.0,48h+
26,Zubimendi,1,3,55,1.9,-79.0,-10795.0,down,a,0,stable,0.0,0.0,48h+
28,Kabia,1,3,45,0.2,-90.0,-2462.0,down,u,0,stable,0.0,0.0,48h+
29,Sambi,1,3,45,0.1,-61.0,-1349.0,down,u,0,stable,0.0,0.0,48h+
30,Havertz,1,4,74,0.5,-124.0,-8165.0,down,i,1,stable,0.0,0.0,48h+
31,G.Jesus,1,4,65,0.0,-6.0,-289.0,down,i,1,stable,0.0,0.0,48h+
266,Eze,1,3,75,11.0,242.0,36286.0,up,a,0,stable,0.0,0.0,48h+
662,Mosquera,1,2,54,0.1,5.0,1124.0,up,a,0,stable,0.0,0.0,48h+
666,Gyökeres,1,4,90,24.8,-270.0,-52199.0,down,a,0,stable,0.0,0.0,48h+
700,Dowman,1,3,45,0.3,132.0,8278.0,up,a,0,stable,0.0,0.0,48h+
711,Harriman-Annous,1,3,45,0.0,1.0,225.0,up,a,0,stable,0.0,0.0,48h+
725,Hincapie,1,2,55,0.0,16.0,904.0,up,a,0,stable,0.0,0.0,48h+
32,Martinez,2,1,50,1.7,-19.0,-4111.0,down,a,0,stable,0.0,0.0,48h+
33,M.Bizot,2,1,45,0.8,-46.0,-2602.0,down,a,0,stable,0.0,0.0,48h+
34,Gauci,2,1,40,0.2,-13.0,-1009.0,down,u,1,stable,0.0,0.0,48h+
35,Marschall,2,1,40,0.0,-1.0,-76.0,down,u,1,stable,0.0,0.0,48h+
36,Cash,2,2,45,5.0,-158.0,-25909.0,down,a,0,stable,0.0,0.0,48h+
37,Digne,2,2,45,2.1,-94.0,-10559.0,down,a,0,stable,0.0,0.0,48h+
38,Konsa,2,2,45,13.7,-856.0,-70469.0,down,a,0,stable,0.0,0.0,48h+
39,Maatsen,2,2,44,0.7,-15.0,-2419.0,down,a,0,stable,0.0,0.0,48h+
40,Mings,2,2,45,1.3,-64.0,-5028.0,down,a,0,stable,0.0,0.0,48h+
41,Pau,2,2,45,0.4,-29.0,-2341.0,down,a,0,stable,0.0,0.0,48h+
42,A.García,2,2,40,0.2,-16.0,-1309.0,down,d,1,stable,0.0,0.0,48h+
43,Alex Moreno,2,2,40,5.8,-1099.0,-99835.0,down,u,1,stable,0.0,0.0,48h+
44,Bogarde,2,2,40,0.3,4.0,857.0,up,a,0,stable,0.0,0.0,48h+
45,Sousa,2,2,40,0.3,-8.0,-305.0,down,a,0,stable,0.0,0.0,48h+
46,Yasin,2,2,40,0.2,-3.0,-417.0,down,a,0,stable,0.0,0.0,48h+
47,Rogers,2,3,70,8.3,-536.0,-61966.0,down,a,0,stable,0.0,0.0,48h+
48,Tielemans,2,3,59,1.8,-114.0,-11320.0,down,a,0,stable,0.0,0.0,48h+
49,Bailey,2,3,55,0.2,-36.0,-2918.0,down,u,1,stable,0.0,0.0,48h+
50,Buendía,2,3,53,0.1,-8.0,-577.0,down,a,0,stable,0.0,0.0,48h+
51,Iling Jr,2,3,55,0.0,12.0,-25.0,up,a,0,stable,0.0,0.0,48h+
53,Malen,2,3,53,1.0,-129.0,-10718.0,down,a,0,stable,0.0,0.0,48h+
54,McGinn,2,3,55,0.6,-41.0,-2981.0,down,a,0,stable,0.0,0.0,48h+
55,Barkley,2,3,49,0.0,-6.0,-575.0,down,d,1,stable,0.0,0.0,48h+
56,Barrenechea,2,3,50,0.0,0.0,-3.0,flat,u,1,stable,0.0,0.0,48h+
57,Dobbin,2,3,50,0.0,-6.0,-769.0,down,u,1,stable,0.0,0.0,48h+
58,Kamara,2,3,49,0.1,-24.0,-2027.0,down,d,1,stable,0.0,0.0,48h+
59,Onana,2,3,50,1.3,-324.0,-32535.0,down,d,1,-0.1,0.0,1.0,6–12h
60,Broggio,2,3,45,0.3,18.0,-172.0,up,a,0,stable,0.0,0.0,48h+
61,Dendoncker,2,3,45,0.2,-27.0,-2724.0,down,u,1,stable,0.0,0.0,48h+
62,Jimoh-Aloba,2,3,45,0.1,1.0,-53.0,up,a,0,stable,0.0,0.0,48h+
63,Young,2,3,45,0.6,7.0,-2320.0,up,a,0,stable,0.0,0.0,48h+
64,Watkins,2,4,89,18.0,-2275.0,-222052.0,down,a,0,stable,0.0,0.0,48h+
65,Redmond,2,4,45,0.7,-192.0,-7929.0,down,u,0,stable,0.0,0.0,48h+
389,Elliott,2,3,54,0.3,228.0,14647.0,up,a,0,stable,0.0,0.0,48h+
456,Sancho,2,3,59,0.2,73.0,4420.0,up,a,0,stable,0.0,0.0,48h+
677,Guessand,2,3,64,0.0,-5.0,-307.0,down,a,0,stable,0.0,0.0,48h+
688,Wright,2,1,40,0.5,-10.0,-556.0,down,a,0,stable,0.0,0.0,48h+
701,Rowe,2,2,40,0.1,8.0,483.0,up,a,0,stable,0.0,0.0,48h+
702,Burrowes,2,3,45,0.1,-7.0,250.0,down,a,0,stable,0.0,0.0,48h+
703,Proctor,2,1,40,0.3,1.0,2652.0,up,a,0,stable,0.0,0.0,48h+
710,Patterson,2,2,40,0.1,81.0,3664.0,up,a,0,stable,0.0,0.0,48h+
719,Lindelöf,2,2,45,0.0,13.0,666.0,up,a,0,stable,0.0,0.0,48h+
183,Weiss,3,1,45,0.1,-11.0,-638.0,down,a,0,stable,0.0,0.0,48h+
184,Green,3,1,40,0.4,-73.0,-2009.0,down,u,0,stable,0.0,0.0,48h+
185,Hladký,3,1,40,0.2,2.0,-367.0,up,a,0,stable,0.0,0.0,48h+
186,Roberts,3,2,44,0.1,-9.0,-593.0,down,i,1,stable,0.0,0.0,48h+
187,Walker,3,2,45,1.8,-150.0,-11109.0,down,a,0,stable,0.0,0.0,48h+
188,Delcroix,3,2,40,0.3,-7.0,-1049.0,down,a,0,stable,0.0,0.0,48h+
189,Dodgson,3,2,40,0.0,-1.0,-144.0,down,u,1,stable,0.0,0.0,48h+
190,Ekdal,3,2,40,1.1,371.0,14767.0,up,a,0,stable,0.0,0.0,48h+
191,Estève,3,2,40,17.9,-776.0,-59584.0,down,a,0,stable,0.0,0.0,48h+
192,Hartman,3,2,40,0.5,-33.0,-2149.0,down,a,0,stable,0.0,0.0,48h+
193,Humphreys,3,2,40,0.1,1.0,36.0,up,a,0,stable,0.0,0.0,48h+
194,Jordan,3,2,40,0.1,-23.0,-1052.0,down,i,1,stable,0.0,0.0,48h+
195,Lucas Pires,3,2,40,0.1,-13.0,-619.0,down,a,0,stable,0.0,0.0,48h+
196,Sambo,3,2,40,0.1,-9.0,-659.0,down,u,1,stable,0.0,0.0,48h+
197,Sonne,3,2,40,0.1,-8.0,-461.0,down,a,0,stable,0.0,0.0,48h+
198,Tuanzebe,3,2,40,1.7,-99.0,-8892.0,down,a,0,stable,0.0,0.0,48h+
199,Worrall,3,2,40,0.1,-8.0,-360.0,down,a,0,stable,0.0,0.0,48h+
200,Anthony,3,3,55,0.7,289.0,27307.0,up,a,0,stable,0.0,0.0,48h+
201,Benson,3,3,54,0.0,-4.0,-52.0,down,a,0,stable,0.0,0.0,48h+
202,Bruun Larsen,3,3,54,0.0,2.0,251.0,up,a,0,stable,0.0,0.0,48h+
203,Boateng,3,3,49,0.0,0.0,-265.0,flat,a,0,stable,0.0,0.0,48h+
204,Churlinov,3,3,49,0.0,-4.0,-213.0,down,u,0,stable,0.0,0.0,48h+
205,Cullen,3,3,50,1.8,78.0,6409.0,up,a,0,stable,0.0,0.0,48h+
206,Edwards,3,3,49,0.1,-7.0,-617.0,down,a,0,stable,0.0,0.0,48h+
207,Hannibal,3,3,50,0.2,-11.0,-410.0,down,a,0,stable,0.0,0.0,48h+
208,Koleosho,3,3,50,0.0,-3.0,-227.0,down,u,1,stable,0.0,0.0,48h+
209,Laurent,3,3,50,0.0,-3.0,-132.0,down,a,0,stable,0.0,0.0,48h+
210,Tchaouna,3,3,50,0.0,-4.0,-79.0,down,a,0,stable,0.0,0.0,48h+
211,A.Ramsey,3,3,44,6.6,-1861.0,-82517.0,down,u,0,stable,0.0,0.0,48h+
212,Adewumi,3,3,45,0.0,-4.0,-147.0,down,u,1,stable,0.0,0.0,48h+
213,Banel,3,3,45,0.0,1.0,-46.0,up,a,0,stable,0.0,0.0,48h+
214,Trésor,3,3,45,0.1,-5.0,-300.0,down,a,0,stable,0.0,0.0,48h+
215,Flemming,3,4,54,0.1,-10.0,-1351.0,down,a,0,stable,0.0,0.0,48h+
216,Amdouni,3,4,49,0.0,0.0,-290.0,flat,i,1,stable,0.0,0.0,48h+
217,Foster,3,4,50,0.7,179.0,14610.0,up,a,0,stable,0.0,0.0,48h+
218,Barnes,3,4,44,1.7,-108.0,-12707.0,down,a,0,stable,0.0,0.0,48h+
219,Obafemi,3,4,44,0.3,-95.0,-3332.0,down,u,0,stable,0.0,0.0,48h+
470,Dúbravka,3,1,40,33.9,485.0,20006.0,up,a,0,stable,0.0,0.0,48h+
676,Ugochukwu,3,3,50,0.0,-3.0,-195.0,down,a,0,stable,0.0,0.0,48h+
680,Broja,3,4,54,0.2,-5.0,-1080.0,down,a,0,stable,0.0,0.0,48h+
722,Florentino,3,3,50,0.0,0.0,64.0,flat,a,0,stable,0.0,0.0,48h+
66,Neto,4,1,45,0.1,-8.0,-1076.0,down,u,1,stable,0.0,0.0,48h+
67,Petrović,4,1,45,4.0,435.0,38737.0,up,a,0,stable,0.0,0.0,48h+
68,Dennis,4,1,40,1.1,5.0,149.0,up,a,0,stable,0.0,0.0,48h+
69,McKenna,4,1,40,0.2,-2.0,4.0,down,a,0,stable,0.0,0.0,48h+
70,Paulsen,4,1,40,0.1,-19.0,-1153.0,down,u,1,stable,0.0,0.0,48h+
71,Zabarnyi,4,2,50,0.0,-2.0,-422.0,down,u,1,stable,0.0,0.0,48h+
72,Senesi,4,2,46,4.9,3555.0,312922.0,up,a,0,+0.1,1.0,0.0,6–12h
73,Smith,4,2,45,0.3,-74.0,-5541.0,down,d,1,stable,0.0,0.0,48h+
74,Truffert,4,2,45,1.1,151.0,9986.0,up,a,0,stable,0.0,0.0,48h+
75,Akinmboni,4,2,40,0.3,-9.0,-560.0,down,a,0,stable,0.0,0.0,48h+
76,Bevan,4,2,40,0.2,-3.0,-453.0,down,a,0,stable,0.0,0.0,48h+
77,Hill,4,2,40,0.8,114.0,7174.0,up,a,0,stable,0.0,0.0,48h+
78,J.Araujo,4,2,40,1.0,-33.0,-5483.0,down,a,1,stable,0.0,0.0,48h+
79,Mepham,4,2,40,0.2,-24.0,-1407.0,down,u,0,stable,0.0,0.0,48h+
80,Soler,4,2,40,0.3,1.0,-673.0,up,a,0,stable,0.0,0.0,48h+
81,Kluivert,4,3,70,0.7,36.0,2002.0,up,a,0,stable,0.0,0.0,48h+
82,Semenyo,4,3,74,29.4,5201.0,399457.0,up,a,0,stable,0.0,0.0,48h+
84,Tavernier,4,3,55,1.4,307.0,23919.0,up,a,0,stable,0.0,0.0,48h+
85,Adams,4,3,50,0.4,30.0,2336.0,up,a,0,stable,0.0,0.0,48h+
86,Brooks,4,3,50,0.3,81.0,6151.0,up,a,0,stable,0.0,0.0,48h+
87,Christie,4,3,50,0.1,-5.0,-129.0,down,a,0,stable,0.0,0.0,48h+
88,Cook,4,3,49,0.0,-1.0,-109.0,down,i,1,stable,0.0,0.0,48h+
89,Philip,4,3,49,0.0,-8.0,-921.0,down,u,1,stable,0.0,0.0,48h+
90,Scott,4,3,50,0.1,-1.0,292.0,down,a,0,stable,0.0,0.0,48h+
91,Sinisterra,4,3,50,0.0,-5.0,-563.0,down,u,1,stable,0.0,0.0,48h+
92,Faivre,4,3,45,0.2,-2.0,-576.0,down,a,0,stable,0.0,0.0,48h+
93,H.Traorè,4,3,45,1.1,-410.0,-15357.0,down,u,0,-0.1,0.0,1.0,6–12h
94,Sadi,4,3,45,0.1,2.0,-38.0,up,a,0,stable,0.0,0.0,48h+
95,Silcott-Duberry,4,3,45,0.1,4.0,-343.0,up,a,0,stable,0.0,0.0,48h+
96,Winterburn,4,3,45,0.1,-16.0,-903.0,down,u,0,stable,0.0,0.0,48h+
97,Evanilson,4,4,70,2.2,149.0,22156.0,up,a,0,stable,0.0,0.0,48h+
98,Enes Ünal,4,4,55,0.0,-1.0,-61.0,down,i,1,stable,0.0,0.0,48h+
99,Adu-Adjei,4,4,44,0.3,8.0,-732.0,up,a,0,stable,0.0,0.0,48h+
100,Kroupi.Jr,4,4,45,1.2,92.0,-793.0,up,a,0,stable,0.0,0.0,48h+
391,Gannon-Doak,4,3,50,0.1,7.0,-365.0,up,a,0,stable,0.0,0.0,48h+
685,Diakité,4,2,45,0.4,132.0,9829.0,up,a,0,stable,0.0,0.0,48h+
687,Rees-Dottin,4,3,45,0.1,-8.0,-791.0,down,a,0,stable,0.0,0.0,48h+
697,Adli,4,3,55,0.0,1.0,135.0,up,a,0,stable,0.0,0.0,48h+
713,A.Jimenez,4,2,45,0.0,6.0,241.0,up,a,0,stable,0.0,0.0,48h+
721,Milosavljević,4,2,45,0.0,3.0,69.0,up,a,0,stable,0.0,0.0,48h+
27,Nelson,5,3,49,0.1,-11.0,-134.0,down,a,0,stable,0.0,0.0,48h+
83,O.Dango,5,3,60,1.0,-97.0,-4258.0,down,a,0,stable,0.0,0.0,48h+
101,Kelleher,5,1,45,9.8,-609.0,-43140.0,down,a,0,stable,0.0,0.0,48h+
102,Balcombe,5,1,40,0.3,-7.0,-283.0,down,a,0,stable,0.0,0.0,48h+
103,Cox,5,1,40,0.1,-1.0,-139.0,down,a,0,stable,0.0,0.0,48h+
104,Eyestone,5,1,40,0.1,-9.0,-189.0,down,a,0,stable,0.0,0.0,48h+
105,Valdimarsson,5,1,40,0.8,-37.0,-2940.0,down,a,0,stable,0.0,0.0,48h+
106,Collins,5,2,50,1.6,-103.0,-7065.0,down,a,0,stable,0.0,0.0,48h+
107,Lewis-Potter,5,2,50,0.4,-6.0,-729.0,down,a,0,stable,0.0,0.0,48h+
108,Ajer,5,2,45,0.2,-15.0,-1203.0,down,a,0,stable,0.0,0.0,48h+
109,Henry,5,2,45,0.1,-13.0,-1098.0,down,a,0,stable,0.0,0.0,48h+
110,Kayode,5,2,45,0.4,-64.0,-3257.0,down,a,0,stable,0.0,0.0,48h+
111,Pinnock,5,2,44,0.1,-4.0,-634.0,down,a,0,stable,0.0,0.0,48h+
112,Roerslev,5,2,45,0.0,-7.0,-304.0,down,u,1,stable,0.0,0.0,48h+
113,Van den Berg,5,2,45,0.7,65.0,189.0,up,a,0,stable,0.0,0.0,48h+
114,Arthur,5,2,40,0.3,-1.0,-957.0,down,a,0,stable,0.0,0.0,48h+
115,Fredrick,5,2,40,0.2,-5.0,-554.0,down,a,0,stable,0.0,0.0,48h+
116,Hickey,5,2,40,0.4,-10.0,-1547.0,down,a,0,stable,0.0,0.0,48h+
117,Ji-soo,5,2,40,0.1,-8.0,-640.0,down,a,0,stable,0.0,0.0,48h+
118,Meghoma,5,2,40,0.1,-14.0,-741.0,down,u,1,stable,0.0,0.0,48h+
120,Schade,5,3,70,0.3,-43.0,-3119.0,down,a,0,stable,0.0,0.0,48h+
121,Damsgaard,5,3,59,0.8,-79.0,-6134.0,down,a,0,stable,0.0,0.0,48h+
122,Milambo,5,3,54,0.1,1.0,-371.0,up,a,0,stable,0.0,0.0,48h+
123,Carvalho,5,3,49,0.2,-25.0,-2014.0,down,a,0,stable,0.0,0.0,48h+
124,Henderson,5,3,50,0.3,-10.0,-586.0,down,a,0,stable,0.0,0.0,48h+
125,Janelt,5,3,49,0.0,-1.0,-86.0,down,d,1,stable,0.0,0.0,48h+
126,Jensen,5,3,49,0.1,-4.0,-550.0,down,a,0,stable,0.0,0.0,48h+
127,Nunes,5,3,49,0.0,-1.0,-55.0,down,i,1,stable,0.0,0.0,48h+
128,Onyeka,5,3,50,0.1,2.0,49.0,up,a,0,stable,0.0,0.0,48h+
129,Yarmoliuk,5,3,50,0.1,-3.0,-239.0,down,a,0,stable,0.0,0.0,48h+
130,Donovan,5,3,45,0.1,3.0,-298.0,up,a,0,stable,0.0,0.0,48h+
131,Konak,5,3,44,0.1,52.0,-539.0,up,a,0,stable,0.0,0.0,48h+
132,Maghoma,5,3,45,0.0,-1.0,-128.0,down,d,1,stable,0.0,0.0,48h+
133,Peart-Harris,5,3,45,0.0,0.0,-139.0,flat,a,0,stable,0.0,0.0,48h+
134,Trevitt,5,3,45,0.0,-1.0,-64.0,down,u,1,stable,0.0,0.0,48h+
136,Thiago,5,4,60,1.5,165.0,15738.0,up,a,0,stable,0.0,0.0,48h+
137,Morgan,5,4,44,0.4,3.0,-2029.0,up,a,0,stable,0.0,0.0,48h+
138,Steele,6,1,45,0.4,-7.0,-1473.0,down,a,0,stable,0.0,0.0,48h+
139,Verbruggen,6,1,45,6.1,-319.0,-30185.0,down,a,0,stable,0.0,0.0,48h+
140,McGill,6,1,40,0.4,0.0,-189.0,flat,a,0,stable,0.0,0.0,48h+
141,Rushworth,6,1,40,0.0,0.0,-20.0,flat,u,1,stable,0.0,0.0,48h+
142,Scherpen,6,1,40,0.0,0.0,-9.0,flat,u,1,stable,0.0,0.0,48h+
143,Boscagli,6,2,44,0.1,-4.0,-572.0,down,a,0,stable,0.0,0.0,48h+
144,Coppola,6,2,44,0.1,-2.0,-247.0,down,a,0,stable,0.0,0.0,48h+
145,De Cuyper,6,2,45,4.5,-383.0,-40985.0,down,a,0,-0.1,0.0,1.0,6–12h
146,Dunk,6,2,45,1.2,2.0,337.0,up,a,0,stable,0.0,0.0,48h+
147,Estupiñan,6,2,45,0.0,-5.0,-143.0,down,u,1,stable,0.0,0.0,48h+
148,F.Kadıoğlu,6,2,44,0.1,-12.0,-1092.0,down,a,0,stable,0.0,0.0,48h+
150,Lamptey,6,2,44,0.3,-92.0,-4124.0,down,u,0,stable,0.0,0.0,48h+
151,Van Hecke,6,2,45,1.0,-21.0,-3534.0,down,a,0,stable,0.0,0.0,48h+
152,Veltman,6,2,44,0.2,0.0,-351.0,flat,a,0,stable,0.0,0.0,48h+
153,Webster,6,2,44,0.0,0.0,-57.0,flat,i,1,stable,0.0,0.0,48h+
154,Cashin,6,2,40,0.0,0.0,-56.0,flat,u,1,stable,0.0,0.0,48h+
155,Slater,6,2,40,0.2,2.0,-338.0,up,a,0,stable,0.0,0.0,48h+
156,Tasker,6,2,40,0.1,0.0,-420.0,flat,a,0,stable,0.0,0.0,48h+
157,Mitoma,6,3,64,4.9,-138.0,-14655.0,down,a,0,stable,0.0,0.0,48h+
158,Georginio,6,3,59,0.8,-66.0,-10819.0,down,a,0,stable,0.0,0.0,48h+
159,March,6,3,59,0.0,-1.0,-114.0,down,i,1,stable,0.0,0.0,48h+
160,Minteh,6,3,59,0.8,16.0,-320.0,up,a,0,stable,0.0,0.0,48h+
161,Enciso,6,3,54,0.0,-3.0,-186.0,down,u,1,stable,0.0,0.0,48h+
162,Gruda,6,3,54,0.1,42.0,2760.0,up,a,0,stable,0.0,0.0,48h+
163,Hinshelwood,6,3,53,0.1,-9.0,-330.0,down,a,0,stable,0.0,0.0,48h+
164,O'Riley,6,3,55,1.2,-674.0,-30705.0,down,u,0,-0.1,0.0,1.0,6–12h
165,Sima,6,3,54,0.0,-8.0,-240.0,down,u,0,stable,0.0,0.0,48h+
166,Ayari,6,3,50,0.2,14.0,-799.0,up,a,0,stable,0.0,0.0,48h+
167,Baleba,6,3,49,3.5,-240.0,-25598.0,down,a,0,-0.1,0.0,1.0,6–12h
169,Gomez,6,3,50,0.1,-9.0,-18.0,down,a,0,stable,0.0,0.0,48h+
170,Milner,6,3,50,0.1,17.0,2200.0,up,a,0,stable,0.0,0.0,48h+
171,Sarmiento,6,3,49,0.0,-6.0,-312.0,down,u,0,stable,0.0,0.0,48h+
172,Watson,6,3,50,0.0,0.0,-95.0,flat,a,0,stable,0.0,0.0,48h+
173,Wieffer,6,3,50,0.1,-8.0,-744.0,down,d,1,stable,0.0,0.0,48h+
174,Yalcouye,6,3,50,0.0,0.0,-67.0,flat,u,1,stable,0.0,0.0,48h+
175,Knight,6,3,45,0.1,2.0,-53.0,up,a,0,stable,0.0,0.0,48h+
176,Mazilu,6,3,45,0.0,2.0,-90.0,up,a,0,stable,0.0,0.0,48h+
177,Moran,6,3,45,0.0,-5.0,-422.0,down,u,1,stable,0.0,0.0,48h+
178,Welbeck,6,4,64,2.4,-266.0,-20014.0,down,a,0,-0.1,0.0,1.0,6–12h
179,Ferguson,6,4,55,0.0,-1.0,-102.0,down,u,1,stable,0.0,0.0,48h+
180,Tzimas,6,4,54,0.1,-5.0,-565.0,down,a,0,stable,0.0,0.0,48h+
181,Kostoulas,6,4,49,0.3,-3.0,-2237.0,down,a,0,stable,0.0,0.0,48h+
168,Buonanotte,7,3,49,0.1,-29.0,-933.0,down,a,0,stable,0.0,0.0,48h+
220,Sánchez,7,1,50,24.5,-520.0,-15064.0,down,a,0,stable,0.0,0.0,48h+
221,Jörgensen,7,1,44,0.2,-17.0,-1041.0,down,a,0,stable,0.0,0.0,48h+
222,Penders,7,1,40,0.0,-1.0,-31.0,down,u,1,stable,0.0,0.0,48h+
223,Slonina,7,1,40,0.1,-8.0,-388.0,down,a,0,stable,0.0,0.0,48h+
224,Cucurella,7,2,61,28.1,896.0,90205.0,up,a,0,stable,0.0,0.0,48h+
225,James,7,2,55,5.2,-440.0,-60162.0,down,a,0,stable,0.0,0.0,48h+
226,Chalobah,7,2,51,6.3,2568.0,235252.0,up,a,0,stable,0.0,0.0,48h+
227,Colwill,7,2,49,0.2,-16.0,-1915.0,down,i,1,stable,0.0,0.0,48h+
228,Gusto,7,2,50,1.5,-16.0,177.0,down,a,0,stable,0.0,0.0,48h+
229,B.Badiashile,7,2,44,0.0,0.0,-82.0,flat,i,1,stable,0.0,0.0,48h+
230,Fofana,7,2,44,0.2,-14.0,-1436.0,down,a,0,stable,0.0,0.0,48h+
231,M.Sarr,7,2,45,0.0,-1.0,-118.0,down,u,1,stable,0.0,0.0,48h+
232,Tosin,7,2,45,1.1,95.0,6008.0,up,a,0,stable,0.0,0.0,48h+
233,Acheampong,7,2,40,2.1,-240.0,-27612.0,down,a,0,-0.1,0.0,1.0,6–12h
234,Anselmino,7,2,40,0.1,-28.0,-1120.0,down,u,0,stable,0.0,0.0,48h+
235,Palmer,7,3,104,23.4,-7263.0,-712981.0,down,i,1,-0.1,0.0,1.0,6–12h
236,Neto,7,3,70,5.6,-169.0,-9772.0,down,a,0,stable,0.0,0.0,48h+
237,Enzo,7,3,66,9.6,4443.0,427865.0,up,a,0,+0.1,1.0,0.0,6–12h
238,Estêvão,7,3,65,2.5,229.0,-7279.0,up,a,0,stable,0.0,0.0,48h+
239,Gittens,7,3,63,0.2,-29.0,-2691.0,down,a,0,stable,0.0,0.0,48h+
240,Nkunku,7,3,59,0.1,-56.0,-2883.0,down,u,1,stable,0.0,0.0,48h+
241,Caicedo,7,3,55,6.8,163.0,14832.0,up,a,0,stable,0.0,0.0,48h+
243,George,7,3,49,0.1,-8.0,136.0,down,a,0,stable,0.0,0.0,48h+
244,Lavia,7,3,49,0.0,-1.0,-169.0,down,i,1,stable,0.0,0.0,48h+
245,Mudryk,7,3,50,0.0,-4.0,-46.0,down,s,1,stable,0.0,0.0,48h+
246,Andrey Santos,7,3,45,0.3,7.0,-1849.0,up,a,0,stable,0.0,0.0,48h+
247,D.Essugo,7,3,44,0.1,14.0,650.0,up,a,0,stable,0.0,0.0,48h+
248,Paez,7,3,45,0.0,0.0,-64.0,flat,u,1,stable,0.0,0.0,48h+
249,João Pedro,7,4,77,63.7,3486.0,393795.0,up,a,0,stable,0.0,0.0,48h+
250,Delap,7,4,63,2.2,-791.0,-80762.0,down,d,1,-0.1,0.0,1.0,6–12h
251,N.Jackson,7,4,65,0.1,-60.0,-2211.0,down,u,1,stable,0.0,0.0,48h+
252,Marc Guiu,7,4,44,13.4,-2075.0,-137385.0,down,a,0,stable,0.0,0.0,48h+
453,Garnacho,7,3,64,0.2,54.0,4426.0,up,a,0,stable,0.0,0.0,48h+
672,Hato,7,2,49,0.2,-18.0,-2946.0,down,a,0,stable,0.0,0.0,48h+
253,Henderson,8,1,50,7.6,347.0,36347.0,up,a,0,stable,0.0,0.0,48h+
254,Benitez,8,1,40,0.4,-4.0,-573.0,down,a,0,stable,0.0,0.0,48h+
255,Matthews,8,1,40,0.1,-2.0,-164.0,down,a,0,stable,0.0,0.0,48h+
256,Muñoz,8,2,55,10.9,1983.0,111672.0,up,a,0,stable,0.0,0.0,48h+
257,Lacroix,8,2,50,2.2,1270.0,47105.0,up,a,0,stable,0.0,0.0,48h+
258,Mitchell,8,2,50,1.8,19.0,2116.0,up,a,0,stable,0.0,0.0,48h+
259,Sosa,8,2,50,0.1,0.0,-522.0,flat,a,0,stable,0.0,0.0,48h+
260,Guéhi,8,2,46,15.8,3721.0,272902.0,up,a,0,stable,0.0,0.0,48h+
261,Richards,8,2,45,1.7,299.0,10560.0,up,a,0,stable,0.0,0.0,48h+
262,Chadi Riad,8,2,40,0.0,-2.0,-40.0,down,i,1,stable,0.0,0.0,48h+
263,Clyne,8,2,40,0.6,-34.0,-1619.0,down,a,0,stable,0.0,0.0,48h+
264,Holding,8,2,40,0.0,-3.0,-266.0,down,u,1,stable,0.0,0.0,48h+
265,Kporha,8,2,40,0.0,1.0,-91.0,up,i,1,stable,0.0,0.0,48h+
267,Sarr,8,3,65,6.8,-940.0,48841.0,down,d,1,stable,0.0,0.0,48h+
268,Doucouré,8,3,50,0.0,2.0,-17.0,up,i,1,stable,0.0,0.0,48h+
269,Esse,8,3,49,0.2,-19.0,-1207.0,down,a,0,stable,0.0,0.0,48h+
270,Hughes,8,3,49,0.1,10.0,-291.0,up,a,0,stable,0.0,0.0,48h+
271,Kamada,8,3,50,0.0,63.0,2694.0,up,a,0,stable,0.0,0.0,48h+
272,Lerma,8,3,50,0.1,0.0,-145.0,flat,a,0,stable,0.0,0.0,48h+
273,Wharton,8,3,50,0.5,-73.0,-5229.0,down,d,1,stable,0.0,0.0,48h+
274,Agbinone,8,3,45,0.1,3.0,-182.0,up,a,0,stable,0.0,0.0,48h+
275,Ahamada,8,3,45,0.0,-2.0,-101.0,down,a,0,stable,0.0,0.0,48h+
276,Devenny,8,3,45,1.5,-4.0,-4902.0,down,a,0,stable,0.0,0.0,48h+
277,Ebiowei,8,3,45,0.0,0.0,-68.0,flat,u,1,stable,0.0,0.0,48h+
278,J.Rak-Sakyi,8,3,45,0.1,-2.0,-279.0,down,a,0,stable,0.0,0.0,48h+
279,M.França,8,3,45,0.0,-2.0,-156.0,down,u,1,stable,0.0,0.0,48h+
280,Ozoh,8,3,45,0.0,0.0,-12.0,flat,u,1,stable,0.0,0.0,48h+
281,Rodney,8,3,45,0.0,-3.0,-93.0,down,a,0,stable,0.0,0.0,48h+
282,Umeh,8,3,45,0.0,-2.0,-71.0,down,a,0,stable,0.0,0.0,48h+
283,Mateta,8,4,75,9.0,2398.0,100129.0,up,a,0,stable,0.0,0.0,48h+
284,Nketiah,8,4,54,0.2,-26.0,-2330.0,down,i,1,stable,0.0,0.0,48h+
285,Édouard,8,4,50,0.6,-166.0,-14174.0,down,u,1,stable,0.0,0.0,48h+
286,Marsh,8,4,45,0.2,19.0,-353.0,up,a,0,stable,0.0,0.0,48h+
690,Cardines,8,3,45,0.2,-26.0,-1393.0,down,a,0,stable,0.0,0.0,48h+
712,Yeremy,8,3,60,0.0,2.0,3012.0,up,d,1,stable,0.0,0.0,48h+
723,Canvot,8,2,45,0.0,-2.0,37.0,down,a,0,stable,0.0,0.0,48h+
732,Uche,8,4,55,0.0,9.0,304.0,up,a,0,stable,0.0,0.0,48h+
242,Dewsbury-Hall,9,3,50,4.3,665.0,49235.0,up,a,0,stable,0.0,0.0,48h+
287,Pickford,9,1,55,12.0,-197.0,-8348.0,down,a,0,stable,0.0,0.0,48h+
288,Travers,9,1,45,0.1,-12.0,-439.0,down,a,0,stable,0.0,0.0,48h+
289,Tyrer,9,1,40,0.1,-5.0,-243.0,down,a,0,stable,0.0,0.0,48h+
290,Branthwaite,9,2,53,0.3,-52.0,-4076.0,down,i,1,stable,0.0,0.0,48h+
291,Tarkowski,9,2,55,7.3,-259.0,-12658.0,down,a,0,stable,0.0,0.0,48h+
292,Mykolenko,9,2,49,0.5,-89.0,-916.0,down,d,1,stable,0.0,0.0,48h+
293,O'Brien,9,2,50,0.5,-12.0,-2465.0,down,a,0,stable,0.0,0.0,48h+
294,Coleman,9,2,45,0.1,-3.0,-679.0,down,a,0,stable,0.0,0.0,48h+
295,Keane,9,2,45,0.5,20.0,2216.0,up,a,0,stable,0.0,0.0,48h+
296,Patterson,9,2,44,0.0,-2.0,-165.0,down,i,1,stable,0.0,0.0,48h+
297,Dixon,9,2,40,0.2,-15.0,-667.0,down,a,0,stable,0.0,0.0,48h+
298,Welch,9,2,40,0.1,-7.0,-567.0,down,a,0,stable,0.0,0.0,48h+
299,Ndiaye,9,3,65,9.5,48.0,28853.0,up,a,0,stable,0.0,0.0,48h+
300,McNeil,9,3,58,0.2,-29.0,-2861.0,down,a,0,stable,0.0,0.0,48h+
301,Alcaraz,9,3,54,0.1,-8.0,-1072.0,down,a,0,stable,0.0,0.0,48h+
302,Gana,9,3,54,0.1,-4.0,-463.0,down,a,0,stable,0.0,0.0,48h+
303,Garner,9,3,50,0.3,41.0,3225.0,up,a,0,stable,0.0,0.0,48h+
304,Iroegbunam,9,3,50,0.0,-1.0,-104.0,down,a,0,stable,0.0,0.0,48h+
305,Armstrong,9,3,45,0.1,-28.0,-1164.0,down,u,0,stable,0.0,0.0,48h+
306,Bates,9,3,45,0.1,-5.0,-289.0,down,a,0,stable,0.0,0.0,48h+
307,Ebere,9,3,45,0.0,5.0,-136.0,up,a,0,stable,0.0,0.0,48h+
308,Heath,9,3,45,0.0,-4.0,-373.0,down,u,0,stable,0.0,0.0,48h+
309,Metcalfe,9,3,45,0.0,0.0,-9.0,flat,u,1,stable,0.0,0.0,48h+
310,Barry,9,4,59,0.5,-49.0,-5993.0,down,a,0,stable,0.0,0.0,48h+
311,Beto,9,4,54,5.5,-102.0,-6308.0,down,a,0,stable,0.0,0.0,48h+
312,Y.Chermiti,9,4,49,0.1,-35.0,-1540.0,down,u,0,stable,0.0,0.0,48h+
313,Sherif,9,4,44,0.2,-7.0,-953.0,down,a,0,stable,0.0,0.0,48h+
419,Grealish,9,3,67,14.7,7595.0,791823.0,up,a,0,+0.1,1.0,0.0,6–12h
630,King,9,1,40,1.4,-31.0,-3323.0,down,a,0,stable,0.0,0.0,48h+
667,Aznou,9,2,44,0.1,-9.0,-1197.0,down,d,1,stable,0.0,0.0,48h+
704,Onyango,9,3,45,0.1,-27.0,45.0,down,u,0,stable,0.0,0.0,48h+
705,Campbell,9,2,40,0.2,13.0,1103.0,up,a,0,stable,0.0,0.0,48h+
707,Dibling,9,3,55,0.0,1.0,363.0,up,a,0,stable,0.0,0.0,48h+
728,Röhl,9,3,50,0.0,4.0,44.0,up,a,0,stable,0.0,0.0,48h+
314,Leno,10,1,50,1.6,17.0,1425.0,up,a,0,stable,0.0,0.0,48h+
315,Benda,10,1,40,0.0,-1.0,-33.0,down,u,1,stable,0.0,0.0,48h+
316,Robinson,10,2,50,0.8,46.0,3005.0,up,a,0,stable,0.0,0.0,48h+
317,Andersen,10,2,45,2.7,184.0,3213.0,up,a,0,stable,0.0,0.0,48h+
318,Bassey,10,2,45,0.5,-5.0,687.0,down,a,0,stable,0.0,0.0,48h+
319,Castagne,10,2,45,0.1,1.0,146.0,up,a,0,stable,0.0,0.0,48h+
320,Diop,10,2,44,0.1,-3.0,-315.0,down,a,0,stable,0.0,0.0,48h+
321,J.Cuenca,10,2,45,0.0,-3.0,-202.0,down,a,0,stable,0.0,0.0,48h+
322,Tete,10,2,45,0.2,18.0,841.0,up,a,0,stable,0.0,0.0,48h+
323,Amissah,10,2,40,0.2,0.0,-557.0,flat,a,0,stable,0.0,0.0,48h+
324,Iwobi,10,3,65,1.3,34.0,1339.0,up,a,0,stable,0.0,0.0,48h+
325,Smith Rowe,10,3,59,0.8,2.0,-1290.0,up,a,0,stable,0.0,0.0,48h+
326,Adama,10,3,54,0.2,-20.0,-1604.0,down,a,0,stable,0.0,0.0,48h+
327,Andreas,10,3,53,0.2,-85.0,-3514.0,down,u,0,stable,0.0,0.0,48h+
328,Sessegnon,10,3,54,0.0,-1.0,267.0,down,a,0,stable,0.0,0.0,48h+
329,Wilson,10,3,54,0.6,-80.0,-7354.0,down,a,0,stable,0.0,0.0,48h+
330,Berge,10,3,50,0.1,0.0,-58.0,flat,a,0,stable,0.0,0.0,48h+
331,Cairney,10,3,49,0.0,3.0,-150.0,up,a,0,stable,0.0,0.0,48h+
332,Lukić,10,3,50,0.1,2.0,88.0,up,a,0,stable,0.0,0.0,48h+
333,Godo,10,3,45,0.1,-5.0,-509.0,down,u,0,stable,0.0,0.0,48h+
334,Harris,10,3,45,0.0,0.0,-23.0,flat,u,1,stable,0.0,0.0,48h+
335,King,10,3,45,1.9,992.0,52356.0,up,a,0,stable,0.0,0.0,48h+
336,Reed,10,3,44,0.3,16.0,3125.0,up,a,0,stable,0.0,0.0,48h+
337,Raúl,10,4,64,1.4,-136.0,-12432.0,down,a,0,stable,0.0,0.0,48h+
338,Muniz,10,4,55,2.3,-27.0,-3146.0,down,a,0,stable,0.0,0.0,48h+
664,Lecomte,10,1,40,0.8,-18.0,-1251.0,down,a,0,stable,0.0,0.0,48h+
727,Chukwueze,10,3,55,0.0,4.0,750.0,up,a,0,stable,0.0,0.0,48h+
731,Kevin,10,3,60,0.0,26.0,910.0,up,a,0,stable,0.0,0.0,48h+
339,Meslier,11,1,44,0.6,-50.0,-3256.0,down,a,0,stable,0.0,0.0,48h+
340,Cairns,11,1,40,0.2,-7.0,-387.0,down,a,0,stable,0.0,0.0,48h+
341,Darlow,11,1,40,2.5,-146.0,-11002.0,down,a,0,stable,0.0,0.0,48h+
342,Bogle,11,2,45,0.2,11.0,484.0,up,a,0,stable,0.0,0.0,48h+
343,Struijk,11,2,45,0.4,17.0,399.0,up,a,0,stable,0.0,0.0,48h+
344,Bijol,11,2,40,0.2,-10.0,-1274.0,down,a,0,stable,0.0,0.0,48h+
345,Bornauw,11,2,40,0.1,-2.0,-234.0,down,a,0,stable,0.0,0.0,48h+
346,Byram,11,2,40,0.2,-7.0,-936.0,down,a,0,stable,0.0,0.0,48h+
347,Gudmundsson,11,2,40,3.8,696.0,31070.0,up,d,1,stable,0.0,0.0,48h+
348,Rodon,11,2,40,2.9,-694.0,45594.0,down,d,1,stable,0.0,0.0,48h+
349,Schmidt,11,2,40,0.2,-44.0,-1357.0,down,u,0,stable,0.0,0.0,48h+
350,Aaronson,11,3,54,0.1,-7.0,-390.0,down,a,0,stable,0.0,0.0,48h+
351,Gnonto,11,3,54,0.3,-6.0,-2278.0,down,a,0,stable,0.0,0.0,48h+
352,Harrison,11,3,54,0.1,-11.0,-788.0,down,a,0,stable,0.0,0.0,48h+
353,James,11,3,54,0.4,-26.0,-2891.0,down,a,0,stable,0.0,0.0,48h+
354,Ampadu,11,3,49,0.0,-9.0,-588.0,down,i,1,stable,0.0,0.0,48h+
355,Greenwood,11,3,49,0.1,-33.0,-1158.0,down,u,0,stable,0.0,0.0,48h+
356,Gruev,11,3,50,0.0,-1.0,-86.0,down,a,0,stable,0.0,0.0,48h+
357,Ramazani,11,3,49,0.0,-11.0,-506.0,down,u,0,stable,0.0,0.0,48h+
358,Tanaka,11,3,49,0.2,-27.0,-3131.0,down,i,1,stable,0.0,0.0,48h+
359,Crew,11,3,45,0.0,0.0,-80.0,flat,u,1,stable,0.0,0.0,48h+
360,Gelhardt,11,3,45,0.0,-3.0,-215.0,down,u,1,stable,0.0,0.0,48h+
361,Gyabi,11,3,45,0.1,-19.0,-645.0,down,u,0,stable,0.0,0.0,48h+
362,Piroe,11,4,54,1.1,-171.0,-18656.0,down,a,0,-0.1,0.0,1.0,6–12h
363,Bamford,11,4,49,1.1,-375.0,-21463.0,down,u,0,-0.1,0.0,1.0,6–12h
364,Mateo Joseph,11,4,50,0.0,-3.0,-173.0,down,u,1,stable,0.0,0.0,48h+
365,Nmecha,11,4,50,0.8,53.0,808.0,up,a,0,stable,0.0,0.0,48h+
493,Longstaff,11,3,49,0.2,4.0,1142.0,up,a,0,stable,0.0,0.0,48h+
660,Stach,11,3,50,0.5,27.0,279.0,up,a,0,stable,0.0,0.0,48h+
665,Perri,11,1,45,0.4,20.0,2131.0,up,a,0,stable,0.0,0.0,48h+
691,Calvert-Lewin,11,4,55,0.1,35.0,2346.0,up,a,0,stable,0.0,0.0,48h+
698,Okafor,11,3,55,0.0,3.0,105.0,up,a,1,stable,0.0,0.0,48h+
706,Justin,11,2,40,0.2,61.0,5751.0,up,a,0,stable,0.0,0.0,48h+
366,A.Becker,12,1,55,10.5,75.0,21440.0,up,a,0,stable,0.0,0.0,48h+
367,Mamardashvili,12,1,44,0.4,-33.0,-2984.0,down,a,0,stable,0.0,0.0,48h+
368,Pécsi,12,1,40,0.1,-4.0,-278.0,down,a,0,stable,0.0,0.0,48h+
369,Woodman,12,1,40,0.1,-3.0,-337.0,down,a,0,stable,0.0,0.0,48h+
370,Frimpong,12,2,59,9.6,-1727.0,-157524.0,down,i,1,stable,0.0,0.0,48h+
371,Kerkez,12,2,60,5.8,133.0,17507.0,up,a,0,stable,0.0,0.0,48h+
372,Robertson,12,2,59,1.1,-84.0,-7197.0,down,a,0,stable,0.0,0.0,48h+
373,Virgil,12,2,60,25.9,1463.0,113740.0,up,a,0,stable,0.0,0.0,48h+
374,Konaté,12,2,55,2.8,31.0,964.0,up,a,0,stable,0.0,0.0,48h+
375,Bradley,12,2,50,0.1,-7.0,-437.0,down,a,0,stable,0.0,0.0,48h+
376,Gomez,12,2,50,0.1,-2.0,-287.0,down,a,0,stable,0.0,0.0,48h+
377,Tsimikas,12,2,49,0.1,-8.0,-812.0,down,a,0,stable,0.0,0.0,48h+
378,Nallo,12,2,39,0.2,57.0,4701.0,up,a,0,stable,0.0,0.0,48h+
379,R.Williams,12,2,39,0.2,43.0,1814.0,up,a,0,stable,0.0,0.0,48h+
380,Ramsay,12,2,39,0.2,102.0,-388.0,up,a,0,stable,0.0,0.0,48h+
381,M.Salah,12,3,145,53.9,28.0,13442.0,up,a,0,stable,0.0,0.0,48h+
382,Wirtz,12,3,84,20.7,-1516.0,-165470.0,down,a,0,stable,0.0,0.0,48h+
383,Luis Díaz,12,3,80,0.1,-4.0,-384.0,down,u,1,stable,0.0,0.0,48h+
384,Gakpo,12,3,77,16.1,2042.0,241112.0,up,a,0,stable,0.0,0.0,48h+
385,Chiesa,12,3,65,0.3,-51.0,-3026.0,down,a,0,stable,0.0,0.0,48h+
386,Mac Allister,12,3,64,1.5,-37.0,-17356.0,down,a,0,-0.1,0.0,1.0,6–12h
387,Szoboszlai,12,3,65,2.6,663.0,71159.0,up,a,0,stable,0.0,0.0,48h+
388,C.Jones,12,3,54,0.1,-7.0,-313.0,down,a,0,stable,0.0,0.0,48h+
390,Gravenberch,12,3,55,0.6,44.0,7981.0,up,a,0,stable,0.0,0.0,48h+
392,Endo,12,3,50,0.1,-12.0,-801.0,down,a,0,stable,0.0,0.0,48h+
393,Bajcetic,12,3,44,0.1,-5.0,1367.0,down,a,0,stable,0.0,0.0,48h+
394,McConnell,12,3,44,0.0,-5.0,313.0,down,a,0,stable,0.0,0.0,48h+
395,Morton,12,3,45,0.0,0.0,-28.0,flat,u,1,stable,0.0,0.0,48h+
396,Nyoni,12,3,44,0.2,-17.0,959.0,down,a,0,stable,0.0,0.0,48h+
397,Darwin,12,4,65,0.1,-17.0,-806.0,down,u,1,stable,0.0,0.0,48h+
398,Danns,12,4,44,0.1,-10.0,-435.0,down,a,0,stable,0.0,0.0,48h+
499,Isak,12,4,104,7.1,3505.0,377796.0,up,a,1,+0.1,1.0,0.0,6–12h
661,Ekitiké,12,4,87,29.5,1109.0,174036.0,up,a,0,stable,0.0,0.0,48h+
686,Ngumoha,12,3,45,0.4,19.0,2412.0,up,a,0,stable,0.0,0.0,48h+
692,Leoni,12,2,50,0.0,1.0,-106.0,up,a,0,stable,0.0,0.0,48h+
182,Trafford,13,1,50,2.4,-306.0,-19727.0,down,a,0,-0.1,0.0,1.0,6–12h
399,Ederson M.,13,1,53,1.9,-724.0,-31760.0,down,u,0,-0.1,0.0,1.0,6–12h
400,Ortega Moreno,13,1,49,0.2,-15.0,-1005.0,down,a,0,stable,0.0,0.0,48h+
401,Bettinelli,13,1,40,0.1,-8.0,-856.0,down,i,1,stable,0.0,0.0,48h+
402,Aït-Nouri,13,2,60,17.1,-1078.0,-93983.0,down,a,0,stable,0.0,0.0,48h+
403,Gvardiol,13,2,58,3.2,-687.0,-47794.0,down,i,1,-0.1,0.0,1.0,6–12h
404,Akanji,13,2,54,0.6,-263.0,-11750.0,down,u,0,stable,0.0,0.0,48h+
405,Aké,13,2,55,0.7,-43.0,-5032.0,down,a,0,stable,0.0,0.0,48h+
406,Khusanov,13,2,54,0.3,-105.0,-1355.0,down,d,1,stable,0.0,0.0,48h+
407,Matheus N.,13,2,54,0.3,-5.0,-1716.0,down,a,0,stable,0.0,0.0,48h+
408,Rúben,13,2,55,4.1,-236.0,-25366.0,down,a,0,-0.1,0.0,1.0,6–12h
409,Stones,13,2,55,1.1,-52.0,-2917.0,down,a,0,stable,0.0,0.0,48h+
410,Lewis,13,2,50,3.7,-1104.0,-37772.0,down,d,1,-0.1,0.0,1.0,6–12h
411,O’Reilly,13,2,49,0.1,-32.0,-906.0,down,d,1,stable,0.0,0.0,48h+
412,Vitor Reis,13,2,50,0.0,0.0,-54.0,flat,u,1,stable,0.0,0.0,48h+
413,Marmoush,13,3,84,7.4,-180.0,-11868.0,down,a,0,stable,0.0,0.0,48h+
414,Foden,13,3,80,1.5,-65.0,-9096.0,down,a,0,stable,0.0,0.0,48h+
415,Savinho,13,3,69,0.4,-63.0,-4105.0,down,i,1,stable,0.0,0.0,48h+
416,Bernardo,13,3,64,0.7,-56.0,-3777.0,down,a,0,stable,0.0,0.0,48h+
417,Cherki,13,3,65,5.7,-2476.0,-212082.0,down,i,1,stable,0.0,0.0,48h+
418,Doku,13,3,64,0.9,-93.0,-8504.0,down,a,0,stable,0.0,0.0,48h+
420,Gündoğan,13,3,63,0.1,-106.0,-1526.0,down,u,0,stable,0.0,0.0,48h+
421,Rodrigo,13,3,64,0.6,-7.0,781.0,down,a,0,stable,0.0,0.0,48h+
422,Kovačić,13,3,60,0.0,0.0,-48.0,flat,i,1,stable,0.0,0.0,48h+
423,N.Gonzalez,13,3,60,0.1,3.0,-564.0,up,a,0,stable,0.0,0.0,48h+
424,Bobb,13,3,55,0.5,2.0,1737.0,up,a,0,stable,0.0,0.0,48h+
425,Echeverri,13,3,54,0.0,-2.0,-225.0,down,u,1,stable,0.0,0.0,48h+
427,Reijnders,13,3,57,32.7,-731.0,-90643.0,down,a,0,stable,0.0,0.0,48h+
428,Nypan,13,3,50,0.0,-4.0,-170.0,down,u,1,stable,0.0,0.0,48h+
429,Phillips,13,3,49,0.1,-1.0,-226.0,down,a,0,stable,0.0,0.0,48h+
430,Haaland,13,4,141,32.1,972.0,49813.0,up,a,0,stable,0.0,0.0,48h+
736,Donnarumma,13,1,55,0.5,1075.0,43160.0,up,a,0,stable,0.0,0.0,48h+
119,Mbeumo,14,3,81,16.1,364.0,91114.0,up,a,0,stable,0.0,0.0,48h+
431,Bayindir,14,1,50,0.5,-66.0,-4110.0,down,a,0,stable,0.0,0.0,48h+
432,Onana,14,1,49,0.3,-28.0,-2791.0,down,a,0,stable,0.0,0.0,48h+
433,Harrison,14,1,40,0.0,0.0,-17.0,flat,u,1,stable,0.0,0.0,48h+
434,Heaton,14,1,40,0.3,-7.0,-524.0,down,a,0,stable,0.0,0.0,48h+
435,Mee,14,1,40,0.1,-4.0,-238.0,down,a,0,stable,0.0,0.0,48h+
436,De Ligt,14,2,50,3.1,-268.0,-25245.0,down,a,0,-0.1,0.0,1.0,6–12h
437,Martinez,14,2,49,0.1,-14.0,-996.0,down,i,1,stable,0.0,0.0,48h+
438,Mazraoui,14,2,49,0.2,10.0,481.0,up,a,1,stable,0.0,0.0,48h+
439,D.Leon,14,2,44,0.1,-8.0,-459.0,down,a,0,stable,0.0,0.0,48h+
440,Dalot,14,2,45,1.8,-378.0,-7561.0,down,d,1,stable,0.0,0.0,48h+
441,Dorgu,14,2,45,7.3,-914.0,-100290.0,down,a,0,stable,0.0,0.0,48h+
442,Maguire,14,2,45,0.7,-40.0,-5111.0,down,a,0,stable,0.0,0.0,48h+
443,Shaw,14,2,45,0.3,-35.0,-1851.0,down,a,0,stable,0.0,0.0,48h+
444,Yoro,14,2,45,2.5,-124.0,-13440.0,down,a,0,stable,0.0,0.0,48h+
445,Amass,14,2,40,0.1,-44.0,-1477.0,down,u,0,stable,0.0,0.0,48h+
446,Fredricson,14,2,40,0.1,-6.0,-453.0,down,a,0,stable,0.0,0.0,48h+
447,Heaven,14,2,40,1.2,-51.0,-6351.0,down,a,0,stable,0.0,0.0,48h+
448,Malacia,14,2,40,0.3,-12.0,-1623.0,down,a,0,stable,0.0,0.0,48h+
449,B.Fernandes,14,3,90,21.4,-137.0,-10812.0,down,a,0,stable,0.0,0.0,48h+
450,Cunha,14,3,81,9.7,-2876.0,-341093.0,down,d,1,-0.1,0.0,1.0,6–12h
451,Rashford,14,3,70,0.0,0.0,-115.0,flat,u,1,stable,0.0,0.0,48h+
452,Amad,14,3,64,2.0,-133.0,-13639.0,down,a,0,stable,0.0,0.0,48h+
454,Antony,14,3,59,0.1,-37.0,-1684.0,down,u,0,stable,0.0,0.0,48h+
455,Mount,14,3,60,0.3,-75.0,-6857.0,down,d,1,stable,0.0,0.0,48h+
457,Casemiro,14,3,55,0.2,-5.0,30.0,down,a,0,stable,0.0,0.0,48h+
458,Mainoo,14,3,49,0.5,-21.0,-3572.0,down,a,0,stable,0.0,0.0,48h+
459,Ugarte,14,3,49,0.1,-10.0,-1444.0,down,a,0,stable,0.0,0.0,48h+
460,Collyer,14,3,45,0.1,-5.0,-736.0,down,u,1,stable,0.0,0.0,48h+
461,Fitzgerald,14,3,45,0.0,-3.0,-157.0,down,a,0,stable,0.0,0.0,48h+
462,J.Fletcher,14,3,44,0.0,3.0,471.0,up,a,0,stable,0.0,0.0,48h+
463,Kone,14,3,45,0.1,-6.0,-397.0,down,a,0,stable,0.0,0.0,48h+
464,Moorhouse,14,3,45,0.0,-2.0,-131.0,down,a,0,stable,0.0,0.0,48h+
465,Højlund,14,4,63,0.4,-175.0,-8004.0,down,u,0,stable,0.0,0.0,48h+
466,Zirkzee,14,4,59,0.4,-7.0,-1797.0,down,a,0,stable,0.0,0.0,48h+
467,Obi,14,4,44,1.6,-128.0,-11736.0,down,a,0,stable,0.0,0.0,48h+
468,Wheatley,14,4,45,0.1,-4.0,-587.0,down,a,0,stable,0.0,0.0,48h+
681,Šeško,14,4,74,6.2,-957.0,-135228.0,down,a,0,stable,0.0,0.0,48h+
733,Lammens,14,1,50,0.0,60.0,2518.0,up,a,0,stable,0.0,0.0,48h+
52,J.Ramsey,15,3,55,0.5,-101.0,-7917.0,down,d,1,stable,0.0,0.0,48h+
135,Wissa,15,4,75,1.3,608.0,18286.0,up,a,1,stable,0.0,0.0,48h+
469,Pope,15,1,50,5.5,216.0,24569.0,up,a,0,stable,0.0,0.0,48h+
471,Gillespie,15,1,40,0.1,-1.0,-209.0,down,a,0,stable,0.0,0.0,48h+
472,Odysseas,15,1,40,0.0,-4.0,-152.0,down,u,1,stable,0.0,0.0,48h+
473,Hall,15,2,54,1.6,-100.0,-11200.0,down,a,0,stable,0.0,0.0,48h+
474,Schär,15,2,55,2.8,145.0,13049.0,up,a,0,stable,0.0,0.0,48h+
475,Botman,15,2,49,0.4,17.0,1678.0,up,a,0,stable,0.0,0.0,48h+
476,Burn,15,2,50,5.3,237.0,22661.0,up,a,0,stable,0.0,0.0,48h+
477,Livramento,15,2,51,8.3,698.0,79776.0,up,a,0,stable,0.0,0.0,48h+
478,Trippier,15,2,50,2.7,49.0,6473.0,up,a,0,stable,0.0,0.0,48h+
479,Krafth,15,2,45,0.0,-3.0,-241.0,down,a,0,stable,0.0,0.0,48h+
480,Lascelles,15,2,44,0.1,-6.0,-364.0,down,a,0,stable,0.0,0.0,48h+
481,A.Murphy,15,2,40,0.7,-29.0,-2988.0,down,a,0,stable,0.0,0.0,48h+
482,Ashby,15,2,40,0.1,-9.0,-469.0,down,a,0,stable,0.0,0.0,48h+
483,Pivas,15,2,40,0.1,-8.0,-534.0,down,a,0,stable,0.0,0.0,48h+
484,Targett,15,2,40,0.4,-81.0,-3969.0,down,u,0,stable,0.0,0.0,48h+
485,Gordon,15,3,74,1.2,-296.0,-30935.0,down,s,1,-0.1,0.0,1.0,6–12h
486,Elanga,15,3,70,8.6,-222.0,-56727.0,down,a,0,stable,0.0,0.0,48h+
487,Barnes,15,3,65,1.1,-67.0,-8047.0,down,a,0,stable,0.0,0.0,48h+
488,Bruno G.,15,3,65,2.4,102.0,9331.0,up,a,0,stable,0.0,0.0,48h+
489,J.Murphy,15,3,63,1.3,-120.0,-9539.0,down,a,0,stable,0.0,0.0,48h+
490,Joelinton,15,3,59,0.3,-53.0,-6574.0,down,i,1,stable,0.0,0.0,48h+
491,Tonali,15,3,54,1.3,3.0,-2452.0,up,a,1,stable,0.0,0.0,48h+
492,Antoñito C.,15,3,49,0.0,0.0,-188.0,flat,a,0,stable,0.0,0.0,48h+
494,Willock,15,3,50,0.0,0.0,75.0,flat,a,0,stable,0.0,0.0,48h+
495,Hayden,15,3,45,0.0,-1.0,-105.0,down,u,1,stable,0.0,0.0,48h+
496,Kuol,15,3,45,0.1,1.0,-218.0,up,a,0,stable,0.0,0.0,48h+
497,L.Miley,15,3,45,2.1,-65.0,-9411.0,down,a,0,stable,0.0,0.0,48h+
498,White,15,3,45,0.0,-2.0,-96.0,down,u,1,stable,0.0,0.0,48h+
500,Osula,15,4,55,0.5,-32.0,-1878.0,down,a,0,stable,0.0,0.0,48h+
501,Neave,15,4,44,0.2,-6.0,-1094.0,down,a,0,stable,0.0,0.0,48h+
674,Ramsdale,15,1,49,0.7,-34.0,-4236.0,down,a,0,stable,0.0,0.0,48h+
684,Thiaw,15,2,50,0.2,-22.0,-1369.0,down,a,0,stable,0.0,0.0,48h+
689,Seung soo,15,3,45,0.2,-16.0,-1202.0,down,a,0,stable,0.0,0.0,48h+
714,Woltemade,15,4,70,0.2,246.0,20330.0,up,a,0,stable,0.0,0.0,48h+
12,Zinchenko,16,2,49,0.3,5.0,-1208.0,up,a,0,stable,0.0,0.0,48h+
426,McAtee,16,3,55,0.2,-6.0,-1384.0,down,a,0,stable,0.0,0.0,48h+
502,Sels,16,1,50,16.9,-1362.0,-116490.0,down,a,0,stable,0.0,0.0,48h+
503,C.Miguel,16,1,40,0.1,-18.0,-1114.0,down,u,1,stable,0.0,0.0,48h+
504,Turner,16,1,40,0.2,-7.0,-948.0,down,u,1,stable,0.0,0.0,48h+
505,Milenković,16,2,55,8.5,-773.0,-62081.0,down,a,0,stable,0.0,0.0,48h+
506,Murillo,16,2,55,5.7,-494.0,-44289.0,down,a,0,stable,0.0,0.0,48h+
507,Aina,16,2,50,13.1,-999.0,-83916.0,down,a,0,stable,0.0,0.0,48h+
508,N.Williams,16,2,50,8.3,-818.0,-62692.0,down,a,0,stable,0.0,0.0,48h+
509,David Carmo,16,2,45,0.0,-13.0,-491.0,down,u,0,stable,0.0,0.0,48h+
510,Jair Cunha,16,2,44,0.1,-7.0,-412.0,down,a,0,stable,0.0,0.0,48h+
511,Morato,16,2,44,0.1,-5.0,-389.0,down,a,0,stable,0.0,0.0,48h+
512,O.Richards,16,2,45,0.0,-17.0,-465.0,down,u,0,stable,0.0,0.0,48h+
513,Abbott,16,2,40,0.2,-7.0,-773.0,down,a,0,stable,0.0,0.0,48h+
514,Boly,16,2,40,0.4,-19.0,-1819.0,down,a,0,stable,0.0,0.0,48h+
515,Gibbs-White,16,3,75,5.7,-453.0,-44141.0,down,a,0,stable,0.0,0.0,48h+
516,Hudson-Odoi,16,3,60,1.6,-45.0,-3224.0,down,a,0,stable,0.0,0.0,48h+
517,Anderson,16,3,55,5.7,-468.0,-31478.0,down,a,0,stable,0.0,0.0,48h+
518,Jota,16,3,54,0.1,-3.0,-508.0,down,a,0,stable,0.0,0.0,48h+
519,Dominguez,16,3,50,0.0,0.0,-9.0,flat,i,1,stable,0.0,0.0,48h+
520,O'Brien,16,3,50,0.0,0.0,-6.0,flat,u,1,stable,0.0,0.0,48h+
521,Sangaré,16,3,50,0.1,-1.0,-5.0,down,a,0,stable,0.0,0.0,48h+
522,Yates,16,3,49,0.1,-10.0,-684.0,down,a,0,stable,0.0,0.0,48h+
523,Da Silva Moreira,16,3,45,0.1,-46.0,-1683.0,down,u,0,stable,0.0,0.0,48h+
524,Stamenic,16,3,45,0.0,-4.0,-471.0,down,u,1,stable,0.0,0.0,48h+
525,Wood,16,4,77,25.2,-2570.0,-222294.0,down,a,0,stable,0.0,0.0,48h+
526,Igor Jesus,16,4,59,0.5,-48.0,-5038.0,down,a,0,stable,0.0,0.0,48h+
527,Awoniyi,16,4,54,0.5,-56.0,-5472.0,down,a,0,stable,0.0,0.0,48h+
669,Ndoye,16,3,61,3.4,-34.0,-15328.0,down,a,0,-0.1,0.0,1.0,6–12h
675,Gunn,16,1,40,1.7,-32.0,-2203.0,down,a,0,stable,0.0,0.0,48h+
693,Hutchinson,16,3,55,0.0,0.0,-51.0,flat,a,0,stable,0.0,0.0,48h+
696,Kalimuendo,16,4,60,0.1,7.0,29.0,up,a,0,stable,0.0,0.0,48h+
699,Douglas Luiz,16,3,50,0.1,-7.0,296.0,down,a,0,stable,0.0,0.0,48h+
715,John,16,1,40,0.1,117.0,3726.0,up,a,0,stable,0.0,0.0,48h+
716,Savona,16,2,45,0.0,0.0,85.0,flat,a,0,stable,0.0,0.0,48h+
729,Cuiabano,16,2,45,0.0,0.0,22.0,flat,u,0,stable,0.0,0.0,48h+
734,Bakwa,16,3,60,0.0,6.0,155.0,up,a,0,stable,0.0,0.0,48h+
528,Patterson,17,1,44,0.3,-10.0,-1383.0,down,a,0,stable,0.0,0.0,48h+
529,Moore,17,1,40,0.5,-28.0,-961.0,down,a,0,stable,0.0,0.0,48h+
530,Nna Noukeu,17,1,40,0.1,-9.0,-284.0,down,a,0,stable,0.0,0.0,48h+
531,Ballard,17,2,46,3.8,-930.0,-94580.0,down,i,1,-0.1,0.0,1.0,6–12h
532,Hume,17,2,45,0.3,-23.0,-1109.0,down,a,0,stable,0.0,0.0,48h+
533,Alese,17,2,40,0.0,1.0,-6.0,up,i,1,stable,0.0,0.0,48h+
534,Anderson,17,2,40,0.4,-3.0,-1629.0,down,a,0,stable,0.0,0.0,48h+
535,Cirkin,17,2,40,0.0,-1.0,-133.0,down,i,1,stable,0.0,0.0,48h+
536,Hjelde,17,2,40,0.0,1.0,-9.0,up,i,1,stable,0.0,0.0,48h+
537,Huggins,17,2,40,0.2,-38.0,-1320.0,down,u,0,stable,0.0,0.0,48h+
538,Johnson,17,2,40,0.2,-2.0,-744.0,down,a,0,stable,0.0,0.0,48h+
539,O'Nien,17,2,40,0.0,0.0,-77.0,flat,i,1,stable,0.0,0.0,48h+
540,Pembele,17,2,40,0.2,-7.0,-681.0,down,a,0,stable,0.0,0.0,48h+
541,Reinildo,17,2,40,8.3,65.0,-8941.0,up,a,0,stable,0.0,0.0,48h+
542,Seelt,17,2,40,0.2,-68.0,-1976.0,down,u,0,stable,0.0,0.0,48h+
543,Adingra,17,3,55,1.4,-171.0,-17544.0,down,a,0,-0.1,0.0,1.0,6–12h
544,Diarra,17,3,55,0.1,-5.0,-192.0,down,a,0,stable,0.0,0.0,48h+
545,Roberts,17,3,54,0.0,-9.0,-438.0,down,u,0,stable,0.0,0.0,48h+
546,Aleksić,17,3,49,0.0,-3.0,-157.0,down,a,0,stable,0.0,0.0,48h+
547,E.Le Fée,17,3,49,0.4,190.0,12582.0,up,a,0,stable,0.0,0.0,48h+
548,Mundle,17,3,49,0.0,0.0,-39.0,flat,i,1,stable,0.0,0.0,48h+
549,Neil,17,3,49,0.0,-3.0,-180.0,down,a,0,stable,0.0,0.0,48h+
550,Poveda,17,3,49,0.0,-1.0,-115.0,down,a,0,stable,0.0,0.0,48h+
551,Rigg,17,3,49,0.0,-4.0,-357.0,down,a,0,stable,0.0,0.0,48h+
552,Sadiki,17,3,50,0.0,-4.0,-166.0,down,a,0,stable,0.0,0.0,48h+
553,Talbi,17,3,50,0.3,-17.0,-2262.0,down,a,0,stable,0.0,0.0,48h+
554,Ba,17,3,44,0.2,2.0,810.0,up,a,0,stable,0.0,0.0,48h+
555,Browne,17,3,45,0.1,-18.0,-827.0,down,u,0,stable,0.0,0.0,48h+
556,Ekwah,17,3,45,0.0,0.0,-103.0,flat,u,1,stable,0.0,0.0,48h+
557,H.Jones,17,3,45,0.1,0.0,-199.0,flat,a,0,stable,0.0,0.0,48h+
558,Matete,17,3,45,0.2,9.0,-1130.0,up,a,0,stable,0.0,0.0,48h+
559,Triantis,17,3,44,0.1,14.0,-114.0,up,a,0,stable,0.0,0.0,48h+
560,Isidor,17,4,55,0.5,269.0,19471.0,up,a,0,stable,0.0,0.0,48h+
561,Mayenda,17,4,55,1.8,-211.0,-19561.0,down,a,0,-0.1,0.0,1.0,6–12h
562,Abdullahi,17,4,44,0.4,-25.0,-2313.0,down,a,0,stable,0.0,0.0,48h+
563,Luís Hemir,17,4,44,0.2,-1.0,-647.0,down,a,0,stable,0.0,0.0,48h+
564,Rusyn,17,4,44,0.2,-46.0,-490.0,down,u,0,stable,0.0,0.0,48h+
668,Xhaka,17,3,50,2.7,-3.0,-1421.0,down,a,0,stable,0.0,0.0,48h+
670,Roefs,17,1,45,1.3,177.0,16423.0,up,a,0,stable,0.0,0.0,48h+
678,Masuaku,17,2,40,0.7,-18.0,-2150.0,down,a,0,stable,0.0,0.0,48h+
683,Alderete,17,2,40,1.3,79.0,3244.0,up,a,0,stable,0.0,0.0,48h+
694,Mukiele,17,2,40,0.4,62.0,3860.0,up,a,0,stable,0.0,0.0,48h+
724,Geertruida,17,2,45,0.0,6.0,276.0,up,a,0,stable,0.0,0.0,48h+
730,Brobbey,17,4,55,0.0,50.0,1638.0,up,a,0,stable,0.0,0.0,48h+
735,Traoré,17,3,55,0.0,5.0,139.0,up,a,0,stable,0.0,0.0,48h+
565,Vicario,18,1,50,8.4,1358.0,104458.0,up,a,0,stable,0.0,0.0,48h+
566,Austin,18,1,40,0.3,-9.0,-622.0,down,a,0,stable,0.0,0.0,48h+
567,Kinsky,18,1,40,1.7,-91.0,-6687.0,down,a,0,stable,0.0,0.0,48h+
568,Pedro Porro,18,2,56,25.4,63.0,25106.0,up,a,0,stable,0.0,0.0,48h+
569,Romero,18,2,50,5.4,-60.0,462.0,down,a,0,stable,0.0,0.0,48h+
570,Danso,18,2,44,0.2,-8.0,-1378.0,down,a,0,stable,0.0,0.0,48h+
571,Davies,18,2,44,0.1,-4.0,-353.0,down,a,0,stable,0.0,0.0,48h+
572,Dragusin,18,2,45,0.0,-1.0,-26.0,down,i,1,stable,0.0,0.0,48h+
573,Spence,18,2,45,2.3,83.0,4541.0,up,a,0,stable,0.0,0.0,48h+
574,Udogie,18,2,44,0.5,15.0,1841.0,up,a,0,stable,0.0,0.0,48h+
575,Van de Ven,18,2,46,28.7,-186.0,-10427.0,down,a,0,stable,0.0,0.0,48h+
576,Phillips,18,2,40,0.0,-1.0,-149.0,down,u,1,stable,0.0,0.0,48h+
577,Takai,18,2,40,0.1,-5.0,-492.0,down,d,1,stable,0.0,0.0,48h+
578,Vuskovic,18,2,39,0.8,-231.0,-7526.0,down,u,0,stable,0.0,0.0,48h+
579,Son,18,3,85,0.2,-14.0,-1207.0,down,u,1,stable,0.0,0.0,48h+
580,Johnson,18,3,71,10.1,-92.0,-3099.0,down,a,0,stable,0.0,0.0,48h+
581,Maddison,18,3,69,0.2,-25.0,-1318.0,down,i,1,stable,0.0,0.0,48h+
582,Kudus,18,3,66,32.6,-74.0,-28304.0,down,a,0,stable,0.0,0.0,48h+
583,Kulusevski,18,3,64,0.0,-2.0,-125.0,down,i,1,stable,0.0,0.0,48h+
584,Tel,18,3,63,0.1,-1.0,-607.0,down,a,0,stable,0.0,0.0,48h+
585,Bentancur,18,3,55,0.2,1.0,-290.0,up,a,0,stable,0.0,0.0,48h+
586,Bergvall,18,3,54,0.1,-6.0,-935.0,down,a,0,stable,0.0,0.0,48h+
587,Bissouma,18,3,53,0.1,-18.0,-1076.0,down,i,1,stable,0.0,0.0,48h+
588,Odobert,18,3,54,0.0,-4.0,-221.0,down,a,0,stable,0.0,0.0,48h+
589,Solomon,18,3,54,0.0,-3.0,-83.0,down,u,1,stable,0.0,0.0,48h+
590,Bryan,18,3,49,0.0,-3.0,-203.0,down,a,0,stable,0.0,0.0,48h+
591,Gray,18,3,49,0.1,-2.0,-750.0,down,a,0,stable,0.0,0.0,48h+
592,Moore,18,3,50,0.0,-1.0,-42.0,down,u,1,stable,0.0,0.0,48h+
593,P.M.Sarr,18,3,50,2.7,-102.0,-14825.0,down,a,0,stable,0.0,0.0,48h+
594,Min-hyeok,18,3,45,0.0,-4.0,-215.0,down,u,1,stable,0.0,0.0,48h+
595,Olusesi,18,3,44,0.2,10.0,616.0,up,a,0,stable,0.0,0.0,48h+
596,Solanke,18,4,73,2.2,-382.0,-32536.0,down,a,0,-0.1,0.0,1.0,6–12h
597,Richarlison,18,4,67,13.8,88.0,21159.0,up,a,0,stable,0.0,0.0,48h+
598,Lankshear,18,4,45,0.0,-3.0,-397.0,down,u,1,stable,0.0,0.0,48h+
599,Scarlett,18,4,44,0.7,-26.0,-986.0,down,a,0,stable,0.0,0.0,48h+
673,J.Palhinha,18,3,55,0.8,35.0,2739.0,up,a,0,stable,0.0,0.0,48h+
717,Xavi,18,3,70,0.5,888.0,51983.0,up,a,0,stable,0.0,0.0,48h+
726,Kolo Muani,18,4,70,0.1,171.0,6198.0,up,a,0,stable,0.0,0.0,48h+
149,Igor,19,2,45,0.1,2.0,5.0,up,a,0,stable,0.0,0.0,48h+
600,Areola,19,1,44,3.1,-285.0,-21497.0,down,a,0,-0.1,0.0,1.0,6–12h
601,Foderingham,19,1,40,0.5,-20.0,-1206.0,down,a,0,stable,0.0,0.0,48h+
602,Hegyi,19,1,40,0.3,-8.0,-478.0,down,a,0,stable,0.0,0.0,48h+
603,Diouf,19,2,45,5.3,-222.0,-20012.0,down,a,0,stable,0.0,0.0,48h+
604,Emerson,19,2,44,0.1,-55.0,-1893.0,down,u,0,stable,0.0,0.0,48h+
605,Kilman,19,2,44,0.2,7.0,-201.0,up,a,0,stable,0.0,0.0,48h+
606,Mavropanos,19,2,44,0.1,2.0,159.0,up,a,0,stable,0.0,0.0,48h+
607,N.Aguerd,19,2,44,0.1,-46.0,-1749.0,down,u,0,stable,0.0,0.0,48h+
608,Scarles,19,2,44,0.0,-1.0,-140.0,down,a,0,stable,0.0,0.0,48h+
609,Todibo,19,2,44,0.1,-2.0,-596.0,down,a,0,stable,0.0,0.0,48h+
610,Wan-Bissaka,19,2,44,15.5,-1826.0,-154837.0,down,a,0,stable,0.0,0.0,48h+
611,Casey,19,2,40,0.1,-8.0,-864.0,down,u,1,stable,0.0,0.0,48h+
612,L.Paquetá,19,3,59,2.1,1669.0,83196.0,up,a,0,stable,0.0,0.0,48h+
613,Souček,19,3,58,0.5,-40.0,-3477.0,down,a,0,stable,0.0,0.0,48h+
614,Ward-Prowse,19,3,59,0.3,-22.0,-1558.0,down,a,0,stable,0.0,0.0,48h+
615,Summerville,19,3,55,0.0,22.0,2233.0,up,a,1,stable,0.0,0.0,48h+
616,Álvarez,19,3,49,0.1,-32.0,-2228.0,down,u,1,stable,0.0,0.0,48h+
617,Cornet,19,3,49,0.0,-11.0,-311.0,down,u,0,stable,0.0,0.0,48h+
618,G.Rodriguez,19,3,49,0.1,4.0,-217.0,up,a,0,stable,0.0,0.0,48h+
619,L.Guilherme,19,3,49,0.0,-4.0,-194.0,down,i,1,stable,0.0,0.0,48h+
620,Earthy,19,3,45,0.1,0.0,-237.0,flat,a,0,stable,0.0,0.0,48h+
621,Irving,19,3,45,0.3,-11.0,-1098.0,down,a,0,stable,0.0,0.0,48h+
622,Orford,19,3,44,0.1,-21.0,-981.0,down,u,0,stable,0.0,0.0,48h+
623,Potts,19,3,44,0.6,122.0,-2702.0,up,a,0,stable,0.0,0.0,48h+
624,Bowen,19,4,78,7.6,-475.0,-39165.0,down,a,0,stable,0.0,0.0,48h+
625,Füllkrug,19,4,58,1.8,-222.0,-23493.0,down,a,0,-0.1,0.0,1.0,6–12h
626,Marshall,19,4,44,0.7,94.0,-1108.0,up,a,0,stable,0.0,0.0,48h+
659,Walker-Peters,19,2,44,0.3,9.0,691.0,up,a,0,stable,0.0,0.0,48h+
671,Wilson,19,4,59,0.4,21.0,1682.0,up,a,0,stable,0.0,0.0,48h+
679,Hermansen,19,1,45,0.3,2.0,-48.0,up,a,0,stable,0.0,0.0,48h+
708,M.Fernandes,19,3,55,0.0,7.0,842.0,up,a,0,stable,0.0,0.0,48h+
718,S.Magassa,19,3,50,0.0,0.0,38.0,flat,a,0,stable,0.0,0.0,48h+
627,Johnstone,20,1,45,0.1,4.0,-410.0,up,a,0,stable,0.0,0.0,48h+
628,José Sá,20,1,45,1.8,-48.0,-6138.0,down,a,0,stable,0.0,0.0,48h+
629,Bentley,20,1,40,0.7,-21.0,-1321.0,down,a,0,stable,0.0,0.0,48h+
631,Agbadou,20,2,45,0.4,-36.0,-2287.0,down,a,0,stable,0.0,0.0,48h+
632,Doherty,20,2,45,0.2,-13.0,-1055.0,down,a,0,stable,0.0,0.0,48h+
633,H.Bueno,20,2,45,0.1,-14.0,-678.0,down,d,1,stable,0.0,0.0,48h+
634,Mosquera,20,2,44,0.1,-8.0,-238.0,down,a,0,stable,0.0,0.0,48h+
635,R.Gomes,20,2,45,0.1,-2.0,201.0,down,a,0,stable,0.0,0.0,48h+
636,S.Bueno,20,2,45,0.0,0.0,-120.0,flat,a,0,stable,0.0,0.0,48h+
637,Toti,20,2,45,0.1,-11.0,-522.0,down,a,0,stable,0.0,0.0,48h+
638,Hoever,20,2,40,1.7,-190.0,-16814.0,down,d,1,-0.1,0.0,1.0,6–12h
639,Meupiyou,20,2,40,0.0,0.0,-86.0,flat,u,1,stable,0.0,0.0,48h+
640,Pedro Lima,20,2,40,0.9,-198.0,-7279.0,down,u,0,stable,0.0,0.0,48h+
641,Pond,20,2,40,1.2,-77.0,-5139.0,down,a,0,stable,0.0,0.0,48h+
642,Hee Chan,20,3,59,0.1,10.0,905.0,up,a,0,stable,0.0,0.0,48h+
643,André,20,3,55,0.1,-6.0,-467.0,down,a,0,stable,0.0,0.0,48h+
644,Bellegarde,20,3,54,0.1,-5.0,-521.0,down,a,0,stable,0.0,0.0,48h+
645,Fer López,20,3,54,0.0,-7.0,-166.0,down,a,0,stable,0.0,0.0,48h+
646,Gomes,20,3,55,0.1,-2.0,-436.0,down,a,0,stable,0.0,0.0,48h+
647,Guedes,20,3,55,0.0,-1.0,-42.0,down,u,1,stable,0.0,0.0,48h+
648,Munetsi,20,3,55,0.1,4.0,67.0,up,a,0,stable,0.0,0.0,48h+
649,B.Traore,20,3,50,0.0,0.0,-11.0,flat,u,1,stable,0.0,0.0,48h+
650,Chirewa,20,3,44,0.3,4.0,658.0,up,a,0,stable,0.0,0.0,48h+
651,Edozie,20,3,44,0.4,18.0,3408.0,up,a,0,stable,0.0,0.0,48h+
652,Gonzalez,20,3,44,1.3,186.0,634.0,up,a,0,stable,0.0,0.0,48h+
653,Hodge,20,3,45,0.0,-7.0,-460.0,down,u,1,stable,0.0,0.0,48h+
654,Strand Larsen,20,4,64,3.1,-677.0,-58719.0,down,d,1,-0.1,0.0,1.0,6–12h
655,Fábio Silva,20,4,49,0.4,-144.0,-6243.0,down,u,0,stable,0.0,0.0,48h+
656,Kalajdžić,20,4,49,0.1,10.0,-35.0,up,a,0,stable,0.0,0.0,48h+
657,Chiwome,20,4,45,0.0,-2.0,-372.0,down,i,1,stable,0.0,0.0,48h+
658,Fraser,20,4,45,2.0,-151.0,-16414.0,down,a,0,-0.1,0.0,1.0,6–12h
663,J.Arias,20,3,54,0.4,-46.0,-4963.0,down,a,0,stable,0.0,0.0,48h+
682,Møller Wolfe,20,2,45,0.1,2.0,-194.0,up,a,0,stable,0.0,0.0,48h+
695,Tchatchoua,20,2,45,0.0,-1.0,-17.0,down,a,0,stable,0.0,0.0,48h+
709,Krejčí,20,2,45,0.0,1.0,212.0,up,a,0,stable,0.0,0.0,48h+
720,Tolu,20,4,55,0.0,13.0,330.0,up,a,0,stable,0.0,0.0,48h+
