player_id,web_name,first_name,second_name,team_name,team_short,position,current_gw,current_gw_deadline_utc,last_updated_utc,price_m,transfers_in_between_gws_current,transfers_out_between_gws_current,selected_by_percent,price_m_prev,transfers_in_between_gws_current_prev,transfers_out_between_gws_current_prev,selected_by_percent_prev,delta_price_m,delta_transfers_in_between_gws_current,delta_transfers_out_between_gws_current,delta_selected_by_percent
1,Raya,David,Raya Martín,Arsenal,ARS,GK,1,2025-08-15T17:30:00Z,2025-08-21T21:40:16Z,5.5,221854,47286,20.4,5.5,221854,47286,20.4,0.0,0,0,0.0
2,Arrizabalaga,Kepa,Arrizabalaga Revuelta,Arsenal,ARS,GK,1,2025-08-15T17:30:00Z,2025-08-21T21:40:16Z,4.5,1945,10103,0.9,4.5,1945,10103,0.9,0.0,0,0,0.0
3,Hein,Karl,Hein,Arsenal,ARS,GK,1,2025-08-15T17:30:00Z,2025-08-21T21:40:16Z,4.0,3343,4200,0.6,4.0,3343,4200,0.6,0.0,0,0,0.0
4,Setford,Tommy,Setford,Arsenal,ARS,GK,1,2025-08-15T17:30:00Z,2025-08-21T21:40:16Z,4.0,835,1251,0.2,4.0,835,1251,0.2,0.0,0,0,0.0
5,Gabriel,Gabriel,dos Santos Magalhães,Arsenal,ARS,DEF,1,2025-08-15T17:30:00Z,2025-08-21T21:40:16Z,6.0,226579,65848,20.2,6.0,226579,65848,20.2,0.0,0,0,0.0
6,Saliba,William,Saliba,Arsenal,ARS,DEF,1,2025-08-15T17:30:00Z,2025-08-21T21:40:16Z,6.0,217666,51474,16.9,6.0,217666,51474,16.9,0.0,0,0,0.0
7,Calafiori,Riccardo,Calafiori,Arsenal,ARS,DEF,1,2025-08-15T17:30:00Z,2025-08-21T21:40:16Z,5.5,181087,19357,3.5,5.5,181087,19357,3.5,0.0,0,0,0.0
8,J.Timber,Jurriën,Timber,Arsenal,ARS,DEF,1,2025-08-15T17:30:00Z,2025-08-21T21:40:16Z,5.5,11407,30884,2.1,5.5,11407,30884,2.1,0.0,0,0,0.0
9,Kiwior,Jakub,Kiwior,Arsenal,ARS,DEF,1,2025-08-15T17:30:00Z,2025-08-21T21:40:16Z,5.5,320,1758,0.1,5.5,320,1758,0.1,0.0,0,0,0.0
10,Lewis-Skelly,Myles,Lewis-Skelly,Arsenal,ARS,DEF,1,2025-08-15T17:30:00Z,2025-08-21T21:40:16Z,5.5,17315,61219,3.9,5.5,17315,61219,3.9,0.0,0,0,0.0
11,White,Benjamin,White,Arsenal,ARS,DEF,1,2025-08-15T17:30:00Z,2025-08-21T21:40:16Z,5.5,16857,6421,1.0,5.5,16857,6421,1.0,0.0,0,0,0.0
12,Zinchenko,Oleksandr,Zinchenko,Arsenal,ARS,DEF,1,2025-08-15T17:30:00Z,2025-08-21T21:40:16Z,5.0,2760,5743,0.4,5.0,2760,5743,0.4,0.0,0,0,0.0
13,Clarke,Brayden,Clarke,Arsenal,ARS,DEF,1,2025-08-15T17:30:00Z,2025-08-21T21:40:16Z,4.0,5455,6645,0.6,4.0,5455,6645,0.6,0.0,0,0,0.0
14,Kacurri,Maldini,Kacurri,Arsenal,ARS,DEF,1,2025-08-15T17:30:00Z,2025-08-21T21:40:16Z,4.0,1277,2246,0.2,4.0,1277,2246,0.2,0.0,0,0,0.0
15,Nichols,Josh,Nichols,Arsenal,ARS,DEF,1,2025-08-15T17:30:00Z,2025-08-21T21:40:16Z,4.0,977,1922,0.2,4.0,977,1922,0.2,0.0,0,0,0.0
16,Saka,Bukayo,Saka,Arsenal,ARS,MID,1,2025-08-15T17:30:00Z,2025-08-21T21:40:16Z,10.0,105133,88509,17.0,10.0,105133,88509,17.0,0.0,0,0,0.0
17,Ødegaard,Martin,Ødegaard,Arsenal,ARS,MID,1,2025-08-15T17:30:00Z,2025-08-21T21:40:16Z,8.0,37744,28419,3.8,8.0,37744,28419,3.8,0.0,0,0,0.0
18,Madueke,Noni,Madueke,Arsenal,ARS,MID,1,2025-08-15T17:30:00Z,2025-08-21T21:40:16Z,7.0,2996,16013,1.0,7.0,2996,16013,1.0,0.0,0,0,0.0
19,Martinelli,Gabriel,Martinelli Silva,Arsenal,ARS,MID,1,2025-08-15T17:30:00Z,2025-08-21T21:40:16Z,7.0,7708,15350,1.4,7.0,7708,15350,1.4,0.0,0,0,0.0
20,Trossard,Leandro,Trossard,Arsenal,ARS,MID,1,2025-08-15T17:30:00Z,2025-08-21T21:40:16Z,7.0,675,6126,0.3,7.0,675,6126,0.3,0.0,0,0,0.0
21,Rice,Declan,Rice,Arsenal,ARS,MID,1,2025-08-15T17:30:00Z,2025-08-21T21:40:16Z,6.5,71089,56327,8.3,6.5,71089,56327,8.3,0.0,0,0,0.0
22,Merino,Mikel,Merino Zazón,Arsenal,ARS,MID,1,2025-08-15T17:30:00Z,2025-08-21T21:40:16Z,6.0,3989,14277,0.6,6.0,3989,14277,0.6,0.0,0,0,0.0
23,Fábio Vieira,Fábio,Ferreira Vieira,Arsenal,ARS,MID,1,2025-08-15T17:30:00Z,2025-08-21T21:40:16Z,5.5,419,845,0.0,5.5,419,845,0.0,0.0,0,0,0.0
24,Nørgaard,Christian,Nørgaard,Arsenal,ARS,MID,1,2025-08-15T17:30:00Z,2025-08-21T21:40:16Z,5.5,1108,15852,0.5,5.5,1108,15852,0.5,0.0,0,0,0.0
25,Nwaneri,Ethan,Nwaneri,Arsenal,ARS,MID,1,2025-08-15T17:30:00Z,2025-08-21T21:40:16Z,5.5,1517,6058,0.3,5.5,1517,6058,0.3,0.0,0,0,0.0
26,Zubimendi,Martín,Zubimendi Ibáñez,Arsenal,ARS,MID,1,2025-08-15T17:30:00Z,2025-08-21T21:40:16Z,5.5,29295,27434,2.3,5.5,29295,27434,2.3,0.0,0,0,0.0
27,Nelson,Reiss,Nelson,Arsenal,ARS,MID,1,2025-08-15T17:30:00Z,2025-08-21T21:40:16Z,5.0,1345,2489,0.1,5.0,1345,2489,0.1,0.0,0,0,0.0
28,Kabia,Ismeal,Kabia,Arsenal,ARS,MID,1,2025-08-15T17:30:00Z,2025-08-21T21:40:16Z,4.5,3290,4531,0.3,4.5,3290,4531,0.3,0.0,0,0,0.0
29,Sambi,Albert,Sambi Lokonga,Arsenal,ARS,MID,1,2025-08-15T17:30:00Z,2025-08-21T21:40:16Z,4.5,1429,2078,0.1,4.5,1429,2078,0.1,0.0,0,0,0.0
30,Havertz,Kai,Havertz,Arsenal,ARS,FWD,1,2025-08-15T17:30:00Z,2025-08-21T21:40:16Z,7.5,7852,30563,1.1,7.5,7852,30563,1.1,0.0,0,0,0.0
31,G.Jesus,Gabriel,Fernando de Jesus,Arsenal,ARS,FWD,1,2025-08-15T17:30:00Z,2025-08-21T21:40:16Z,6.5,210,923,0.0,6.5,210,923,0.0,0.0,0,0,0.0
662,Mosquera,Cristhian,Mosquera,Arsenal,ARS,DEF,1,2025-08-15T17:30:00Z,2025-08-21T21:40:16Z,5.5,361,1869,0.1,5.5,361,1869,0.1,0.0,0,0,0.0
666,Gyökeres,Viktor,Gyökeres,Arsenal,ARS,FWD,1,2025-08-15T17:30:00Z,2025-08-21T21:40:16Z,9.0,153139,227254,24.8,9.0,153139,227254,24.8,0.0,0,0,0.0
32,Martinez,Emiliano,Martínez Romero,Aston Villa,AVL,GK,1,2025-08-15T17:30:00Z,2025-08-21T21:40:16Z,5.0,18004,6201,1.1,5.0,18004,6201,1.1,0.0,0,0,0.0
33,M.Bizot,Marco,Bizot,Aston Villa,AVL,GK,1,2025-08-15T17:30:00Z,2025-08-21T21:40:16Z,4.5,42154,11451,0.9,4.5,42154,11451,0.9,0.0,0,0,0.0
34,Gauci,Joe,Gauci,Aston Villa,AVL,GK,1,2025-08-15T17:30:00Z,2025-08-21T21:40:16Z,4.0,0,3560,0.2,4.0,0,3560,0.2,0.0,0,0,0.0
35,Marschall,Filip,Marschall,Aston Villa,AVL,GK,1,2025-08-15T17:30:00Z,2025-08-21T21:40:16Z,4.0,0,301,0.0,4.0,0,301,0.0,0.0,0,0,0.0
36,Cash,Matty,Cash,Aston Villa,AVL,DEF,1,2025-08-15T17:30:00Z,2025-08-21T21:40:16Z,4.5,210042,31500,4.4,4.5,210042,31500,4.4,0.0,0,0,0.0
37,Digne,Lucas,Digne,Aston Villa,AVL,DEF,1,2025-08-15T17:30:00Z,2025-08-21T21:40:16Z,4.5,41745,11073,2.3,4.5,41745,11073,2.3,0.0,0,0,0.0
38,Konsa,Ezri,Konsa Ngoyo,Aston Villa,AVL,DEF,1,2025-08-15T17:30:00Z,2025-08-21T21:40:16Z,4.5,18263,434275,17.1,4.5,18263,434275,17.1,0.0,0,0,0.0
39,Maatsen,Ian,Maatsen,Aston Villa,AVL,DEF,1,2025-08-15T17:30:00Z,2025-08-21T21:40:16Z,4.5,3158,12601,0.8,4.5,3158,12601,0.8,0.0,0,0,0.0
40,Mings,Tyrone,Mings,Aston Villa,AVL,DEF,1,2025-08-15T17:30:00Z,2025-08-21T21:40:16Z,4.5,36143,7697,1.3,4.5,36143,7697,1.3,0.0,0,0,0.0
41,Pau,Pau,Torres,Aston Villa,AVL,DEF,1,2025-08-15T17:30:00Z,2025-08-21T21:40:16Z,4.5,3039,6381,0.5,4.5,3039,6381,0.5,0.0,0,0,0.0
42,A.García,Andrés,García,Aston Villa,AVL,DEF,1,2025-08-15T17:30:00Z,2025-08-21T21:40:16Z,4.0,404,4657,0.3,4.0,404,4657,0.3,0.0,0,0,0.0
43,Alex Moreno,Álex,Moreno Lopera,Aston Villa,AVL,DEF,1,2025-08-15T17:30:00Z,2025-08-21T21:40:16Z,4.0,27942,72599,9.3,4.0,27942,72599,9.3,0.0,0,0,0.0
44,Bogarde,Lamare,Bogarde,Aston Villa,AVL,DEF,1,2025-08-15T17:30:00Z,2025-08-21T21:40:16Z,4.0,1556,2696,0.3,4.0,1556,2696,0.3,0.0,0,0,0.0
45,Sousa,Lino,da Cruz Sousa,Aston Villa,AVL,DEF,1,2025-08-15T17:30:00Z,2025-08-21T21:40:16Z,4.0,1827,2806,0.4,4.0,1827,2806,0.4,0.0,0,0,0.0
46,Yasin,Yasin,Özcan,Aston Villa,AVL,DEF,1,2025-08-15T17:30:00Z,2025-08-21T21:40:16Z,4.0,1023,1971,0.2,4.0,1023,1971,0.2,0.0,0,0,0.0
47,Rogers,Morgan,Rogers,Aston Villa,AVL,MID,1,2025-08-15T17:30:00Z,2025-08-21T21:40:16Z,7.0,77197,100052,9.7,7.0,77197,100052,9.7,0.0,0,0,0.0
48,Tielemans,Youri,Tielemans,Aston Villa,AVL,MID,1,2025-08-15T17:30:00Z,2025-08-21T21:40:16Z,6.0,14943,29278,2.2,6.0,14943,29278,2.2,0.0,0,0,0.0
49,Bailey,Leon,Bailey,Aston Villa,AVL,MID,1,2025-08-15T17:30:00Z,2025-08-21T21:40:16Z,5.5,2168,15648,0.4,5.5,2168,15648,0.4,0.0,0,0,0.0
50,Buendía,Emiliano,Buendía Stati,Aston Villa,AVL,MID,1,2025-08-15T17:30:00Z,2025-08-21T21:40:16Z,5.4,385,4350,0.1,5.4,385,4350,0.1,0.0,0,0,0.0
51,Iling Jr,Samuel,Iling-Junior,Aston Villa,AVL,MID,1,2025-08-15T17:30:00Z,2025-08-21T21:40:16Z,5.5,143,482,0.0,5.5,143,482,0.0,0.0,0,0,0.0
53,Malen,Donyell,Malen,Aston Villa,AVL,MID,1,2025-08-15T17:30:00Z,2025-08-21T21:40:16Z,5.4,4582,40990,1.6,5.4,4582,40990,1.6,0.0,0,0,0.0
54,McGinn,John,McGinn,Aston Villa,AVL,MID,1,2025-08-15T17:30:00Z,2025-08-21T21:40:16Z,5.5,7283,8820,0.7,5.5,7283,8820,0.7,0.0,0,0,0.0
55,Barkley,Ross,Barkley,Aston Villa,AVL,MID,1,2025-08-15T17:30:00Z,2025-08-21T21:40:16Z,5.0,81,2554,0.1,5.0,81,2554,0.1,0.0,0,0,0.0
56,Barrenechea,Enzo,Barrenechea,Aston Villa,AVL,MID,1,2025-08-15T17:30:00Z,2025-08-21T21:40:16Z,5.0,0,9,0.0,5.0,0,9,0.0,0.0,0,0,0.0
57,Dobbin,Lewis,Dobbin,Aston Villa,AVL,MID,1,2025-08-15T17:30:00Z,2025-08-21T21:40:16Z,5.0,498,923,0.1,5.0,498,923,0.1,0.0,0,0,0.0
58,Kamara,Boubacar,Kamara,Aston Villa,AVL,MID,1,2025-08-15T17:30:00Z,2025-08-21T21:40:16Z,5.0,2641,3061,0.2,5.0,2641,3061,0.2,0.0,0,0,0.0
59,Onana,Amadou,Onana,Aston Villa,AVL,MID,1,2025-08-15T17:30:00Z,2025-08-21T21:40:16Z,5.0,33489,20066,1.9,5.0,33489,20066,1.9,0.0,0,0,0.0
60,Broggio,Ben,Broggio,Aston Villa,AVL,MID,1,2025-08-15T17:30:00Z,2025-08-21T21:40:16Z,4.5,2825,3739,0.3,4.5,2825,3739,0.3,0.0,0,0,0.0
61,Dendoncker,Leander,Dendoncker,Aston Villa,AVL,MID,1,2025-08-15T17:30:00Z,2025-08-21T21:40:16Z,4.5,2169,5539,0.3,4.5,2169,5539,0.3,0.0,0,0,0.0
62,Jimoh-Aloba,Jamaldeen,Jimoh-Aloba,Aston Villa,AVL,MID,1,2025-08-15T17:30:00Z,2025-08-21T21:40:16Z,4.5,396,644,0.1,4.5,396,644,0.1,0.0,0,0,0.0
63,Young,Kadan,Young,Aston Villa,AVL,MID,1,2025-08-15T17:30:00Z,2025-08-21T21:40:16Z,4.5,5721,8516,0.7,4.5,5721,8516,0.7,0.0,0,0,0.0
64,Watkins,Ollie,Watkins,Aston Villa,AVL,FWD,1,2025-08-15T17:30:00Z,2025-08-21T21:40:16Z,9.0,109381,232178,25.4,9.0,109381,232178,25.4,0.0,0,0,0.0
65,Redmond,Zépiqueno,Redmond,Aston Villa,AVL,FWD,1,2025-08-15T17:30:00Z,2025-08-21T21:40:16Z,4.5,9377,10483,0.9,4.5,9377,10483,0.9,0.0,0,0,0.0
677,Guessand,Evann,Guessand,Aston Villa,AVL,MID,1,2025-08-15T17:30:00Z,2025-08-21T21:40:16Z,6.5,320,1655,0.1,6.5,320,1655,0.1,0.0,0,0,0.0
688,Wright,James,Wright,Aston Villa,AVL,GK,1,2025-08-15T17:30:00Z,2025-08-21T21:40:16Z,4.0,10543,1267,0.4,4.0,10543,1267,0.4,0.0,0,0,0.0
183,Weiss,Max,Weiß,Burnley,BUR,GK,1,2025-08-15T17:30:00Z,2025-08-21T21:40:16Z,4.5,567,1709,0.2,4.5,567,1709,0.2,0.0,0,0,0.0
184,Green,Etienne,Green,Burnley,BUR,GK,1,2025-08-15T17:30:00Z,2025-08-21T21:40:16Z,4.0,2061,2080,0.4,4.0,2061,2080,0.4,0.0,0,0,0.0
185,Hladký,Václav,Hladký,Burnley,BUR,GK,1,2025-08-15T17:30:00Z,2025-08-21T21:40:16Z,4.0,644,1183,0.2,4.0,644,1183,0.2,0.0,0,0,0.0
186,Roberts,Connor,Roberts,Burnley,BUR,DEF,1,2025-08-15T17:30:00Z,2025-08-21T21:40:16Z,4.5,377,1177,0.1,4.5,377,1177,0.1,0.0,0,0,0.0
187,Walker,Kyle,Walker,Burnley,BUR,DEF,1,2025-08-15T17:30:00Z,2025-08-21T21:40:16Z,4.5,13130,17063,1.9,4.5,13130,17063,1.9,0.0,0,0,0.0
188,Delcroix,Hannes,Delcroix,Burnley,BUR,DEF,1,2025-08-15T17:30:00Z,2025-08-21T21:40:16Z,4.0,1003,2671,0.3,4.0,1003,2671,0.3,0.0,0,0,0.0
189,Dodgson,Owen,Dodgson,Burnley,BUR,DEF,1,2025-08-15T17:30:00Z,2025-08-21T21:40:16Z,4.0,0,760,0.0,4.0,0,760,0.0,0.0,0,0,0.0
190,Ekdal,Hjalmar,Ekdal,Burnley,BUR,DEF,1,2025-08-15T17:30:00Z,2025-08-21T21:40:16Z,4.0,3762,2047,0.3,4.0,3762,2047,0.3,0.0,0,0,0.0
191,Estève,Maxime,Estève,Burnley,BUR,DEF,1,2025-08-15T17:30:00Z,2025-08-21T21:40:16Z,4.0,67443,69580,19.6,4.0,67443,69580,19.6,0.0,0,0,0.0
192,Hartman,Quilindschy,Hartman,Burnley,BUR,DEF,1,2025-08-15T17:30:00Z,2025-08-21T21:40:16Z,4.0,5241,3686,0.5,4.0,5241,3686,0.5,0.0,0,0,0.0
193,Humphreys,Bashir,Humphreys,Burnley,BUR,DEF,1,2025-08-15T17:30:00Z,2025-08-21T21:40:16Z,4.0,103,917,0.1,4.0,103,917,0.1,0.0,0,0,0.0
194,Jordan,Jordan,Beyer,Burnley,BUR,DEF,1,2025-08-15T17:30:00Z,2025-08-21T21:40:16Z,4.0,503,1581,0.2,4.0,503,1581,0.2,0.0,0,0,0.0
195,Lucas Pires,Lucas,Pires Silva,Burnley,BUR,DEF,1,2025-08-15T17:30:00Z,2025-08-21T21:40:16Z,4.0,254,1420,0.2,4.0,254,1420,0.2,0.0,0,0,0.0
196,Sambo,Shurandy,Sambo,Burnley,BUR,DEF,1,2025-08-15T17:30:00Z,2025-08-21T21:40:16Z,4.0,202,1727,0.1,4.0,202,1727,0.1,0.0,0,0,0.0
197,Sonne,Oliver,Sonne,Burnley,BUR,DEF,1,2025-08-15T17:30:00Z,2025-08-21T21:40:16Z,4.0,1271,1142,0.2,4.0,1271,1142,0.2,0.0,0,0,0.0
198,Tuanzebe,Axel,Tuanzebe,Burnley,BUR,DEF,1,2025-08-15T17:30:00Z,2025-08-21T21:40:16Z,4.0,3010,17903,2.3,4.0,3010,17903,2.3,0.0,0,0,0.0
199,Worrall,Joe,Worrall,Burnley,BUR,DEF,1,2025-08-15T17:30:00Z,2025-08-21T21:40:16Z,4.0,294,1248,0.1,4.0,294,1248,0.1,0.0,0,0,0.0
200,Anthony,Jaidon,Anthony,Burnley,BUR,MID,1,2025-08-15T17:30:00Z,2025-08-21T21:40:16Z,5.5,1714,1529,0.1,5.5,1714,1529,0.1,0.0,0,0,0.0
201,Benson,Manuel,Benson Hedilazio,Burnley,BUR,MID,1,2025-08-15T17:30:00Z,2025-08-21T21:40:16Z,5.5,101,381,0.0,5.5,101,381,0.0,0.0,0,0,0.0
202,Bruun Larsen,Jacob,Bruun Larsen,Burnley,BUR,MID,1,2025-08-15T17:30:00Z,2025-08-21T21:40:16Z,5.5,190,645,0.0,5.5,190,645,0.0,0.0,0,0,0.0
203,Boateng,Enock,Agyei,Burnley,BUR,MID,1,2025-08-15T17:30:00Z,2025-08-21T21:40:16Z,5.0,218,792,0.1,5.0,218,792,0.1,0.0,0,0,0.0
204,Churlinov,Darko,Churlinov,Burnley,BUR,MID,1,2025-08-15T17:30:00Z,2025-08-21T21:40:16Z,5.0,39,324,0.0,5.0,39,324,0.0,0.0,0,0,0.0
205,Cullen,Josh,Cullen,Burnley,BUR,MID,1,2025-08-15T17:30:00Z,2025-08-21T21:40:16Z,5.0,2371,797,0.1,5.0,2371,797,0.1,0.0,0,0,0.0
206,Edwards,Marcus,Edwards,Burnley,BUR,MID,1,2025-08-15T17:30:00Z,2025-08-21T21:40:16Z,5.0,237,1297,0.1,5.0,237,1297,0.1,0.0,0,0,0.0
207,Hannibal,Hannibal,Mejbri,Burnley,BUR,MID,1,2025-08-15T17:30:00Z,2025-08-21T21:40:16Z,5.0,773,1667,0.1,5.0,773,1667,0.1,0.0,0,0,0.0
208,Koleosho,Luca,Koleosho,Burnley,BUR,MID,1,2025-08-15T17:30:00Z,2025-08-21T21:40:16Z,5.0,61,530,0.0,5.0,61,530,0.0,0.0,0,0,0.0
209,Laurent,Josh,Laurent,Burnley,BUR,MID,1,2025-08-15T17:30:00Z,2025-08-21T21:40:16Z,5.0,164,317,0.0,5.0,164,317,0.0,0.0,0,0,0.0
210,Tchaouna,Loum,Tchaouna,Burnley,BUR,MID,1,2025-08-15T17:30:00Z,2025-08-21T21:40:16Z,5.0,43,319,0.0,5.0,43,319,0.0,0.0,0,0,0.0
211,A.Ramsey,Aaron,Ramsey,Burnley,BUR,MID,1,2025-08-15T17:30:00Z,2025-08-21T21:40:16Z,4.5,30216,86566,9.1,4.5,30216,86566,9.1,0.0,0,0,0.0
212,Adewumi,Oluwaseun,Adewumi,Burnley,BUR,MID,1,2025-08-15T17:30:00Z,2025-08-21T21:40:16Z,4.5,0,911,0.0,4.5,0,911,0.0,0.0,0,0,0.0
213,Banel,Jaydon,Banel,Burnley,BUR,MID,1,2025-08-15T17:30:00Z,2025-08-21T21:40:16Z,4.5,204,446,0.0,4.5,204,446,0.0,0.0,0,0,0.0
214,Trésor,Mike,Trésor Ndayishimiye,Burnley,BUR,MID,1,2025-08-15T17:30:00Z,2025-08-21T21:40:16Z,4.5,359,865,0.1,4.5,359,865,0.1,0.0,0,0,0.0
215,Flemming,Zian,Flemming,Burnley,BUR,FWD,1,2025-08-15T17:30:00Z,2025-08-21T21:40:16Z,5.5,1525,2586,0.2,5.5,1525,2586,0.2,0.0,0,0,0.0
216,Amdouni,Zeki,Amdouni,Burnley,BUR,FWD,1,2025-08-15T17:30:00Z,2025-08-21T21:40:16Z,5.0,123,1711,0.0,5.0,123,1711,0.0,0.0,0,0,0.0
217,Foster,Lyle,Foster,Burnley,BUR,FWD,1,2025-08-15T17:30:00Z,2025-08-21T21:40:16Z,5.0,17792,7952,0.5,5.0,17792,7952,0.5,0.0,0,0,0.0
218,Barnes,Ashley,Barnes,Burnley,BUR,FWD,1,2025-08-15T17:30:00Z,2025-08-21T21:40:16Z,4.5,10441,22677,2.4,4.5,10441,22677,2.4,0.0,0,0,0.0
219,Obafemi,Michael,Obafemi,Burnley,BUR,FWD,1,2025-08-15T17:30:00Z,2025-08-21T21:40:16Z,4.5,1895,3963,0.4,4.5,1895,3963,0.4,0.0,0,0,0.0
470,Dúbravka,Martin,Dúbravka,Burnley,BUR,GK,1,2025-08-15T17:30:00Z,2025-08-21T21:40:16Z,4.0,116731,35689,34.6,4.0,116731,35689,34.6,0.0,0,0,0.0
676,Ugochukwu,Lesley,Ugochukwu,Burnley,BUR,MID,1,2025-08-15T17:30:00Z,2025-08-21T21:40:16Z,5.0,223,524,0.0,5.0,223,524,0.0,0.0,0,0,0.0
680,Broja,Armando,Broja,Burnley,BUR,FWD,1,2025-08-15T17:30:00Z,2025-08-21T21:40:16Z,5.5,2155,3476,0.2,5.5,2155,3476,0.2,0.0,0,0,0.0
66,Neto,Norberto,Murara Neto,Bournemouth,BOU,GK,1,2025-08-15T17:30:00Z,2025-08-21T21:40:16Z,4.5,0,5558,0.2,4.5,0,5558,0.2,0.0,0,0,0.0
67,Petrović,Đorđe,Petrović,Bournemouth,BOU,GK,1,2025-08-15T17:30:00Z,2025-08-21T21:40:16Z,4.5,45880,19916,3.5,4.5,45880,19916,3.5,0.0,0,0,0.0
68,Dennis,Will,Dennis,Bournemouth,BOU,GK,1,2025-08-15T17:30:00Z,2025-08-21T21:40:16Z,4.0,6658,4190,1.1,4.0,6658,4190,1.1,0.0,0,0,0.0
69,McKenna,Callan,McKenna,Bournemouth,BOU,GK,1,2025-08-15T17:30:00Z,2025-08-21T21:40:16Z,4.0,893,897,0.2,4.0,893,897,0.2,0.0,0,0,0.0
70,Paulsen,Alex,Paulsen,Bournemouth,BOU,GK,1,2025-08-15T17:30:00Z,2025-08-21T21:40:16Z,4.0,636,673,0.1,4.0,636,673,0.1,0.0,0,0,0.0
71,Zabarnyi,Illia,Zabarnyi,Bournemouth,BOU,DEF,1,2025-08-15T17:30:00Z,2025-08-21T21:40:16Z,5.0,0,4490,0.1,5.0,0,4490,0.1,0.0,0,0,0.0
72,Senesi,Marcos,Senesi Barón,Bournemouth,BOU,DEF,1,2025-08-15T17:30:00Z,2025-08-21T21:40:16Z,4.5,34444,8316,1.2,4.5,34444,8316,1.2,0.0,0,0,0.0
73,Smith,Adam,Smith,Bournemouth,BOU,DEF,1,2025-08-15T17:30:00Z,2025-08-21T21:40:16Z,4.5,8962,2758,0.4,4.5,8962,2758,0.4,0.0,0,0,0.0
74,Truffert,Adrien,Truffert,Bournemouth,BOU,DEF,1,2025-08-15T17:30:00Z,2025-08-21T21:40:16Z,4.5,27942,7897,1.0,4.5,27942,7897,1.0,0.0,0,0,0.0
75,Akinmboni,Matai,Akinmboni,Bournemouth,BOU,DEF,1,2025-08-15T17:30:00Z,2025-08-21T21:40:16Z,4.0,1800,2477,0.3,4.0,1800,2477,0.3,0.0,0,0,0.0
76,Bevan,Owen,Bevan,Bournemouth,BOU,DEF,1,2025-08-15T17:30:00Z,2025-08-21T21:40:16Z,4.0,591,1477,0.2,4.0,591,1477,0.2,0.0,0,0,0.0
77,Hill,James,Hill,Bournemouth,BOU,DEF,1,2025-08-15T17:30:00Z,2025-08-21T21:40:16Z,4.0,9156,6280,0.8,4.0,9156,6280,0.8,0.0,0,0,0.0
78,J.Araujo,Julián,Araujo Zúñiga,Bournemouth,BOU,DEF,1,2025-08-15T17:30:00Z,2025-08-21T21:40:16Z,4.0,6001,10114,1.3,4.0,6001,10114,1.3,0.0,0,0,0.0
79,Mepham,Chris,Mepham,Bournemouth,BOU,DEF,1,2025-08-15T17:30:00Z,2025-08-21T21:40:16Z,4.0,536,1563,0.2,4.0,536,1563,0.2,0.0,0,0,0.0
80,Soler,Julio,Soler Barreto,Bournemouth,BOU,DEF,1,2025-08-15T17:30:00Z,2025-08-21T21:40:16Z,4.0,1134,2207,0.3,4.0,1134,2207,0.3,0.0,0,0,0.0
81,Kluivert,Justin,Kluivert,Bournemouth,BOU,MID,1,2025-08-15T17:30:00Z,2025-08-21T21:40:16Z,7.0,277,32325,0.6,7.0,277,32325,0.6,0.0,0,0,0.0
82,Semenyo,Antoine,Semenyo,Bournemouth,BOU,MID,1,2025-08-15T17:30:00Z,2025-08-21T21:40:16Z,7.1,694112,38212,14.1,7.1,694112,38212,14.1,0.0,0,0,0.0
84,Tavernier,Marcus,Tavernier,Bournemouth,BOU,MID,1,2025-08-15T17:30:00Z,2025-08-21T21:40:16Z,5.5,17776,6671,0.5,5.5,17776,6671,0.5,0.0,0,0,0.0
85,Adams,Tyler,Adams,Bournemouth,BOU,MID,1,2025-08-15T17:30:00Z,2025-08-21T21:40:16Z,5.0,5974,3615,0.3,5.0,5974,3615,0.3,0.0,0,0,0.0
86,Brooks,David,Brooks,Bournemouth,BOU,MID,1,2025-08-15T17:30:00Z,2025-08-21T21:40:16Z,5.0,9176,2855,0.2,5.0,9176,2855,0.2,0.0,0,0,0.0
87,Christie,Ryan,Christie,Bournemouth,BOU,MID,1,2025-08-15T17:30:00Z,2025-08-21T21:40:16Z,5.0,67,2124,0.1,5.0,67,2124,0.1,0.0,0,0,0.0
88,Cook,Lewis,Cook,Bournemouth,BOU,MID,1,2025-08-15T17:30:00Z,2025-08-21T21:40:16Z,5.0,39,276,0.0,5.0,39,276,0.0,0.0,0,0,0.0
89,Philip,Philip,Billing,Bournemouth,BOU,MID,1,2025-08-15T17:30:00Z,2025-08-21T21:40:16Z,5.0,350,1212,0.1,5.0,350,1212,0.1,0.0,0,0,0.0
90,Scott,Alex,Scott,Bournemouth,BOU,MID,1,2025-08-15T17:30:00Z,2025-08-21T21:40:16Z,5.0,1088,1071,0.1,5.0,1088,1071,0.1,0.0,0,0,0.0
91,Sinisterra,Luis,Sinisterra Lucumí,Bournemouth,BOU,MID,1,2025-08-15T17:30:00Z,2025-08-21T21:40:16Z,5.0,93,1100,0.0,5.0,93,1100,0.0,0.0,0,0,0.0
92,Faivre,Romain,Faivre,Bournemouth,BOU,MID,1,2025-08-15T17:30:00Z,2025-08-21T21:40:16Z,4.5,1469,2439,0.2,4.5,1469,2439,0.2,0.0,0,0,0.0
93,H.Traorè,Hamed,Traorè,Bournemouth,BOU,MID,1,2025-08-15T17:30:00Z,2025-08-21T21:40:16Z,4.5,63563,15307,1.1,4.5,63563,15307,1.1,0.0,0,0,0.0
94,Sadi,Dominic,Sadi,Bournemouth,BOU,MID,1,2025-08-15T17:30:00Z,2025-08-21T21:40:16Z,4.5,418,714,0.1,4.5,418,714,0.1,0.0,0,0,0.0
95,Silcott-Duberry,Zain,Silcott-Duberry,Bournemouth,BOU,MID,1,2025-08-15T17:30:00Z,2025-08-21T21:40:16Z,4.5,304,962,0.1,4.5,304,962,0.1,0.0,0,0,0.0
96,Winterburn,Ben,Winterburn,Bournemouth,BOU,MID,1,2025-08-15T17:30:00Z,2025-08-21T21:40:16Z,4.5,1675,1039,0.1,4.5,1675,1039,0.1,0.0,0,0,0.0
97,Evanilson,Francisco Evanilson,de Lima Barbosa,Bournemouth,BOU,FWD,1,2025-08-15T17:30:00Z,2025-08-21T21:40:16Z,7.0,58876,28910,2.4,7.0,58876,28910,2.4,0.0,0,0,0.0
98,Enes Ünal,Enes,Ünal,Bournemouth,BOU,FWD,1,2025-08-15T17:30:00Z,2025-08-21T21:40:16Z,5.5,119,273,0.0,5.5,119,273,0.0,0.0,0,0,0.0
99,Adu-Adjei,Daniel,Adu-Adjei,Bournemouth,BOU,FWD,1,2025-08-15T17:30:00Z,2025-08-21T21:40:16Z,4.5,2847,3806,0.3,4.5,2847,3806,0.3,0.0,0,0,0.0
100,Kroupi.Jr,Eli Junior,Kroupi,Bournemouth,BOU,FWD,1,2025-08-15T17:30:00Z,2025-08-21T21:40:16Z,4.5,38449,15783,1.3,4.5,38449,15783,1.3,0.0,0,0,0.0
391,Gannon-Doak,Ben,Gannon-Doak,Bournemouth,BOU,MID,1,2025-08-15T17:30:00Z,2025-08-21T21:40:16Z,5.0,1745,863,0.1,5.0,1745,863,0.1,0.0,0,0,0.0
685,Diakité,Bafodé,Diakité,Bournemouth,BOU,DEF,1,2025-08-15T17:30:00Z,2025-08-21T21:40:16Z,4.5,5302,1578,0.2,4.5,5302,1578,0.2,0.0,0,0,0.0
687,Rees-Dottin,Remy,Rees-Dottin,Bournemouth,BOU,MID,1,2025-08-15T17:30:00Z,2025-08-21T21:40:16Z,4.5,4227,1397,0.1,4.5,4227,1397,0.1,0.0,0,0,0.0
697,Adli,Amine,Adli,Bournemouth,BOU,MID,1,2025-08-15T17:30:00Z,2025-08-21T21:40:16Z,5.5,188,19,0.0,5.5,188,19,0.0,0.0,0,0,0.0
83,O.Dango,Dango,Ouattara,Brentford,BRE,MID,1,2025-08-15T17:30:00Z,2025-08-21T21:40:16Z,6.0,653,2469,0.1,6.0,653,2469,0.1,0.0,0,0,0.0
101,Kelleher,Caoimhín,Kelleher,Brentford,BRE,GK,1,2025-08-15T17:30:00Z,2025-08-21T21:40:16Z,4.5,21990,67143,10.4,4.5,21990,67143,10.4,0.0,0,0,0.0
102,Balcombe,Ellery,Balcombe,Brentford,BRE,GK,1,2025-08-15T17:30:00Z,2025-08-21T21:40:16Z,4.0,1723,1486,0.3,4.0,1723,1486,0.3,0.0,0,0,0.0
103,Cox,Matthew,Cox,Brentford,BRE,GK,1,2025-08-15T17:30:00Z,2025-08-21T21:40:16Z,4.0,611,729,0.2,4.0,611,729,0.2,0.0,0,0,0.0
104,Eyestone,Julian,Eyestone,Brentford,BRE,GK,1,2025-08-15T17:30:00Z,2025-08-21T21:40:16Z,4.0,235,426,0.1,4.0,235,426,0.1,0.0,0,0,0.0
105,Valdimarsson,Hákon Rafn,Valdimarsson,Brentford,BRE,GK,1,2025-08-15T17:30:00Z,2025-08-21T21:40:16Z,4.0,1494,4197,1.0,4.0,1494,4197,1.0,0.0,0,0,0.0
106,Collins,Nathan,Collins,Brentford,BRE,DEF,1,2025-08-15T17:30:00Z,2025-08-21T21:40:16Z,5.0,4048,16565,1.6,5.0,4048,16565,1.6,0.0,0,0,0.0
107,Lewis-Potter,Keane,Lewis-Potter,Brentford,BRE,DEF,1,2025-08-15T17:30:00Z,2025-08-21T21:40:16Z,5.0,2284,3562,0.4,5.0,2284,3562,0.4,0.0,0,0,0.0
108,Ajer,Kristoffer,Ajer,Brentford,BRE,DEF,1,2025-08-15T17:30:00Z,2025-08-21T21:40:16Z,4.5,835,1998,0.2,4.5,835,1998,0.2,0.0,0,0,0.0
109,Henry,Rico,Henry,Brentford,BRE,DEF,1,2025-08-15T17:30:00Z,2025-08-21T21:40:16Z,4.5,976,1254,0.2,4.5,976,1254,0.2,0.0,0,0,0.0
110,Kayode,Michael,Kayode,Brentford,BRE,DEF,1,2025-08-15T17:30:00Z,2025-08-21T21:40:16Z,4.5,940,1463,0.2,4.5,940,1463,0.2,0.0,0,0,0.0
111,Pinnock,Ethan,Pinnock,Brentford,BRE,DEF,1,2025-08-15T17:30:00Z,2025-08-21T21:40:16Z,4.5,578,3644,0.2,4.5,578,3644,0.2,0.0,0,0,0.0
112,Roerslev,Mads,Roerslev Rasmussen,Brentford,BRE,DEF,1,2025-08-15T17:30:00Z,2025-08-21T21:40:16Z,4.5,183,562,0.0,4.5,183,562,0.0,0.0,0,0,0.0
113,Van den Berg,Sepp,van den Berg,Brentford,BRE,DEF,1,2025-08-15T17:30:00Z,2025-08-21T21:40:16Z,4.5,3866,2868,0.4,4.5,3866,2868,0.4,0.0,0,0,0.0
114,Arthur,Benjamin,Arthur,Brentford,BRE,DEF,1,2025-08-15T17:30:00Z,2025-08-21T21:40:16Z,4.0,1412,2324,0.3,4.0,1412,2324,0.3,0.0,0,0,0.0
115,Fredrick,Benjamin,Fredrick,Brentford,BRE,DEF,1,2025-08-15T17:30:00Z,2025-08-21T21:40:16Z,4.0,501,1285,0.2,4.0,501,1285,0.2,0.0,0,0,0.0
116,Hickey,Aaron,Hickey,Brentford,BRE,DEF,1,2025-08-15T17:30:00Z,2025-08-21T21:40:16Z,4.0,1457,3131,0.5,4.0,1457,3131,0.5,0.0,0,0,0.0
117,Ji-soo,Kim,Ji-soo,Brentford,BRE,DEF,1,2025-08-15T17:30:00Z,2025-08-21T21:40:16Z,4.0,355,1281,0.2,4.0,355,1281,0.2,0.0,0,0,0.0
118,Meghoma,Jayden,Meghoma,Brentford,BRE,DEF,1,2025-08-15T17:30:00Z,2025-08-21T21:40:16Z,4.0,279,1976,0.1,4.0,279,1976,0.1,0.0,0,0,0.0
120,Schade,Kevin,Schade,Brentford,BRE,MID,1,2025-08-15T17:30:00Z,2025-08-21T21:40:16Z,7.0,1214,4306,0.3,7.0,1214,4306,0.3,0.0,0,0,0.0
121,Damsgaard,Mikkel,Damsgaard,Brentford,BRE,MID,1,2025-08-15T17:30:00Z,2025-08-21T21:40:16Z,6.0,1657,21124,0.9,6.0,1657,21124,0.9,0.0,0,0,0.0
122,Milambo,Antoni,Milambo,Brentford,BRE,MID,1,2025-08-15T17:30:00Z,2025-08-21T21:40:16Z,5.5,353,920,0.1,5.5,353,920,0.1,0.0,0,0,0.0
123,Carvalho,Fábio,Freitas Gouveia Carvalho,Brentford,BRE,MID,1,2025-08-15T17:30:00Z,2025-08-21T21:40:16Z,5.0,2361,3646,0.3,5.0,2361,3646,0.3,0.0,0,0,0.0
124,Henderson,Jordan,Henderson,Brentford,BRE,MID,1,2025-08-15T17:30:00Z,2025-08-21T21:40:16Z,5.0,1398,3840,0.3,5.0,1398,3840,0.3,0.0,0,0,0.0
125,Janelt,Vitaly,Janelt,Brentford,BRE,MID,1,2025-08-15T17:30:00Z,2025-08-21T21:40:16Z,5.0,26,522,0.0,5.0,26,522,0.0,0.0,0,0,0.0
126,Jensen,Mathias,Jensen,Brentford,BRE,MID,1,2025-08-15T17:30:00Z,2025-08-21T21:40:16Z,5.0,438,953,0.1,5.0,438,953,0.1,0.0,0,0,0.0
127,Nunes,Gustavo,Nunes Fernandes Gomes,Brentford,BRE,MID,1,2025-08-15T17:30:00Z,2025-08-21T21:40:16Z,5.0,24,298,0.0,5.0,24,298,0.0,0.0,0,0,0.0
128,Onyeka,Frank,Onyeka,Brentford,BRE,MID,1,2025-08-15T17:30:00Z,2025-08-21T21:40:16Z,5.0,1186,595,0.1,5.0,1186,595,0.1,0.0,0,0,0.0
129,Yarmoliuk,Yehor,Yarmoliuk,Brentford,BRE,MID,1,2025-08-15T17:30:00Z,2025-08-21T21:40:16Z,5.0,173,463,0.0,5.0,173,463,0.0,0.0,0,0,0.0
130,Donovan,Romelle,Donovan,Brentford,BRE,MID,1,2025-08-15T17:30:00Z,2025-08-21T21:40:16Z,4.5,918,1303,0.1,4.5,918,1303,0.1,0.0,0,0,0.0
131,Konak,Yunus Emre,Konak,Brentford,BRE,MID,1,2025-08-15T17:30:00Z,2025-08-21T21:40:16Z,4.5,448,1755,0.2,4.5,448,1755,0.2,0.0,0,0,0.0
132,Maghoma,Paris,Maghoma,Brentford,BRE,MID,1,2025-08-15T17:30:00Z,2025-08-21T21:40:16Z,4.5,60,683,0.0,4.5,60,683,0.0,0.0,0,0,0.0
133,Peart-Harris,Myles,Peart-Harris,Brentford,BRE,MID,1,2025-08-15T17:30:00Z,2025-08-21T21:40:16Z,4.5,307,485,0.0,4.5,307,485,0.0,0.0,0,0,0.0
134,Trevitt,Ryan,Trevitt,Brentford,BRE,MID,1,2025-08-15T17:30:00Z,2025-08-21T21:40:16Z,4.5,0,278,0.0,4.5,0,278,0.0,0.0,0,0,0.0
135,Wissa,Yoane,Wissa,Brentford,BRE,FWD,1,2025-08-15T17:30:00Z,2025-08-21T21:40:16Z,7.5,4147,85404,1.8,7.5,4147,85404,1.8,0.0,0,0,0.0
136,Thiago,Igor Thiago,Nascimento Rodrigues,Brentford,BRE,FWD,1,2025-08-15T17:30:00Z,2025-08-21T21:40:16Z,6.0,21040,10196,1.0,6.0,21040,10196,1.0,0.0,0,0,0.0
137,Morgan,Iwan,Morgan,Brentford,BRE,FWD,1,2025-08-15T17:30:00Z,2025-08-21T21:40:16Z,4.5,3581,5289,0.5,4.5,3581,5289,0.5,0.0,0,0,0.0
138,Steele,Jason,Steele,Brighton,BHA,GK,1,2025-08-15T17:30:00Z,2025-08-21T21:40:16Z,4.5,1170,5036,0.5,4.5,1170,5036,0.5,0.0,0,0,0.0
139,Verbruggen,Bart,Verbruggen,Brighton,BHA,GK,1,2025-08-15T17:30:00Z,2025-08-21T21:40:16Z,4.5,28362,42269,7.5,4.5,28362,42269,7.5,0.0,0,0,0.0
140,McGill,Tom,McGill,Brighton,BHA,GK,1,2025-08-15T17:30:00Z,2025-08-21T21:40:16Z,4.0,1826,1935,0.4,4.0,1826,1935,0.4,0.0,0,0,0.0
141,Rushworth,Carl,Rushworth,Brighton,BHA,GK,1,2025-08-15T17:30:00Z,2025-08-21T21:40:16Z,4.0,0,63,0.0,4.0,0,63,0.0,0.0,0,0,0.0
142,Scherpen,Kjell,Scherpen,Brighton,BHA,GK,1,2025-08-15T17:30:00Z,2025-08-21T21:40:16Z,4.0,0,57,0.0,4.0,0,57,0.0,0.0,0,0,0.0
143,Boscagli,Olivier,Boscagli,Brighton,BHA,DEF,1,2025-08-15T17:30:00Z,2025-08-21T21:40:16Z,4.5,627,1806,0.1,4.5,627,1806,0.1,0.0,0,0,0.0
144,Coppola,Diego,Coppola,Brighton,BHA,DEF,1,2025-08-15T17:30:00Z,2025-08-21T21:40:16Z,4.5,194,975,0.1,4.5,194,975,0.1,0.0,0,0,0.0
145,De Cuyper,Maxim,De Cuyper,Brighton,BHA,DEF,1,2025-08-15T17:30:00Z,2025-08-21T21:40:16Z,4.5,25360,34503,6.1,4.5,25360,34503,6.1,0.0,0,0,0.0
146,Dunk,Lewis,Dunk,Brighton,BHA,DEF,1,2025-08-15T17:30:00Z,2025-08-21T21:40:16Z,4.5,11104,7765,1.3,4.5,11104,7765,1.3,0.0,0,0,0.0
147,Estupiñan,Pervis,Estupiñán Tenorio,Brighton,BHA,DEF,1,2025-08-15T17:30:00Z,2025-08-21T21:40:16Z,4.5,0,929,0.0,4.5,0,929,0.0,0.0,0,0,0.0
148,F.Kadıoğlu,Ferdi,Kadıoğlu,Brighton,BHA,DEF,1,2025-08-15T17:30:00Z,2025-08-21T21:40:16Z,4.5,851,3001,0.2,4.5,851,3001,0.2,0.0,0,0,0.0
149,Igor,Igor Julio,dos Santos de Paulo,Brighton,BHA,DEF,1,2025-08-15T17:30:00Z,2025-08-21T21:40:16Z,4.5,293,485,0.1,4.5,293,485,0.1,0.0,0,0,0.0
150,Lamptey,Tariq,Lamptey,Brighton,BHA,DEF,1,2025-08-15T17:30:00Z,2025-08-21T21:40:16Z,4.5,1356,5144,0.4,4.5,1356,5144,0.4,0.0,0,0,0.0
151,Van Hecke,Jan Paul,van Hecke,Brighton,BHA,DEF,1,2025-08-15T17:30:00Z,2025-08-21T21:40:16Z,4.5,5322,7522,1.2,4.5,5322,7522,1.2,0.0,0,0,0.0
152,Veltman,Joël,Veltman,Brighton,BHA,DEF,1,2025-08-15T17:30:00Z,2025-08-21T21:40:16Z,4.5,420,3365,0.2,4.5,420,3365,0.2,0.0,0,0,0.0
153,Webster,Adam,Webster,Brighton,BHA,DEF,1,2025-08-15T17:30:00Z,2025-08-21T21:40:16Z,4.5,72,380,0.0,4.5,72,380,0.0,0.0,0,0,0.0
154,Cashin,Eiran,Cashin,Brighton,BHA,DEF,1,2025-08-15T17:30:00Z,2025-08-21T21:40:16Z,4.0,0,247,0.0,4.0,0,247,0.0,0.0,0,0,0.0
155,Slater,Jacob,Slater,Brighton,BHA,DEF,1,2025-08-15T17:30:00Z,2025-08-21T21:40:16Z,4.0,750,1622,0.2,4.0,750,1622,0.2,0.0,0,0,0.0
156,Tasker,Charlie,Tasker,Brighton,BHA,DEF,1,2025-08-15T17:30:00Z,2025-08-21T21:40:16Z,4.0,528,1346,0.2,4.0,528,1346,0.2,0.0,0,0,0.0
157,Mitoma,Mitoma,Kaoru,Brighton,BHA,MID,1,2025-08-15T17:30:00Z,2025-08-21T21:40:16Z,6.5,17466,90716,6.4,6.5,17466,90716,6.4,0.0,0,0,0.0
158,Georginio,Georginio,Rutter,Brighton,BHA,MID,1,2025-08-15T17:30:00Z,2025-08-21T21:40:16Z,6.0,16061,18226,1.4,6.0,16061,18226,1.4,0.0,0,0,0.0
159,March,Solly,March,Brighton,BHA,MID,1,2025-08-15T17:30:00Z,2025-08-21T21:40:16Z,6.0,43,914,0.0,6.0,43,914,0.0,0.0,0,0,0.0
160,Minteh,Yankuba,Minteh,Brighton,BHA,MID,1,2025-08-15T17:30:00Z,2025-08-21T21:40:16Z,6.0,3964,18787,1.1,6.0,3964,18787,1.1,0.0,0,0,0.0
161,Enciso,Julio,Enciso Espínola,Brighton,BHA,MID,1,2025-08-15T17:30:00Z,2025-08-21T21:40:16Z,5.5,43,1274,0.0,5.5,43,1274,0.0,0.0,0,0,0.0
162,Gruda,Brajan,Gruda,Brighton,BHA,MID,1,2025-08-15T17:30:00Z,2025-08-21T21:40:16Z,5.5,204,765,0.0,5.5,204,765,0.0,0.0,0,0,0.0
163,Hinshelwood,Jack,Hinshelwood,Brighton,BHA,MID,1,2025-08-15T17:30:00Z,2025-08-21T21:40:16Z,5.5,136,2257,0.1,5.5,136,2257,0.1,0.0,0,0,0.0
164,O'Riley,Matt,O'Riley,Brighton,BHA,MID,1,2025-08-15T17:30:00Z,2025-08-21T21:40:16Z,5.5,89602,16952,1.6,5.5,89602,16952,1.6,0.0,0,0,0.0
165,Sima,Abdallah,Sima,Brighton,BHA,MID,1,2025-08-15T17:30:00Z,2025-08-21T21:40:16Z,5.5,109,412,0.0,5.5,109,412,0.0,0.0,0,0,0.0
166,Ayari,Yasin,Ayari,Brighton,BHA,MID,1,2025-08-15T17:30:00Z,2025-08-21T21:40:16Z,5.0,1242,2232,0.2,5.0,1242,2232,0.2,0.0,0,0,0.0
167,Baleba,Carlos,Baleba,Brighton,BHA,MID,1,2025-08-15T17:30:00Z,2025-08-21T21:40:16Z,5.0,25869,45496,4.6,5.0,25869,45496,4.6,0.0,0,0,0.0
168,Buonanotte,Facundo,Buonanotte,Brighton,BHA,MID,1,2025-08-15T17:30:00Z,2025-08-21T21:40:16Z,5.0,199,3297,0.2,5.0,199,3297,0.2,0.0,0,0,0.0
169,Gomez,Diego,Gómez Amarilla,Brighton,BHA,MID,1,2025-08-15T17:30:00Z,2025-08-21T21:40:16Z,5.0,219,816,0.1,5.0,219,816,0.1,0.0,0,0,0.0
170,Milner,James,Milner,Brighton,BHA,MID,1,2025-08-15T17:30:00Z,2025-08-21T21:40:16Z,5.0,624,1421,0.1,5.0,624,1421,0.1,0.0,0,0,0.0
171,Sarmiento,Jeremy,Sarmiento Morante,Brighton,BHA,MID,1,2025-08-15T17:30:00Z,2025-08-21T21:40:16Z,5.0,50,525,0.0,5.0,50,525,0.0,0.0,0,0,0.0
172,Watson,Tom,Watson,Brighton,BHA,MID,1,2025-08-15T17:30:00Z,2025-08-21T21:40:16Z,5.0,118,324,0.0,5.0,118,324,0.0,0.0,0,0,0.0
173,Wieffer,Mats,Wieffer,Brighton,BHA,MID,1,2025-08-15T17:30:00Z,2025-08-21T21:40:16Z,5.0,1156,825,0.1,5.0,1156,825,0.1,0.0,0,0,0.0
174,Yalcouye,Malick,Yalcouyé,Brighton,BHA,MID,1,2025-08-15T17:30:00Z,2025-08-21T21:40:16Z,5.0,0,564,0.0,5.0,0,564,0.0,0.0,0,0,0.0
175,Knight,Joe,Knight,Brighton,BHA,MID,1,2025-08-15T17:30:00Z,2025-08-21T21:40:16Z,4.5,636,1028,0.1,4.5,636,1028,0.1,0.0,0,0,0.0
176,Mazilu,Adrian,Mazilu,Brighton,BHA,MID,1,2025-08-15T17:30:00Z,2025-08-21T21:40:16Z,4.5,246,498,0.0,4.5,246,498,0.0,0.0,0,0,0.0
177,Moran,Andrew,Moran,Brighton,BHA,MID,1,2025-08-15T17:30:00Z,2025-08-21T21:40:16Z,4.5,445,712,0.1,4.5,445,712,0.1,0.0,0,0,0.0
178,Welbeck,Danny,Welbeck,Brighton,BHA,FWD,1,2025-08-15T17:30:00Z,2025-08-21T21:40:16Z,6.5,12725,82012,3.8,6.5,12725,82012,3.8,0.0,0,0,0.0
179,Ferguson,Evan,Ferguson,Brighton,BHA,FWD,1,2025-08-15T17:30:00Z,2025-08-21T21:40:16Z,5.5,0,740,0.0,5.5,0,740,0.0,0.0,0,0,0.0
180,Tzimas,Stefanos,Tzimas,Brighton,BHA,FWD,1,2025-08-15T17:30:00Z,2025-08-21T21:40:16Z,5.5,1179,2750,0.1,5.5,1179,2750,0.1,0.0,0,0,0.0
181,Kostoulas,Charalampos,Kostoulas,Brighton,BHA,FWD,1,2025-08-15T17:30:00Z,2025-08-21T21:40:16Z,5.0,3125,6841,0.4,5.0,3125,6841,0.4,0.0,0,0,0.0
220,Sánchez,Robert,Lynch Sánchez,Chelsea,CHE,GK,1,2025-08-15T17:30:00Z,2025-08-21T21:40:16Z,5.0,122366,70607,25.4,5.0,122366,70607,25.4,0.0,0,0,0.0
221,Jörgensen,Filip,Jörgensen,Chelsea,CHE,GK,1,2025-08-15T17:30:00Z,2025-08-21T21:40:16Z,4.5,688,2407,0.2,4.5,688,2407,0.2,0.0,0,0,0.0
222,Penders,Mike,Penders,Chelsea,CHE,GK,1,2025-08-15T17:30:00Z,2025-08-21T21:40:16Z,4.0,0,105,0.0,4.0,0,105,0.0,0.0,0,0,0.0
223,Slonina,Gabriel,Słonina,Chelsea,CHE,GK,1,2025-08-15T17:30:00Z,2025-08-21T21:40:16Z,4.0,584,796,0.1,4.0,584,796,0.1,0.0,0,0,0.0
224,Cucurella,Marc,Cucurella Saseta,Chelsea,CHE,DEF,1,2025-08-15T17:30:00Z,2025-08-21T21:40:16Z,6.0,235207,69529,21.2,6.0,235207,69529,21.2,0.0,0,0,0.0
225,James,Reece,James,Chelsea,CHE,DEF,1,2025-08-15T17:30:00Z,2025-08-21T21:40:16Z,5.5,55164,30575,5.9,5.5,55164,30575,5.9,0.0,0,0,0.0
226,Chalobah,Trevoh,Chalobah,Chelsea,CHE,DEF,1,2025-08-15T17:30:00Z,2025-08-21T21:40:16Z,5.0,29013,11811,1.3,5.0,29013,11811,1.3,0.0,0,0,0.0
227,Colwill,Levi,Samuels Colwill,Chelsea,CHE,DEF,1,2025-08-15T17:30:00Z,2025-08-21T21:40:16Z,5.0,148,14147,0.3,5.0,148,14147,0.3,0.0,0,0,0.0
228,Gusto,Malo,Gusto,Chelsea,CHE,DEF,1,2025-08-15T17:30:00Z,2025-08-21T21:40:16Z,5.0,9202,25264,1.6,5.0,9202,25264,1.6,0.0,0,0,0.0
229,B.Badiashile,Benoît,Badiashile Mukinayi,Chelsea,CHE,DEF,1,2025-08-15T17:30:00Z,2025-08-21T21:40:16Z,4.5,44,629,0.0,4.5,44,629,0.0,0.0,0,0,0.0
230,Fofana,Wesley,Fofana,Chelsea,CHE,DEF,1,2025-08-15T17:30:00Z,2025-08-21T21:40:16Z,4.5,1020,4172,0.2,4.5,1020,4172,0.2,0.0,0,0,0.0
231,M.Sarr,Mamadou,Sarr,Chelsea,CHE,DEF,1,2025-08-15T17:30:00Z,2025-08-21T21:40:16Z,4.5,0,865,0.0,4.5,0,865,0.0,0.0,0,0,0.0
232,Tosin,Tosin,Adarabioyo,Chelsea,CHE,DEF,1,2025-08-15T17:30:00Z,2025-08-21T21:40:16Z,4.5,5816,21394,1.1,4.5,5816,21394,1.1,0.0,0,0,0.0
233,Acheampong,Josh,Acheampong,Chelsea,CHE,DEF,1,2025-08-15T17:30:00Z,2025-08-21T21:40:16Z,4.0,155334,19671,2.1,4.0,155334,19671,2.1,0.0,0,0,0.0
234,Anselmino,Aarón,Anselmino,Chelsea,CHE,DEF,1,2025-08-15T17:30:00Z,2025-08-21T21:40:16Z,4.0,463,1341,0.1,4.0,463,1341,0.1,0.0,0,0,0.0
235,Palmer,Cole,Palmer,Chelsea,CHE,MID,1,2025-08-15T17:30:00Z,2025-08-21T21:40:16Z,10.5,87662,291187,59.4,10.5,87662,291187,59.4,0.0,0,0,0.0
236,Neto,Pedro,Lomba Neto,Chelsea,CHE,MID,1,2025-08-15T17:30:00Z,2025-08-21T21:40:16Z,7.0,18357,42185,3.6,7.0,18357,42185,3.6,0.0,0,0,0.0
237,Enzo,Enzo,Fernández,Chelsea,CHE,MID,1,2025-08-15T17:30:00Z,2025-08-21T21:40:16Z,6.5,13990,46312,3.4,6.5,13990,46312,3.4,0.0,0,0,0.0
238,Estêvão,Estêvão,Almeida de Oliveira Gonçalves,Chelsea,CHE,MID,1,2025-08-15T17:30:00Z,2025-08-21T21:40:16Z,6.5,12248,33904,1.5,6.5,12248,33904,1.5,0.0,0,0,0.0
239,Gittens,Jamie,Bynoe-Gittens,Chelsea,CHE,MID,1,2025-08-15T17:30:00Z,2025-08-21T21:40:16Z,6.5,2087,5959,0.3,6.5,2087,5959,0.3,0.0,0,0,0.0
240,Nkunku,Christopher,Nkunku,Chelsea,CHE,MID,1,2025-08-15T17:30:00Z,2025-08-21T21:40:16Z,6.0,1556,5163,0.2,6.0,1556,5163,0.2,0.0,0,0,0.0
241,Caicedo,Moisés,Caicedo Corozo,Chelsea,CHE,MID,1,2025-08-15T17:30:00Z,2025-08-21T21:40:16Z,5.5,39631,54329,5.5,5.5,39631,54329,5.5,0.0,0,0,0.0
243,George,Tyrique,George,Chelsea,CHE,MID,1,2025-08-15T17:30:00Z,2025-08-21T21:40:16Z,5.0,376,832,0.1,5.0,376,832,0.1,0.0,0,0,0.0
244,Lavia,Roméo,Lavia,Chelsea,CHE,MID,1,2025-08-15T17:30:00Z,2025-08-21T21:40:16Z,5.0,31,873,0.0,5.0,31,873,0.0,0.0,0,0,0.0
245,Mudryk,Mykhailo,Mudryk,Chelsea,CHE,MID,1,2025-08-15T17:30:00Z,2025-08-21T21:40:16Z,5.0,96,186,0.0,5.0,96,186,0.0,0.0,0,0,0.0
246,Andrey Santos,Andrey,Nascimento dos Santos,Chelsea,CHE,MID,1,2025-08-15T17:30:00Z,2025-08-21T21:40:16Z,4.5,5894,4724,0.3,4.5,5894,4724,0.3,0.0,0,0,0.0
247,D.Essugo,Dário,Luís Essugo,Chelsea,CHE,MID,1,2025-08-15T17:30:00Z,2025-08-21T21:40:16Z,4.5,458,737,0.1,4.5,458,737,0.1,0.0,0,0,0.0
248,Paez,Kendry,Páez Andrade,Chelsea,CHE,MID,1,2025-08-15T17:30:00Z,2025-08-21T21:40:16Z,4.5,0,381,0.0,4.5,0,381,0.0,0.0,0,0,0.0
249,João Pedro,João Pedro,Junqueira de Jesus,Chelsea,CHE,FWD,1,2025-08-15T17:30:00Z,2025-08-21T21:40:16Z,7.5,130898,354193,52.1,7.5,130898,354193,52.1,0.0,0,0,0.0
250,Delap,Liam,Delap,Chelsea,CHE,FWD,1,2025-08-15T17:30:00Z,2025-08-21T21:40:16Z,6.5,14697,60710,3.7,6.5,14697,60710,3.7,0.0,0,0,0.0
251,N.Jackson,Nicolas,Jackson,Chelsea,CHE,FWD,1,2025-08-15T17:30:00Z,2025-08-21T21:40:16Z,6.5,2516,1352,0.2,6.5,2516,1352,0.2,0.0,0,0,0.0
672,Hato,Jorrel,Hato,Chelsea,CHE,DEF,1,2025-08-15T17:30:00Z,2025-08-21T21:40:16Z,5.0,1870,5720,0.3,5.0,1870,5720,0.3,0.0,0,0,0.0
253,Henderson,Dean,Henderson,Crystal Palace,CRY,GK,1,2025-08-15T17:30:00Z,2025-08-21T21:40:16Z,5.0,33650,26147,7.3,5.0,33650,26147,7.3,0.0,0,0,0.0
254,Benitez,Walter,Benítez,Crystal Palace,CRY,GK,1,2025-08-15T17:30:00Z,2025-08-21T21:40:16Z,4.0,1722,1976,0.4,4.0,1722,1976,0.4,0.0,0,0,0.0
255,Matthews,Remi,Matthews,Crystal Palace,CRY,GK,1,2025-08-15T17:30:00Z,2025-08-21T21:40:16Z,4.0,352,535,0.1,4.0,352,535,0.1,0.0,0,0,0.0
256,Muñoz,Daniel,Muñoz Mejía,Crystal Palace,CRY,DEF,1,2025-08-15T17:30:00Z,2025-08-21T21:40:16Z,5.5,59230,41638,8.6,5.5,59230,41638,8.6,0.0,0,0,0.0
257,Lacroix,Maxence,Lacroix,Crystal Palace,CRY,DEF,1,2025-08-15T17:30:00Z,2025-08-21T21:40:16Z,5.0,25991,10149,1.3,5.0,25991,10149,1.3,0.0,0,0,0.0
258,Mitchell,Tyrick,Mitchell,Crystal Palace,CRY,DEF,1,2025-08-15T17:30:00Z,2025-08-21T21:40:16Z,5.0,37717,10218,1.7,5.0,37717,10218,1.7,0.0,0,0,0.0
259,Sosa,Borna,Sosa,Crystal Palace,CRY,DEF,1,2025-08-15T17:30:00Z,2025-08-21T21:40:16Z,5.0,737,1689,0.1,5.0,737,1689,0.1,0.0,0,0,0.0
260,Guéhi,Marc,Guéhi,Crystal Palace,CRY,DEF,1,2025-08-15T17:30:00Z,2025-08-21T21:40:16Z,4.5,115617,45640,13.2,4.5,115617,45640,13.2,0.0,0,0,0.0
261,Richards,Chris,Richards,Crystal Palace,CRY,DEF,1,2025-08-15T17:30:00Z,2025-08-21T21:40:16Z,4.5,20826,9244,1.5,4.5,20826,9244,1.5,0.0,0,0,0.0
262,Chadi Riad,Chadi,Riad Dnanou,Crystal Palace,CRY,DEF,1,2025-08-15T17:30:00Z,2025-08-21T21:40:16Z,4.0,63,112,0.0,4.0,63,112,0.0,0.0,0,0,0.0
263,Clyne,Nathaniel,Clyne,Crystal Palace,CRY,DEF,1,2025-08-15T17:30:00Z,2025-08-21T21:40:16Z,4.0,1947,4887,0.7,4.0,1947,4887,0.7,0.0,0,0,0.0
264,Holding,Rob,Holding,Crystal Palace,CRY,DEF,1,2025-08-15T17:30:00Z,2025-08-21T21:40:16Z,4.0,0,1278,0.0,4.0,0,1278,0.0,0.0,0,0,0.0
265,Kporha,Caleb,Kporha,Crystal Palace,CRY,DEF,1,2025-08-15T17:30:00Z,2025-08-21T21:40:16Z,4.0,57,527,0.0,4.0,57,527,0.0,0.0,0,0,0.0
266,Eze,Eberechi,Eze,Crystal Palace,CRY,MID,1,2025-08-15T17:30:00Z,2025-08-21T21:40:16Z,7.5,85592,114653,10.7,7.5,85592,114653,10.7,0.0,0,0,0.0
267,Sarr,Ismaïla,Sarr,Crystal Palace,CRY,MID,1,2025-08-15T17:30:00Z,2025-08-21T21:40:16Z,6.5,21652,52084,4.7,6.5,21652,52084,4.7,0.0,0,0,0.0
268,Doucouré,Cheick,Doucouré,Crystal Palace,CRY,MID,1,2025-08-15T17:30:00Z,2025-08-21T21:40:16Z,5.0,25,91,0.0,5.0,25,91,0.0,0.0,0,0,0.0
269,Esse,Romain,Esse,Crystal Palace,CRY,MID,1,2025-08-15T17:30:00Z,2025-08-21T21:40:16Z,5.0,1595,3717,0.2,5.0,1595,3717,0.2,0.0,0,0,0.0
270,Hughes,Will,Hughes,Crystal Palace,CRY,MID,1,2025-08-15T17:30:00Z,2025-08-21T21:40:16Z,5.0,703,1168,0.1,5.0,703,1168,0.1,0.0,0,0,0.0
271,Kamada,Daichi,Kamada,Crystal Palace,CRY,MID,1,2025-08-15T17:30:00Z,2025-08-21T21:40:16Z,5.0,35,528,0.0,5.0,35,528,0.0,0.0,0,0,0.0
272,Lerma,Jefferson,Lerma Solís,Crystal Palace,CRY,MID,1,2025-08-15T17:30:00Z,2025-08-21T21:40:16Z,5.0,180,721,0.1,5.0,180,721,0.1,0.0,0,0,0.0
273,Wharton,Adam,Wharton,Crystal Palace,CRY,MID,1,2025-08-15T17:30:00Z,2025-08-21T21:40:16Z,5.0,6154,5659,0.6,5.0,6154,5659,0.6,0.0,0,0,0.0
274,Agbinone,Asher,Agbinone,Crystal Palace,CRY,MID,1,2025-08-15T17:30:00Z,2025-08-21T21:40:16Z,4.5,381,662,0.1,4.5,381,662,0.1,0.0,0,0,0.0
275,Ahamada,Naouirou,Ahamada,Crystal Palace,CRY,MID,1,2025-08-15T17:30:00Z,2025-08-21T21:40:16Z,4.5,304,489,0.0,4.5,304,489,0.0,0.0,0,0,0.0
276,Devenny,Justin,Devenny,Crystal Palace,CRY,MID,1,2025-08-15T17:30:00Z,2025-08-21T21:40:16Z,4.5,5404,14866,1.7,4.5,5404,14866,1.7,0.0,0,0,0.0
277,Ebiowei,Malcolm,Ebiowei,Crystal Palace,CRY,MID,1,2025-08-15T17:30:00Z,2025-08-21T21:40:16Z,4.5,0,263,0.0,4.5,0,263,0.0,0.0,0,0,0.0
278,J.Rak-Sakyi,Jesurun,Rak-Sakyi,Crystal Palace,CRY,MID,1,2025-08-15T17:30:00Z,2025-08-21T21:40:16Z,4.5,435,817,0.1,4.5,435,817,0.1,0.0,0,0,0.0
279,M.França,Matheus,França de Oliveira,Crystal Palace,CRY,MID,1,2025-08-15T17:30:00Z,2025-08-21T21:40:16Z,4.5,44,420,0.0,4.5,44,420,0.0,0.0,0,0,0.0
280,Ozoh,David,Ozoh,Crystal Palace,CRY,MID,1,2025-08-15T17:30:00Z,2025-08-21T21:40:16Z,4.5,0,66,0.0,4.5,0,66,0.0,0.0,0,0,0.0
281,Rodney,Kaden,Rodney,Crystal Palace,CRY,MID,1,2025-08-15T17:30:00Z,2025-08-21T21:40:16Z,4.5,317,509,0.0,4.5,317,509,0.0,0.0,0,0,0.0
282,Umeh,Franco,Umeh-Chibueze,Crystal Palace,CRY,MID,1,2025-08-15T17:30:00Z,2025-08-21T21:40:16Z,4.5,176,342,0.0,4.5,176,342,0.0,0.0,0,0,0.0
283,Mateta,Jean-Philippe,Mateta,Crystal Palace,CRY,FWD,1,2025-08-15T17:30:00Z,2025-08-21T21:40:16Z,7.5,62212,89453,8.9,7.5,62212,89453,8.9,0.0,0,0,0.0
284,Nketiah,Eddie,Nketiah,Crystal Palace,CRY,FWD,1,2025-08-15T17:30:00Z,2025-08-21T21:40:16Z,5.5,328,12756,0.3,5.5,328,12756,0.3,0.0,0,0,0.0
285,Édouard,Odsonne,Édouard,Crystal Palace,CRY,FWD,1,2025-08-15T17:30:00Z,2025-08-21T21:40:16Z,5.0,5040,11769,0.9,5.0,5040,11769,0.9,0.0,0,0,0.0
286,Marsh,Zach,Marsh,Crystal Palace,CRY,FWD,1,2025-08-15T17:30:00Z,2025-08-21T21:40:16Z,4.5,1892,3099,0.3,4.5,1892,3099,0.3,0.0,0,0,0.0
690,Cardines,Rio,Cardines,Crystal Palace,CRY,MID,1,2025-08-15T17:30:00Z,2025-08-21T21:40:16Z,4.5,8157,2066,0.2,4.5,8157,2066,0.2,0.0,0,0,0.0
242,Dewsbury-Hall,Kiernan,Dewsbury-Hall,Everton,EVE,MID,1,2025-08-15T17:30:00Z,2025-08-21T21:40:16Z,5.0,16855,36539,4.4,5.0,16855,36539,4.4,0.0,0,0,0.0
287,Pickford,Jordan,Pickford,Everton,EVE,GK,1,2025-08-15T17:30:00Z,2025-08-21T21:40:16Z,5.5,19189,68843,10.7,5.5,19189,68843,10.7,0.0,0,0,0.0
288,Travers,Mark,Travers,Everton,EVE,GK,1,2025-08-15T17:30:00Z,2025-08-21T21:40:16Z,4.5,366,1143,0.2,4.5,366,1143,0.2,0.0,0,0,0.0
289,Tyrer,Harry,Tyrer,Everton,EVE,GK,1,2025-08-15T17:30:00Z,2025-08-21T21:40:16Z,4.0,439,686,0.1,4.0,439,686,0.1,0.0,0,0,0.0
290,Branthwaite,Jarrad,Branthwaite,Everton,EVE,DEF,1,2025-08-15T17:30:00Z,2025-08-21T21:40:16Z,5.5,186,28432,0.5,5.5,186,28432,0.5,0.0,0,0,0.0
291,Tarkowski,James,Tarkowski,Everton,EVE,DEF,1,2025-08-15T17:30:00Z,2025-08-21T21:40:16Z,5.5,24432,38217,6.8,5.5,24432,38217,6.8,0.0,0,0,0.0
292,Mykolenko,Vitalii,Mykolenko,Everton,EVE,DEF,1,2025-08-15T17:30:00Z,2025-08-21T21:40:16Z,5.0,674,13297,0.8,5.0,674,13297,0.8,0.0,0,0,0.0
293,O'Brien,Jake,O'Brien,Everton,EVE,DEF,1,2025-08-15T17:30:00Z,2025-08-21T21:40:16Z,5.0,2916,4712,0.6,5.0,2916,4712,0.6,0.0,0,0,0.0
294,Coleman,Séamus,Coleman,Everton,EVE,DEF,1,2025-08-15T17:30:00Z,2025-08-21T21:40:16Z,4.5,792,1757,0.2,4.5,792,1757,0.2,0.0,0,0,0.0
295,Keane,Michael,Keane,Everton,EVE,DEF,1,2025-08-15T17:30:00Z,2025-08-21T21:40:16Z,4.5,2552,2911,0.4,4.5,2552,2911,0.4,0.0,0,0,0.0
296,Patterson,Nathan,Patterson,Everton,EVE,DEF,1,2025-08-15T17:30:00Z,2025-08-21T21:40:16Z,4.5,51,535,0.0,4.5,51,535,0.0,0.0,0,0,0.0
297,Dixon,Roman,Dixon,Everton,EVE,DEF,1,2025-08-15T17:30:00Z,2025-08-21T21:40:16Z,4.0,935,1864,0.2,4.0,935,1864,0.2,0.0,0,0,0.0
298,Welch,Reece,Welch,Everton,EVE,DEF,1,2025-08-15T17:30:00Z,2025-08-21T21:40:16Z,4.0,411,1271,0.2,4.0,411,1271,0.2,0.0,0,0,0.0
299,Ndiaye,Iliman,Ndiaye,Everton,EVE,MID,1,2025-08-15T17:30:00Z,2025-08-21T21:40:16Z,6.5,21528,149848,10.1,6.5,21528,149848,10.1,0.0,0,0,0.0
300,McNeil,Dwight,McNeil,Everton,EVE,MID,1,2025-08-15T17:30:00Z,2025-08-21T21:40:16Z,6.0,917,8646,0.3,6.0,917,8646,0.3,0.0,0,0,0.0
301,Alcaraz,Carlos,Alcaraz Durán,Everton,EVE,MID,1,2025-08-15T17:30:00Z,2025-08-21T21:40:16Z,5.5,698,2183,0.2,5.5,698,2183,0.2,0.0,0,0,0.0
302,Gana,Idrissa Gana,Gueye,Everton,EVE,MID,1,2025-08-15T17:30:00Z,2025-08-21T21:40:16Z,5.5,382,1447,0.1,5.5,382,1447,0.1,0.0,0,0,0.0
303,Garner,James,Garner,Everton,EVE,MID,1,2025-08-15T17:30:00Z,2025-08-21T21:40:16Z,5.0,377,1090,0.1,5.0,377,1090,0.1,0.0,0,0,0.0
304,Iroegbunam,Tim,Iroegbunam,Everton,EVE,MID,1,2025-08-15T17:30:00Z,2025-08-21T21:40:16Z,5.0,91,341,0.0,5.0,91,341,0.0,0.0,0,0,0.0
305,Armstrong,Harrison,Armstrong,Everton,EVE,MID,1,2025-08-15T17:30:00Z,2025-08-21T21:40:16Z,4.5,457,2120,0.1,4.5,457,2120,0.1,0.0,0,0,0.0
306,Bates,Callum,Bates,Everton,EVE,MID,1,2025-08-15T17:30:00Z,2025-08-21T21:40:16Z,4.5,718,1023,0.1,4.5,718,1023,0.1,0.0,0,0,0.0
307,Ebere,Coby,Ebere,Everton,EVE,MID,1,2025-08-15T17:30:00Z,2025-08-21T21:40:16Z,4.5,282,450,0.0,4.5,282,450,0.0,0.0,0,0,0.0
308,Heath,Isaac,Heath,Everton,EVE,MID,1,2025-08-15T17:30:00Z,2025-08-21T21:40:16Z,4.5,244,446,0.0,4.5,244,446,0.0,0.0,0,0,0.0
309,Metcalfe,Jenson,Metcalfe,Everton,EVE,MID,1,2025-08-15T17:30:00Z,2025-08-21T21:40:16Z,4.5,0,45,0.0,4.5,0,45,0.0,0.0,0,0,0.0
310,Barry,Thierno,Barry,Everton,EVE,FWD,1,2025-08-15T17:30:00Z,2025-08-21T21:40:16Z,6.0,3957,11953,0.7,6.0,3957,11953,0.7,0.0,0,0,0.0
311,Beto,Norberto Bercique,Gomes Betuncal,Everton,EVE,FWD,1,2025-08-15T17:30:00Z,2025-08-21T21:40:16Z,5.5,34294,89315,7.9,5.5,34294,89315,7.9,0.0,0,0,0.0
312,Y.Chermiti,Youssef,Ramalho Chermiti,Everton,EVE,FWD,1,2025-08-15T17:30:00Z,2025-08-21T21:40:16Z,5.0,1064,2295,0.2,5.0,1064,2295,0.2,0.0,0,0,0.0
313,Sherif,Martin,Sherif,Everton,EVE,FWD,1,2025-08-15T17:30:00Z,2025-08-21T21:40:16Z,4.5,1618,2656,0.2,4.5,1618,2656,0.2,0.0,0,0,0.0
419,Grealish,Jack,Grealish,Everton,EVE,MID,1,2025-08-15T17:30:00Z,2025-08-21T21:40:16Z,6.5,13604,44078,3.3,6.5,13604,44078,3.3,0.0,0,0,0.0
630,King,Tom,King,Everton,EVE,GK,1,2025-08-15T17:30:00Z,2025-08-21T21:40:16Z,4.0,2714,6263,1.5,4.0,2714,6263,1.5,0.0,0,0,0.0
667,Aznou,Adam,Aznou,Everton,EVE,DEF,1,2025-08-15T17:30:00Z,2025-08-21T21:40:16Z,4.5,418,1552,0.1,4.5,418,1552,0.1,0.0,0,0,0.0
314,Leno,Bernd,Leno,Fulham,FUL,GK,1,2025-08-15T17:30:00Z,2025-08-21T21:40:16Z,5.0,3479,11727,1.6,5.0,3479,11727,1.6,0.0,0,0,0.0
315,Benda,Steven,Benda,Fulham,FUL,GK,1,2025-08-15T17:30:00Z,2025-08-21T21:40:16Z,4.0,0,90,0.0,4.0,0,90,0.0,0.0,0,0,0.0
316,Robinson,Antonee,Robinson,Fulham,FUL,DEF,1,2025-08-15T17:30:00Z,2025-08-21T21:40:16Z,5.0,391,28294,0.7,5.0,391,28294,0.7,0.0,0,0,0.0
317,Andersen,Joachim,Andersen,Fulham,FUL,DEF,1,2025-08-15T17:30:00Z,2025-08-21T21:40:16Z,4.5,7481,11530,2.9,4.5,7481,11530,2.9,0.0,0,0,0.0
318,Bassey,Calvin,Bassey,Fulham,FUL,DEF,1,2025-08-15T17:30:00Z,2025-08-21T21:40:16Z,4.5,2526,4447,0.5,4.5,2526,4447,0.5,0.0,0,0,0.0
319,Castagne,Timothy,Castagne,Fulham,FUL,DEF,1,2025-08-15T17:30:00Z,2025-08-21T21:40:16Z,4.5,279,1276,0.1,4.5,279,1276,0.1,0.0,0,0,0.0
320,Diop,Issa,Diop,Fulham,FUL,DEF,1,2025-08-15T17:30:00Z,2025-08-21T21:40:16Z,4.5,250,933,0.1,4.5,250,933,0.1,0.0,0,0,0.0
321,J.Cuenca,Jorge,Cuenca Barreno,Fulham,FUL,DEF,1,2025-08-15T17:30:00Z,2025-08-21T21:40:16Z,4.5,149,369,0.0,4.5,149,369,0.0,0.0,0,0,0.0
322,Tete,Kenny,Tete,Fulham,FUL,DEF,1,2025-08-15T17:30:00Z,2025-08-21T21:40:16Z,4.5,1071,1445,0.2,4.5,1071,1445,0.2,0.0,0,0,0.0
323,Amissah,Samuel,Amissah,Fulham,FUL,DEF,1,2025-08-15T17:30:00Z,2025-08-21T21:40:16Z,4.0,479,1547,0.2,4.0,479,1547,0.2,0.0,0,0,0.0
324,Iwobi,Alex,Iwobi,Fulham,FUL,MID,1,2025-08-15T17:30:00Z,2025-08-21T21:40:16Z,6.5,2614,22168,1.4,6.5,2614,22168,1.4,0.0,0,0,0.0
325,Smith Rowe,Emile,Smith Rowe,Fulham,FUL,MID,1,2025-08-15T17:30:00Z,2025-08-21T21:40:16Z,6.0,2228,19187,0.8,6.0,2228,19187,0.8,0.0,0,0,0.0
326,Adama,Adama,Traoré Diarra,Fulham,FUL,MID,1,2025-08-15T17:30:00Z,2025-08-21T21:40:16Z,5.5,774,4915,0.3,5.5,774,4915,0.3,0.0,0,0,0.0
327,Andreas,Andreas,Hoelgebaum Pereira,Fulham,FUL,MID,1,2025-08-15T17:30:00Z,2025-08-21T21:40:16Z,5.5,822,7234,0.3,5.5,822,7234,0.3,0.0,0,0,0.0
328,Sessegnon,Ryan,Sessegnon,Fulham,FUL,MID,1,2025-08-15T17:30:00Z,2025-08-21T21:40:16Z,5.5,42,748,0.0,5.5,42,748,0.0,0.0,0,0,0.0
329,Wilson,Harry,Wilson,Fulham,FUL,MID,1,2025-08-15T17:30:00Z,2025-08-21T21:40:16Z,5.5,5290,12991,0.9,5.5,5290,12991,0.9,0.0,0,0,0.0
330,Berge,Sander,Berge,Fulham,FUL,MID,1,2025-08-15T17:30:00Z,2025-08-21T21:40:16Z,5.0,197,654,0.1,5.0,197,654,0.1,0.0,0,0,0.0
331,Cairney,Tom,Cairney,Fulham,FUL,MID,1,2025-08-15T17:30:00Z,2025-08-21T21:40:16Z,5.0,68,499,0.0,5.0,68,499,0.0,0.0,0,0,0.0
332,Lukić,Saša,Lukić,Fulham,FUL,MID,1,2025-08-15T17:30:00Z,2025-08-21T21:40:16Z,5.0,173,615,0.1,5.0,173,615,0.1,0.0,0,0,0.0
333,Godo,Martial,Godo,Fulham,FUL,MID,1,2025-08-15T17:30:00Z,2025-08-21T21:40:16Z,4.5,425,854,0.1,4.5,425,854,0.1,0.0,0,0,0.0
334,Harris,Luke,Harris,Fulham,FUL,MID,1,2025-08-15T17:30:00Z,2025-08-21T21:40:16Z,4.5,0,106,0.0,4.5,0,106,0.0,0.0,0,0,0.0
335,King,Josh,King,Fulham,FUL,MID,1,2025-08-15T17:30:00Z,2025-08-21T21:40:16Z,4.5,34256,15464,1.1,4.5,34256,15464,1.1,0.0,0,0,0.0
336,Reed,Harrison,Reed,Fulham,FUL,MID,1,2025-08-15T17:30:00Z,2025-08-21T21:40:16Z,4.5,1058,2884,0.3,4.5,1058,2884,0.3,0.0,0,0,0.0
337,Raúl,Raúl,Jiménez Rodríguez,Fulham,FUL,FWD,1,2025-08-15T17:30:00Z,2025-08-21T21:40:16Z,6.5,5891,30067,2.0,6.5,5891,30067,2.0,0.0,0,0,0.0
338,Muniz,Rodrigo,Muniz Carvalho,Fulham,FUL,FWD,1,2025-08-15T17:30:00Z,2025-08-21T21:40:16Z,5.5,49595,21428,2.4,5.5,49595,21428,2.4,0.0,0,0,0.0
664,Lecomte,Benjamin,Lecomte,Fulham,FUL,GK,1,2025-08-15T17:30:00Z,2025-08-21T21:40:16Z,4.0,1908,3445,0.8,4.0,1908,3445,0.8,0.0,0,0,0.0
339,Meslier,Illan,Meslier,Leeds,LEE,GK,1,2025-08-15T17:30:00Z,2025-08-21T21:40:16Z,4.5,1605,8258,0.7,4.5,1605,8258,0.7,0.0,0,0,0.0
340,Cairns,Alex,Cairns,Leeds,LEE,GK,1,2025-08-15T17:30:00Z,2025-08-21T21:40:16Z,4.0,658,1016,0.2,4.0,658,1016,0.2,0.0,0,0,0.0
341,Darlow,Karl,Darlow,Leeds,LEE,GK,1,2025-08-15T17:30:00Z,2025-08-21T21:40:16Z,4.0,6259,14408,3.0,4.0,6259,14408,3.0,0.0,0,0,0.0
342,Bogle,Jayden,Bogle,Leeds,LEE,DEF,1,2025-08-15T17:30:00Z,2025-08-21T21:40:16Z,4.5,750,1612,0.2,4.5,750,1612,0.2,0.0,0,0,0.0
343,Struijk,Pascal,Struijk,Leeds,LEE,DEF,1,2025-08-15T17:30:00Z,2025-08-21T21:40:16Z,4.5,3656,2864,0.4,4.5,3656,2864,0.4,0.0,0,0,0.0
344,Bijol,Jaka,Bijol,Leeds,LEE,DEF,1,2025-08-15T17:30:00Z,2025-08-21T21:40:16Z,4.0,1582,968,0.2,4.0,1582,968,0.2,0.0,0,0,0.0
345,Bornauw,Sebastiaan,Bornauw,Leeds,LEE,DEF,1,2025-08-15T17:30:00Z,2025-08-21T21:40:16Z,4.0,78,820,0.1,4.0,78,820,0.1,0.0,0,0,0.0
346,Byram,Sam,Byram,Leeds,LEE,DEF,1,2025-08-15T17:30:00Z,2025-08-21T21:40:16Z,4.0,549,2024,0.2,4.0,549,2024,0.2,0.0,0,0,0.0
347,Gudmundsson,Gabriel,Gudmundsson,Leeds,LEE,DEF,1,2025-08-15T17:30:00Z,2025-08-21T21:40:16Z,4.0,62566,18710,3.4,4.0,62566,18710,3.4,0.0,0,0,0.0
348,Rodon,Joe,Rodon,Leeds,LEE,DEF,1,2025-08-15T17:30:00Z,2025-08-21T21:40:16Z,4.0,14951,10439,2.3,4.0,14951,10439,2.3,0.0,0,0,0.0
349,Schmidt,Isaac,Schmidt,Leeds,LEE,DEF,1,2025-08-15T17:30:00Z,2025-08-21T21:40:16Z,4.0,369,1600,0.2,4.0,369,1600,0.2,0.0,0,0,0.0
350,Aaronson,Brenden,Aaronson,Leeds,LEE,MID,1,2025-08-15T17:30:00Z,2025-08-21T21:40:16Z,5.5,340,1132,0.1,5.5,340,1132,0.1,0.0,0,0,0.0
351,Gnonto,Wilfried,Gnonto,Leeds,LEE,MID,1,2025-08-15T17:30:00Z,2025-08-21T21:40:16Z,5.5,1670,4768,0.3,5.5,1670,4768,0.3,0.0,0,0,0.0
352,Harrison,Jack,Harrison,Leeds,LEE,MID,1,2025-08-15T17:30:00Z,2025-08-21T21:40:16Z,5.5,223,2266,0.1,5.5,223,2266,0.1,0.0,0,0,0.0
353,James,Daniel,James,Leeds,LEE,MID,1,2025-08-15T17:30:00Z,2025-08-21T21:40:16Z,5.5,1386,5905,0.5,5.5,1386,5905,0.5,0.0,0,0,0.0
354,Ampadu,Ethan,Ampadu,Leeds,LEE,MID,1,2025-08-15T17:30:00Z,2025-08-21T21:40:16Z,5.0,574,1171,0.1,5.0,574,1171,0.1,0.0,0,0,0.0
355,Greenwood,Sam,Greenwood,Leeds,LEE,MID,1,2025-08-15T17:30:00Z,2025-08-21T21:40:16Z,5.0,429,1716,0.1,5.0,429,1716,0.1,0.0,0,0,0.0
356,Gruev,Ilia,Gruev,Leeds,LEE,MID,1,2025-08-15T17:30:00Z,2025-08-21T21:40:16Z,5.0,109,564,0.0,5.0,109,564,0.0,0.0,0,0,0.0
357,Ramazani,Largie,Ramazani,Leeds,LEE,MID,1,2025-08-15T17:30:00Z,2025-08-21T21:40:16Z,5.0,75,722,0.0,5.0,75,722,0.0,0.0,0,0,0.0
358,Tanaka,Tanaka,Ao,Leeds,LEE,MID,1,2025-08-15T17:30:00Z,2025-08-21T21:40:16Z,5.0,2380,2681,0.3,5.0,2380,2681,0.3,0.0,0,0,0.0
359,Crew,Charlie,Crew,Leeds,LEE,MID,1,2025-08-15T17:30:00Z,2025-08-21T21:40:16Z,4.5,0,329,0.0,4.5,0,329,0.0,0.0,0,0,0.0
360,Gelhardt,Joe,Gelhardt,Leeds,LEE,MID,1,2025-08-15T17:30:00Z,2025-08-21T21:40:16Z,4.5,0,944,0.0,4.5,0,944,0.0,0.0,0,0,0.0
361,Gyabi,Darko,Gyabi,Leeds,LEE,MID,1,2025-08-15T17:30:00Z,2025-08-21T21:40:16Z,4.5,623,1072,0.1,4.5,623,1072,0.1,0.0,0,0,0.0
362,Piroe,Joël,Piroe,Leeds,LEE,FWD,1,2025-08-15T17:30:00Z,2025-08-21T21:40:16Z,5.5,8126,22077,1.9,5.5,8126,22077,1.9,0.0,0,0,0.0
363,Bamford,Patrick,Bamford,Leeds,LEE,FWD,1,2025-08-15T17:30:00Z,2025-08-21T21:40:16Z,5.0,9332,32026,1.9,5.0,9332,32026,1.9,0.0,0,0,0.0
364,Mateo Joseph,Mateo,Joseph Fernández-Regatillo,Leeds,LEE,FWD,1,2025-08-15T17:30:00Z,2025-08-21T21:40:16Z,5.0,0,1036,0.0,5.0,0,1036,0.0,0.0,0,0,0.0
365,Nmecha,Lukas,Nmecha,Leeds,LEE,FWD,1,2025-08-15T17:30:00Z,2025-08-21T21:40:16Z,5.0,20023,7429,0.6,5.0,20023,7429,0.6,0.0,0,0,0.0
493,Longstaff,Sean,Longstaff,Leeds,LEE,MID,1,2025-08-15T17:30:00Z,2025-08-21T21:40:16Z,5.0,389,2196,0.2,5.0,389,2196,0.2,0.0,0,0,0.0
660,Stach,Anton,Stach,Leeds,LEE,MID,1,2025-08-15T17:30:00Z,2025-08-21T21:40:16Z,5.0,12002,3652,0.4,5.0,12002,3652,0.4,0.0,0,0,0.0
665,Perri,Lucas Estella,Perri,Leeds,LEE,GK,1,2025-08-15T17:30:00Z,2025-08-21T21:40:16Z,4.5,4222,2390,0.4,4.5,4222,2390,0.4,0.0,0,0,0.0
691,Calvert-Lewin,Dominic,Calvert-Lewin,Leeds,LEE,FWD,1,2025-08-15T17:30:00Z,2025-08-21T21:40:16Z,5.5,2903,619,0.1,5.5,2903,619,0.1,0.0,0,0,0.0
698,Okafor,Noah,Okafor,Leeds,LEE,MID,1,2025-08-15T17:30:00Z,2025-08-21T21:40:16Z,5.5,167,24,0.0,5.5,167,24,0.0,0.0,0,0,0.0
366,A.Becker,Alisson,Becker,Liverpool,LIV,GK,1,2025-08-15T17:30:00Z,2025-08-21T21:40:16Z,5.5,17543,95844,10.9,5.5,17543,95844,10.9,0.0,0,0,0.0
367,Mamardashvili,Giorgi,Mamardashvili,Liverpool,LIV,GK,1,2025-08-15T17:30:00Z,2025-08-21T21:40:16Z,4.5,1052,8296,0.4,4.5,1052,8296,0.4,0.0,0,0,0.0
368,Pécsi,Ármin,Pécsi,Liverpool,LIV,GK,1,2025-08-15T17:30:00Z,2025-08-21T21:40:16Z,4.0,251,650,0.1,4.0,251,650,0.1,0.0,0,0,0.0
369,Woodman,Freddie,Woodman,Liverpool,LIV,GK,1,2025-08-15T17:30:00Z,2025-08-21T21:40:16Z,4.0,274,733,0.1,4.0,274,733,0.1,0.0,0,0,0.0
370,Frimpong,Jeremie,Frimpong,Liverpool,LIV,DEF,1,2025-08-15T17:30:00Z,2025-08-21T21:40:16Z,6.0,54271,639432,25.0,6.0,54271,639432,25.0,0.0,0,0,0.0
371,Kerkez,Milos,Kerkez,Liverpool,LIV,DEF,1,2025-08-15T17:30:00Z,2025-08-21T21:40:16Z,6.0,18428,92560,6.1,6.0,18428,92560,6.1,0.0,0,0,0.0
372,Robertson,Andrew,Robertson,Liverpool,LIV,DEF,1,2025-08-15T17:30:00Z,2025-08-21T21:40:16Z,6.0,1970,18784,1.3,6.0,1970,18784,1.3,0.0,0,0,0.0
373,Virgil,Virgil,van Dijk,Liverpool,LIV,DEF,1,2025-08-15T17:30:00Z,2025-08-21T21:40:16Z,6.0,95707,117756,23.9,6.0,95707,117756,23.9,0.0,0,0,0.0
374,Konaté,Ibrahima,Konaté,Liverpool,LIV,DEF,1,2025-08-15T17:30:00Z,2025-08-21T21:40:16Z,5.5,14861,34087,2.9,5.5,14861,34087,2.9,0.0,0,0,0.0
375,Bradley,Conor,Bradley,Liverpool,LIV,DEF,1,2025-08-15T17:30:00Z,2025-08-21T21:40:16Z,5.0,405,3495,0.1,5.0,405,3495,0.1,0.0,0,0,0.0
376,Gomez,Joe,Gomez,Liverpool,LIV,DEF,1,2025-08-15T17:30:00Z,2025-08-21T21:40:16Z,5.0,1060,1027,0.1,5.0,1060,1027,0.1,0.0,0,0,0.0
377,Tsimikas,Konstantinos,Tsimikas,Liverpool,LIV,DEF,1,2025-08-15T17:30:00Z,2025-08-21T21:40:16Z,5.0,401,2242,0.1,5.0,401,2242,0.1,0.0,0,0,0.0
378,Nallo,Amara,Nallo,Liverpool,LIV,DEF,1,2025-08-15T17:30:00Z,2025-08-21T21:40:16Z,4.0,157,1194,0.1,4.0,157,1194,0.1,0.0,0,0,0.0
379,R.Williams,Rhys,Williams,Liverpool,LIV,DEF,1,2025-08-15T17:30:00Z,2025-08-21T21:40:16Z,4.0,436,1960,0.2,4.0,436,1960,0.2,0.0,0,0,0.0
380,Ramsay,Calvin,Ramsay,Liverpool,LIV,DEF,1,2025-08-15T17:30:00Z,2025-08-21T21:40:16Z,4.0,505,1981,0.2,4.0,505,1981,0.2,0.0,0,0,0.0
381,M.Salah,Mohamed,Salah,Liverpool,LIV,MID,1,2025-08-15T17:30:00Z,2025-08-21T21:40:16Z,14.5,126423,112734,53.7,14.5,126423,112734,53.7,0.0,0,0,0.0
382,Wirtz,Florian,Wirtz,Liverpool,LIV,MID,1,2025-08-15T17:30:00Z,2025-08-21T21:40:16Z,8.5,39493,463563,28.6,8.5,39493,463563,28.6,0.0,0,0,0.0
383,Luis Díaz,Luis,Díaz Marulanda,Liverpool,LIV,MID,1,2025-08-15T17:30:00Z,2025-08-21T21:40:16Z,8.0,0,4127,0.1,8.0,0,4127,0.1,0.0,0,0,0.0
384,Gakpo,Cody,Gakpo,Liverpool,LIV,MID,1,2025-08-15T17:30:00Z,2025-08-21T21:40:16Z,7.5,135673,64011,8.3,7.5,135673,64011,8.3,0.0,0,0,0.0
385,Chiesa,Federico,Chiesa,Liverpool,LIV,MID,1,2025-08-15T17:30:00Z,2025-08-21T21:40:16Z,6.5,7637,2159,0.3,6.5,7637,2159,0.3,0.0,0,0,0.0
386,Mac Allister,Alexis,Mac Allister,Liverpool,LIV,MID,1,2025-08-15T17:30:00Z,2025-08-21T21:40:16Z,6.5,18565,18001,1.9,6.5,18565,18001,1.9,0.0,0,0,0.0
387,Szoboszlai,Dominik,Szoboszlai,Liverpool,LIV,MID,1,2025-08-15T17:30:00Z,2025-08-21T21:40:16Z,6.5,6962,29153,1.9,6.5,6962,29153,1.9,0.0,0,0,0.0
388,C.Jones,Curtis,Jones,Liverpool,LIV,MID,1,2025-08-15T17:30:00Z,2025-08-21T21:40:16Z,5.5,404,2304,0.1,5.5,404,2304,0.1,0.0,0,0,0.0
389,Elliott,Harvey,Elliott,Liverpool,LIV,MID,1,2025-08-15T17:30:00Z,2025-08-21T21:40:16Z,5.5,462,3466,0.1,5.5,462,3466,0.1,0.0,0,0,0.0
390,Gravenberch,Ryan,Gravenberch,Liverpool,LIV,MID,1,2025-08-15T17:30:00Z,2025-08-21T21:40:16Z,5.5,3716,2133,0.2,5.5,3716,2133,0.2,0.0,0,0,0.0
392,Endo,Endo,Wataru,Liverpool,LIV,MID,1,2025-08-15T17:30:00Z,2025-08-21T21:40:16Z,5.0,1491,1430,0.1,5.0,1491,1430,0.1,0.0,0,0,0.0
393,Bajcetic,Stefan,Bajčetić Maquieira,Liverpool,LIV,MID,1,2025-08-15T17:30:00Z,2025-08-21T21:40:16Z,4.5,275,737,0.0,4.5,275,737,0.0,0.0,0,0,0.0
394,McConnell,James,McConnell,Liverpool,LIV,MID,1,2025-08-15T17:30:00Z,2025-08-21T21:40:16Z,4.5,129,447,0.0,4.5,129,447,0.0,0.0,0,0,0.0
395,Morton,Tyler,Morton,Liverpool,LIV,MID,1,2025-08-15T17:30:00Z,2025-08-21T21:40:16Z,4.5,0,140,0.0,4.5,0,140,0.0,0.0,0,0,0.0
396,Nyoni,Trey,Nyoni,Liverpool,LIV,MID,1,2025-08-15T17:30:00Z,2025-08-21T21:40:16Z,4.5,458,1466,0.1,4.5,458,1466,0.1,0.0,0,0,0.0
397,Darwin,Darwin,Núñez Ribeiro,Liverpool,LIV,FWD,1,2025-08-15T17:30:00Z,2025-08-21T21:40:16Z,6.5,0,9949,0.1,6.5,0,9949,0.1,0.0,0,0,0.0
398,Danns,Jayden,Danns,Liverpool,LIV,FWD,1,2025-08-15T17:30:00Z,2025-08-21T21:40:16Z,4.5,820,2200,0.1,4.5,820,2200,0.1,0.0,0,0,0.0
661,Ekitiké,Hugo,Ekitiké,Liverpool,LIV,FWD,1,2025-08-15T17:30:00Z,2025-08-21T21:40:16Z,8.6,542408,71545,21.4,8.6,542408,71545,21.4,0.0,0,0,0.0
686,Ngumoha,Rio,Ngumoha,Liverpool,LIV,MID,1,2025-08-15T17:30:00Z,2025-08-21T21:40:16Z,4.5,5918,1918,0.1,4.5,5918,1918,0.1,0.0,0,0,0.0
692,Leoni,Giovanni,Leoni,Liverpool,LIV,DEF,1,2025-08-15T17:30:00Z,2025-08-21T21:40:16Z,5.0,274,86,0.0,5.0,274,86,0.0,0.0,0,0,0.0
182,Trafford,James,Trafford,Man City,MCI,GK,1,2025-08-15T17:30:00Z,2025-08-21T21:40:16Z,5.0,48712,21778,2.6,5.0,48712,21778,2.6,0.0,0,0,0.0
399,Ederson M.,Ederson,Santana de Moraes,Man City,MCI,GK,1,2025-08-15T17:30:00Z,2025-08-21T21:40:16Z,5.5,6208,66039,2.6,5.5,6208,66039,2.6,0.0,0,0,0.0
400,Ortega Moreno,Stefan,Ortega Moreno,Man City,MCI,GK,1,2025-08-15T17:30:00Z,2025-08-21T21:40:16Z,5.0,371,3662,0.3,5.0,371,3662,0.3,0.0,0,0,0.0
401,Bettinelli,Marcus,Bettinelli,Man City,MCI,GK,1,2025-08-15T17:30:00Z,2025-08-21T21:40:16Z,4.0,662,1424,0.2,4.0,662,1424,0.2,0.0,0,0,0.0
402,Aït-Nouri,Rayan,Aït-Nouri,Man City,MCI,DEF,1,2025-08-15T17:30:00Z,2025-08-21T21:40:16Z,6.0,272994,81251,22.7,6.0,272994,81251,22.7,0.0,0,0,0.0
403,Gvardiol,Joško,Gvardiol,Man City,MCI,DEF,1,2025-08-15T17:30:00Z,2025-08-21T21:40:16Z,5.9,1185,405430,6.5,5.9,1185,405430,6.5,0.0,0,0,0.0
404,Akanji,Manuel,Akanji,Man City,MCI,DEF,1,2025-08-15T17:30:00Z,2025-08-21T21:40:16Z,5.5,4103,15986,0.8,5.5,4103,15986,0.8,0.0,0,0,0.0
405,Aké,Nathan,Aké,Man City,MCI,DEF,1,2025-08-15T17:30:00Z,2025-08-21T21:40:16Z,5.5,2622,10691,0.7,5.5,2622,10691,0.7,0.0,0,0,0.0
406,Khusanov,Abdukodir,Khusanov,Man City,MCI,DEF,1,2025-08-15T17:30:00Z,2025-08-21T21:40:16Z,5.5,1713,6522,0.4,5.5,1713,6522,0.4,0.0,0,0,0.0
407,Matheus N.,Matheus,Nunes,Man City,MCI,DEF,1,2025-08-15T17:30:00Z,2025-08-21T21:40:16Z,5.5,1584,8150,0.4,5.5,1584,8150,0.4,0.0,0,0,0.0
408,Rúben,Rúben,dos Santos Gato Alves Dias,Man City,MCI,DEF,1,2025-08-15T17:30:00Z,2025-08-21T21:40:16Z,5.5,39025,21961,3.7,5.5,39025,21961,3.7,0.0,0,0,0.0
409,Stones,John,Stones,Man City,MCI,DEF,1,2025-08-15T17:30:00Z,2025-08-21T21:40:16Z,5.5,10909,4643,0.9,5.5,10909,4643,0.9,0.0,0,0,0.0
410,Lewis,Rico,Lewis,Man City,MCI,DEF,1,2025-08-15T17:30:00Z,2025-08-21T21:40:16Z,5.0,169646,23550,3.1,5.0,169646,23550,3.1,0.0,0,0,0.0
411,O’Reilly,Nico,O'Reilly,Man City,MCI,DEF,1,2025-08-15T17:30:00Z,2025-08-21T21:40:16Z,5.0,1030,3020,0.2,5.0,1030,3020,0.2,0.0,0,0,0.0
412,Vitor Reis,Vitor,de Oliveira Nunes dos Reis,Man City,MCI,DEF,1,2025-08-15T17:30:00Z,2025-08-21T21:40:16Z,5.0,0,409,0.0,5.0,0,409,0.0,0.0,0,0,0.0
413,Marmoush,Omar,Marmoush,Man City,MCI,MID,1,2025-08-15T17:30:00Z,2025-08-21T21:40:16Z,8.4,22199,245836,9.1,8.4,22199,245836,9.1,0.0,0,0,0.0
414,Foden,Phil,Foden,Man City,MCI,MID,1,2025-08-15T17:30:00Z,2025-08-21T21:40:16Z,8.0,6127,25202,1.3,8.0,6127,25202,1.3,0.0,0,0,0.0
415,Savinho,Sávio,Moreira de Oliveira,Man City,MCI,MID,1,2025-08-15T17:30:00Z,2025-08-21T21:40:16Z,7.0,233,41454,0.7,7.0,233,41454,0.7,0.0,0,0,0.0
416,Bernardo,Bernardo,Mota Veiga de Carvalho e Silva,Man City,MCI,MID,1,2025-08-15T17:30:00Z,2025-08-21T21:40:16Z,6.5,5784,12756,0.8,6.5,5784,12756,0.8,0.0,0,0,0.0
417,Cherki,Rayan,Cherki,Man City,MCI,MID,1,2025-08-15T17:30:00Z,2025-08-21T21:40:16Z,6.5,95510,83819,8.5,6.5,95510,83819,8.5,0.0,0,0,0.0
418,Doku,Jérémy,Doku,Man City,MCI,MID,1,2025-08-15T17:30:00Z,2025-08-21T21:40:16Z,6.5,6872,20597,1.1,6.5,6872,20597,1.1,0.0,0,0,0.0
420,Gündoğan,İlkay,Gündoğan,Man City,MCI,MID,1,2025-08-15T17:30:00Z,2025-08-21T21:40:16Z,6.4,499,4484,0.2,6.4,499,4484,0.2,0.0,0,0,0.0
421,Rodrigo,Rodrigo 'Rodri',Hernandez Cascante,Man City,MCI,MID,1,2025-08-15T17:30:00Z,2025-08-21T21:40:16Z,6.5,2890,13931,0.6,6.5,2890,13931,0.6,0.0,0,0,0.0
422,Kovačić,Mateo,Kovačić,Man City,MCI,MID,1,2025-08-15T17:30:00Z,2025-08-21T21:40:16Z,6.0,70,278,0.0,6.0,70,278,0.0,0.0,0,0,0.0
423,N.Gonzalez,Nico,González Iglesias,Man City,MCI,MID,1,2025-08-15T17:30:00Z,2025-08-21T21:40:16Z,6.0,1544,1488,0.1,6.0,1544,1488,0.1,0.0,0,0,0.0
424,Bobb,Oscar,Bobb,Man City,MCI,MID,1,2025-08-15T17:30:00Z,2025-08-21T21:40:16Z,5.5,20766,4616,0.4,5.5,20766,4616,0.4,0.0,0,0,0.0
425,Echeverri,Claudio,Echeverri,Man City,MCI,MID,1,2025-08-15T17:30:00Z,2025-08-21T21:40:16Z,5.4,194,930,0.0,5.4,194,930,0.0,0.0,0,0,0.0
427,Reijnders,Tijjani,Reijnders,Man City,MCI,MID,1,2025-08-15T17:30:00Z,2025-08-21T21:40:16Z,5.6,988214,33402,30.2,5.6,988214,33402,30.2,0.0,0,0,0.0
428,Nypan,Sverre,Nypan,Man City,MCI,MID,1,2025-08-15T17:30:00Z,2025-08-21T21:40:16Z,5.0,73,834,0.0,5.0,73,834,0.0,0.0,0,0,0.0
429,Phillips,Kalvin,Phillips,Man City,MCI,MID,1,2025-08-15T17:30:00Z,2025-08-21T21:40:16Z,5.0,298,1056,0.1,5.0,298,1056,0.1,0.0,0,0,0.0
430,Haaland,Erling,Haaland,Man City,MCI,FWD,1,2025-08-15T17:30:00Z,2025-08-21T21:40:16Z,14.0,367261,38217,29.4,14.0,367261,38217,29.4,0.0,0,0,0.0
119,Mbeumo,Bryan,Mbeumo,Man Utd,MUN,MID,1,2025-08-15T17:30:00Z,2025-08-21T21:40:16Z,8.0,130144,94856,14.2,8.0,130144,94856,14.2,0.0,0,0,0.0
431,Bayindir,Altay,Bayındır,Man Utd,MUN,GK,1,2025-08-15T17:30:00Z,2025-08-21T21:40:16Z,5.0,2997,4022,0.4,5.0,2997,4022,0.4,0.0,0,0,0.0
432,Onana,André,Onana,Man Utd,MUN,GK,1,2025-08-15T17:30:00Z,2025-08-21T21:40:16Z,5.0,1995,2670,0.3,5.0,1995,2670,0.3,0.0,0,0,0.0
433,Harrison,Elyh,Harrison,Man Utd,MUN,GK,1,2025-08-15T17:30:00Z,2025-08-21T21:40:16Z,4.0,0,74,0.0,4.0,0,74,0.0,0.0,0,0,0.0
434,Heaton,Tom,Heaton,Man Utd,MUN,GK,1,2025-08-15T17:30:00Z,2025-08-21T21:40:16Z,4.0,1231,1653,0.3,4.0,1231,1653,0.3,0.0,0,0,0.0
435,Mee,Dermot,Mee,Man Utd,MUN,GK,1,2025-08-15T17:30:00Z,2025-08-21T21:40:16Z,4.0,344,608,0.1,4.0,344,608,0.1,0.0,0,0,0.0
436,De Ligt,Matthijs,de Ligt,Man Utd,MUN,DEF,1,2025-08-15T17:30:00Z,2025-08-21T21:40:16Z,5.0,38974,14612,2.3,5.0,38974,14612,2.3,0.0,0,0,0.0
437,Martinez,Lisandro,Martínez,Man Utd,MUN,DEF,1,2025-08-15T17:30:00Z,2025-08-21T21:40:16Z,5.0,113,5967,0.1,5.0,113,5967,0.1,0.0,0,0,0.0
438,Mazraoui,Noussair,Mazraoui,Man Utd,MUN,DEF,1,2025-08-15T17:30:00Z,2025-08-21T21:40:16Z,5.0,129,9985,0.2,5.0,129,9985,0.2,0.0,0,0,0.0
439,D.Leon,Diego,León Blanco,Man Utd,MUN,DEF,1,2025-08-15T17:30:00Z,2025-08-21T21:40:16Z,4.5,282,1092,0.1,4.5,282,1092,0.1,0.0,0,0,0.0
440,Dalot,Diogo,Dalot Teixeira,Man Utd,MUN,DEF,1,2025-08-15T17:30:00Z,2025-08-21T21:40:16Z,4.5,8709,14884,2.2,4.5,8709,14884,2.2,0.0,0,0,0.0
441,Dorgu,Patrick,Dorgu,Man Utd,MUN,DEF,1,2025-08-15T17:30:00Z,2025-08-21T21:40:16Z,4.5,132501,28453,7.5,4.5,132501,28453,7.5,0.0,0,0,0.0
442,Maguire,Harry,Maguire,Man Utd,MUN,DEF,1,2025-08-15T17:30:00Z,2025-08-21T21:40:16Z,4.5,3457,7614,0.7,4.5,3457,7614,0.7,0.0,0,0,0.0
443,Shaw,Luke,Shaw,Man Utd,MUN,DEF,1,2025-08-15T17:30:00Z,2025-08-21T21:40:16Z,4.5,4470,1798,0.3,4.5,4470,1798,0.3,0.0,0,0,0.0
444,Yoro,Leny,Yoro,Man Utd,MUN,DEF,1,2025-08-15T17:30:00Z,2025-08-21T21:40:16Z,4.5,29315,12907,1.8,4.5,29315,12907,1.8,0.0,0,0,0.0
445,Amass,Harry,Amass,Man Utd,MUN,DEF,1,2025-08-15T17:30:00Z,2025-08-21T21:40:16Z,4.0,575,1712,0.2,4.0,575,1712,0.2,0.0,0,0,0.0
446,Fredricson,Tyler,Fredricson,Man Utd,MUN,DEF,1,2025-08-15T17:30:00Z,2025-08-21T21:40:16Z,4.0,196,1037,0.1,4.0,196,1037,0.1,0.0,0,0,0.0
447,Heaven,Ayden,Heaven,Man Utd,MUN,DEF,1,2025-08-15T17:30:00Z,2025-08-21T21:40:16Z,4.0,4649,11986,1.5,4.0,4649,11986,1.5,0.0,0,0,0.0
448,Malacia,Tyrell,Malacia,Man Utd,MUN,DEF,1,2025-08-15T17:30:00Z,2025-08-21T21:40:16Z,4.0,1266,2929,0.3,4.0,1266,2929,0.3,0.0,0,0,0.0
449,B.Fernandes,Bruno,Borges Fernandes,Man Utd,MUN,MID,1,2025-08-15T17:30:00Z,2025-08-21T21:40:16Z,9.0,65762,147864,21.2,9.0,65762,147864,21.2,0.0,0,0,0.0
450,Cunha,Matheus,Santos Carneiro da Cunha,Man Utd,MUN,MID,1,2025-08-15T17:30:00Z,2025-08-21T21:40:16Z,8.0,130402,57122,9.0,8.0,130402,57122,9.0,0.0,0,0,0.0
451,Rashford,Marcus,Rashford,Man Utd,MUN,MID,1,2025-08-15T17:30:00Z,2025-08-21T21:40:16Z,7.0,0,708,0.0,7.0,0,708,0.0,0.0,0,0,0.0
452,Amad,Amad,Diallo,Man Utd,MUN,MID,1,2025-08-15T17:30:00Z,2025-08-21T21:40:16Z,6.5,10800,42508,2.7,6.5,10800,42508,2.7,0.0,0,0,0.0
453,Garnacho,Alejandro,Garnacho Ferreyra,Man Utd,MUN,MID,1,2025-08-15T17:30:00Z,2025-08-21T21:40:16Z,6.5,708,3687,0.2,6.5,708,3687,0.2,0.0,0,0,0.0
454,Antony,Antony,dos Santos,Man Utd,MUN,MID,1,2025-08-15T17:30:00Z,2025-08-21T21:40:16Z,6.0,548,2359,0.1,6.0,548,2359,0.1,0.0,0,0,0.0
455,Mount,Mason,Mount,Man Utd,MUN,MID,1,2025-08-15T17:30:00Z,2025-08-21T21:40:16Z,6.0,4071,4081,0.3,6.0,4071,4081,0.3,0.0,0,0,0.0
456,Sancho,Jadon,Sancho,Man Utd,MUN,MID,1,2025-08-15T17:30:00Z,2025-08-21T21:40:16Z,6.0,490,2392,0.1,6.0,490,2392,0.1,0.0,0,0,0.0
457,Casemiro,Carlos Henrique,Casimiro,Man Utd,MUN,MID,1,2025-08-15T17:30:00Z,2025-08-21T21:40:16Z,5.5,1829,2799,0.2,5.5,1829,2799,0.2,0.0,0,0,0.0
458,Mainoo,Kobbie,Mainoo,Man Utd,MUN,MID,1,2025-08-15T17:30:00Z,2025-08-21T21:40:16Z,5.0,3578,12553,0.7,5.0,3578,12553,0.7,0.0,0,0,0.0
459,Ugarte,Manuel,Ugarte Ribeiro,Man Utd,MUN,MID,1,2025-08-15T17:30:00Z,2025-08-21T21:40:16Z,5.0,1314,2978,0.2,5.0,1314,2978,0.2,0.0,0,0,0.0
460,Collyer,Toby,Collyer,Man Utd,MUN,MID,1,2025-08-15T17:30:00Z,2025-08-21T21:40:16Z,4.5,423,2080,0.1,4.5,423,2080,0.1,0.0,0,0,0.0
461,Fitzgerald,Jayce,Fitzgerald,Man Utd,MUN,MID,1,2025-08-15T17:30:00Z,2025-08-21T21:40:16Z,4.5,147,402,0.0,4.5,147,402,0.0,0.0,0,0,0.0
462,J.Fletcher,Jack,Fletcher,Man Utd,MUN,MID,1,2025-08-15T17:30:00Z,2025-08-21T21:40:16Z,4.5,166,435,0.0,4.5,166,435,0.0,0.0,0,0,0.0
463,Kone,Sékou,Koné,Man Utd,MUN,MID,1,2025-08-15T17:30:00Z,2025-08-21T21:40:16Z,4.5,568,1029,0.1,4.5,568,1029,0.1,0.0,0,0,0.0
464,Moorhouse,Jack,Moorhouse,Man Utd,MUN,MID,1,2025-08-15T17:30:00Z,2025-08-21T21:40:16Z,4.5,136,340,0.0,4.5,136,340,0.0,0.0,0,0,0.0
465,Højlund,Rasmus,Højlund,Man Utd,MUN,FWD,1,2025-08-15T17:30:00Z,2025-08-21T21:40:16Z,6.5,2155,13917,0.6,6.5,2155,13917,0.6,0.0,0,0,0.0
466,Zirkzee,Joshua,Zirkzee,Man Utd,MUN,FWD,1,2025-08-15T17:30:00Z,2025-08-21T21:40:16Z,6.0,3812,7438,0.4,6.0,3812,7438,0.4,0.0,0,0,0.0
467,Obi,Chido,Obi,Man Utd,MUN,FWD,1,2025-08-15T17:30:00Z,2025-08-21T21:40:16Z,4.5,7113,22669,2.1,4.5,7113,22669,2.1,0.0,0,0,0.0
468,Wheatley,Ethan,Wheatley,Man Utd,MUN,FWD,1,2025-08-15T17:30:00Z,2025-08-21T21:40:16Z,4.5,682,1708,0.1,4.5,682,1708,0.1,0.0,0,0,0.0
681,Šeško,Benjamin,Sesko,Man Utd,MUN,FWD,1,2025-08-15T17:30:00Z,2025-08-21T21:40:16Z,7.5,94959,87221,8.9,7.5,94959,87221,8.9,0.0,0,0,0.0
52,J.Ramsey,Jacob,Ramsey,Newcastle,NEW,MID,1,2025-08-15T17:30:00Z,2025-08-21T21:40:16Z,5.5,3259,11692,0.6,5.5,3259,11692,0.6,0.0,0,0,0.0
469,Pope,Nick,Pope,Newcastle,NEW,GK,1,2025-08-15T17:30:00Z,2025-08-21T21:40:16Z,5.0,37096,21279,4.0,5.0,37096,21279,4.0,0.0,0,0,0.0
471,Gillespie,Mark,Gillespie,Newcastle,NEW,GK,1,2025-08-15T17:30:00Z,2025-08-21T21:40:16Z,4.0,534,828,0.2,4.0,534,828,0.2,0.0,0,0,0.0
472,Odysseas,Odysseas,Vlachodimos,Newcastle,NEW,GK,1,2025-08-15T17:30:00Z,2025-08-21T21:40:16Z,4.0,0,672,0.0,4.0,0,672,0.0,0.0,0,0,0.0
473,Hall,Lewis,Hall,Newcastle,NEW,DEF,1,2025-08-15T17:30:00Z,2025-08-21T21:40:16Z,5.5,4912,33668,1.7,5.5,4912,33668,1.7,0.0,0,0,0.0
474,Schär,Fabian,Schär,Newcastle,NEW,DEF,1,2025-08-15T17:30:00Z,2025-08-21T21:40:16Z,5.5,24868,13622,2.9,5.5,24868,13622,2.9,0.0,0,0,0.0
475,Botman,Sven,Botman,Newcastle,NEW,DEF,1,2025-08-15T17:30:00Z,2025-08-21T21:40:16Z,5.0,1772,8390,0.5,5.0,1772,8390,0.5,0.0,0,0,0.0
476,Burn,Dan,Burn,Newcastle,NEW,DEF,1,2025-08-15T17:30:00Z,2025-08-21T21:40:16Z,5.0,46202,21096,4.1,5.0,46202,21096,4.1,0.0,0,0,0.0
477,Livramento,Tino,Livramento,Newcastle,NEW,DEF,1,2025-08-15T17:30:00Z,2025-08-21T21:40:16Z,5.0,53142,20864,4.1,5.0,53142,20864,4.1,0.0,0,0,0.0
478,Trippier,Kieran,Trippier,Newcastle,NEW,DEF,1,2025-08-15T17:30:00Z,2025-08-21T21:40:16Z,5.0,18572,11342,2.2,5.0,18572,11342,2.2,0.0,0,0,0.0
479,Krafth,Emil,Krafth,Newcastle,NEW,DEF,1,2025-08-15T17:30:00Z,2025-08-21T21:40:16Z,4.5,145,643,0.1,4.5,145,643,0.1,0.0,0,0,0.0
480,Lascelles,Jamaal,Lascelles,Newcastle,NEW,DEF,1,2025-08-15T17:30:00Z,2025-08-21T21:40:16Z,4.5,192,1058,0.1,4.5,192,1058,0.1,0.0,0,0,0.0
481,A.Murphy,Alex,Murphy,Newcastle,NEW,DEF,1,2025-08-15T17:30:00Z,2025-08-21T21:40:16Z,4.0,3898,7951,0.8,4.0,3898,7951,0.8,0.0,0,0,0.0
482,Ashby,Harrison,Ashby,Newcastle,NEW,DEF,1,2025-08-15T17:30:00Z,2025-08-21T21:40:16Z,4.0,259,1218,0.1,4.0,259,1218,0.1,0.0,0,0,0.0
483,Pivas,Miodrag,Pivaš,Newcastle,NEW,DEF,1,2025-08-15T17:30:00Z,2025-08-21T21:40:16Z,4.0,195,1130,0.1,4.0,195,1130,0.1,0.0,0,0,0.0
484,Targett,Matt,Targett,Newcastle,NEW,DEF,1,2025-08-15T17:30:00Z,2025-08-21T21:40:16Z,4.0,1705,4446,0.5,4.0,1705,4446,0.5,0.0,0,0,0.0
485,Gordon,Anthony,Gordon,Newcastle,NEW,MID,1,2025-08-15T17:30:00Z,2025-08-21T21:40:16Z,7.5,27598,23859,2.0,7.5,27598,23859,2.0,0.0,0,0,0.0
486,Elanga,Anthony,Elanga,Newcastle,NEW,MID,1,2025-08-15T17:30:00Z,2025-08-21T21:40:16Z,7.0,18673,106112,7.3,7.0,18673,106112,7.3,0.0,0,0,0.0
487,Barnes,Harvey,Barnes,Newcastle,NEW,MID,1,2025-08-15T17:30:00Z,2025-08-21T21:40:16Z,6.5,3363,8286,0.5,6.5,3363,8286,0.5,0.0,0,0,0.0
488,Bruno G.,Bruno,Guimarães Rodriguez Moura,Newcastle,NEW,MID,1,2025-08-15T17:30:00Z,2025-08-21T21:40:16Z,6.5,3886,20916,1.6,6.5,3886,20916,1.6,0.0,0,0,0.0
489,J.Murphy,Jacob,Murphy,Newcastle,NEW,MID,1,2025-08-15T17:30:00Z,2025-08-21T21:40:16Z,6.4,1218,49185,1.9,6.4,1218,49185,1.9,0.0,0,0,0.0
490,Joelinton,Joelinton Cássio,Apolinário de Lira,Newcastle,NEW,MID,1,2025-08-15T17:30:00Z,2025-08-21T21:40:16Z,6.0,2627,7749,0.4,6.0,2627,7749,0.4,0.0,0,0,0.0
491,Tonali,Sandro,Tonali,Newcastle,NEW,MID,1,2025-08-15T17:30:00Z,2025-08-21T21:40:16Z,5.5,6772,23969,1.8,5.5,6772,23969,1.8,0.0,0,0,0.0
492,Antoñito C.,Antoñito,Cordero Campillo,Newcastle,NEW,MID,1,2025-08-15T17:30:00Z,2025-08-21T21:40:16Z,5.0,119,582,0.0,5.0,119,582,0.0,0.0,0,0,0.0
494,Willock,Joe,Willock,Newcastle,NEW,MID,1,2025-08-15T17:30:00Z,2025-08-21T21:40:16Z,5.0,24,1094,0.0,5.0,24,1094,0.0,0.0,0,0,0.0
495,Hayden,Isaac,Hayden,Newcastle,NEW,MID,1,2025-08-15T17:30:00Z,2025-08-21T21:40:16Z,4.5,0,569,0.0,4.5,0,569,0.0,0.0,0,0,0.0
496,Kuol,Garang,Kuol,Newcastle,NEW,MID,1,2025-08-15T17:30:00Z,2025-08-21T21:40:16Z,4.5,330,807,0.1,4.5,330,807,0.1,0.0,0,0,0.0
497,L.Miley,Lewis,Miley,Newcastle,NEW,MID,1,2025-08-15T17:30:00Z,2025-08-21T21:40:16Z,4.5,13487,23150,2.5,4.5,13487,23150,2.5,0.0,0,0,0.0
498,White,Joe,White,Newcastle,NEW,MID,1,2025-08-15T17:30:00Z,2025-08-21T21:40:16Z,4.5,0,422,0.0,4.5,0,422,0.0,0.0,0,0,0.0
499,Isak,Alexander,Isak,Newcastle,NEW,FWD,1,2025-08-15T17:30:00Z,2025-08-21T21:40:16Z,10.4,5020,332285,5.2,10.4,5020,332285,5.2,0.0,0,0,0.0
500,Osula,William,Osula,Newcastle,NEW,FWD,1,2025-08-15T17:30:00Z,2025-08-21T21:40:16Z,5.5,1870,3874,0.2,5.5,1870,3874,0.2,0.0,0,0,0.0
501,Neave,Sean,Neave,Newcastle,NEW,FWD,1,2025-08-15T17:30:00Z,2025-08-21T21:40:16Z,4.5,1666,3147,0.2,4.5,1666,3147,0.2,0.0,0,0,0.0
674,Ramsdale,Aaron,Ramsdale,Newcastle,NEW,GK,1,2025-08-15T17:30:00Z,2025-08-21T21:40:16Z,5.0,1682,12915,0.9,5.0,1682,12915,0.9,0.0,0,0,0.0
684,Thiaw,Malick,Thiaw,Newcastle,NEW,DEF,1,2025-08-15T17:30:00Z,2025-08-21T21:40:16Z,5.0,1218,2690,0.2,5.0,1218,2690,0.2,0.0,0,0,0.0
689,Seung soo,Seung-Soo,Park,Newcastle,NEW,MID,1,2025-08-15T17:30:00Z,2025-08-21T21:40:16Z,4.5,6551,1907,0.2,4.5,6551,1907,0.2,0.0,0,0,0.0
426,McAtee,James,McAtee,Nott'm Forest,NFO,MID,1,2025-08-15T17:30:00Z,2025-08-21T21:40:16Z,5.5,2390,3074,0.2,5.5,2390,3074,0.2,0.0,0,0,0.0
502,Sels,Matz,Sels,Nott'm Forest,NFO,GK,1,2025-08-15T17:30:00Z,2025-08-21T21:40:16Z,5.0,42606,99227,19.3,5.0,42606,99227,19.3,0.0,0,0,0.0
503,C.Miguel,Carlos Miguel,dos Santos Pereira,Nott'm Forest,NFO,GK,1,2025-08-15T17:30:00Z,2025-08-21T21:40:16Z,4.0,448,1803,0.2,4.0,448,1803,0.2,0.0,0,0,0.0
504,Turner,Matt,Turner,Nott'm Forest,NFO,GK,1,2025-08-15T17:30:00Z,2025-08-21T21:40:16Z,4.0,0,4204,0.2,4.0,0,4204,0.2,0.0,0,0,0.0
505,Milenković,Nikola,Milenković,Nott'm Forest,NFO,DEF,1,2025-08-15T17:30:00Z,2025-08-21T21:40:16Z,5.5,28527,55356,9.6,5.5,28527,55356,9.6,0.0,0,0,0.0
506,Murillo,Murillo,Costa dos Santos,Nott'm Forest,NFO,DEF,1,2025-08-15T17:30:00Z,2025-08-21T21:40:16Z,5.5,18339,35024,6.7,5.5,18339,35024,6.7,0.0,0,0,0.0
507,Aina,Ola,Aina,Nott'm Forest,NFO,DEF,1,2025-08-15T17:30:00Z,2025-08-21T21:40:16Z,5.0,74975,63745,14.5,5.0,74975,63745,14.5,0.0,0,0,0.0
508,N.Williams,Neco,Williams,Nott'm Forest,NFO,DEF,1,2025-08-15T17:30:00Z,2025-08-21T21:40:16Z,5.0,28520,53590,9.9,5.0,28520,53590,9.9,0.0,0,0,0.0
509,David Carmo,David,Mota Veiga Teixeira do Carmo,Nott'm Forest,NFO,DEF,1,2025-08-15T17:30:00Z,2025-08-21T21:40:16Z,4.5,172,542,0.1,4.5,172,542,0.1,0.0,0,0,0.0
510,Jair Cunha,Jair,Paula da Cunha Filho,Nott'm Forest,NFO,DEF,1,2025-08-15T17:30:00Z,2025-08-21T21:40:16Z,4.5,281,981,0.1,4.5,281,981,0.1,0.0,0,0,0.0
511,Morato,Felipe,Rodrigues da Silva,Nott'm Forest,NFO,DEF,1,2025-08-15T17:30:00Z,2025-08-21T21:40:16Z,4.5,234,1080,0.1,4.5,234,1080,0.1,0.0,0,0,0.0
512,O.Richards,Omar,Richards,Nott'm Forest,NFO,DEF,1,2025-08-15T17:30:00Z,2025-08-21T21:40:16Z,4.5,155,535,0.0,4.5,155,535,0.0,0.0,0,0,0.0
513,Abbott,Zach,Abbott,Nott'm Forest,NFO,DEF,1,2025-08-15T17:30:00Z,2025-08-21T21:40:16Z,4.0,714,1681,0.2,4.0,714,1681,0.2,0.0,0,0,0.0
514,Boly,Willy,Boly,Nott'm Forest,NFO,DEF,1,2025-08-15T17:30:00Z,2025-08-21T21:40:16Z,4.0,1805,3893,0.5,4.0,1805,3893,0.5,0.0,0,0,0.0
515,Gibbs-White,Morgan,Gibbs-White,Nott'm Forest,NFO,MID,1,2025-08-15T17:30:00Z,2025-08-21T21:40:16Z,7.5,27507,40480,5.2,7.5,27507,40480,5.2,0.0,0,0,0.0
516,Hudson-Odoi,Callum,Hudson-Odoi,Nott'm Forest,NFO,MID,1,2025-08-15T17:30:00Z,2025-08-21T21:40:16Z,6.0,6050,15843,1.1,6.0,6050,15843,1.1,0.0,0,0,0.0
517,Anderson,Elliot,Anderson,Nott'm Forest,NFO,MID,1,2025-08-15T17:30:00Z,2025-08-21T21:40:16Z,5.5,48671,54187,6.5,5.5,48671,54187,6.5,0.0,0,0,0.0
518,Jota,João Pedro,Ferreira da Silva,Nott'm Forest,NFO,MID,1,2025-08-15T17:30:00Z,2025-08-21T21:40:16Z,5.5,300,1187,0.1,5.5,300,1187,0.1,0.0,0,0,0.0
519,Dominguez,Nicolás,Domínguez,Nott'm Forest,NFO,MID,1,2025-08-15T17:30:00Z,2025-08-21T21:40:16Z,5.0,13,32,0.0,5.0,13,32,0.0,0.0,0,0,0.0
520,O'Brien,Lewis,O'Brien,Nott'm Forest,NFO,MID,1,2025-08-15T17:30:00Z,2025-08-21T21:40:16Z,5.0,0,52,0.0,5.0,0,52,0.0,0.0,0,0,0.0
521,Sangaré,Ibrahim,Sangaré,Nott'm Forest,NFO,MID,1,2025-08-15T17:30:00Z,2025-08-21T21:40:16Z,5.0,461,663,0.1,5.0,461,663,0.1,0.0,0,0,0.0
522,Yates,Ryan,Yates,Nott'm Forest,NFO,MID,1,2025-08-15T17:30:00Z,2025-08-21T21:40:16Z,5.0,330,1584,0.1,5.0,330,1584,0.1,0.0,0,0,0.0
523,Da Silva Moreira,Eric,da Silva Moreira,Nott'm Forest,NFO,MID,1,2025-08-15T17:30:00Z,2025-08-21T21:40:16Z,4.5,934,2042,0.2,4.5,934,2042,0.2,0.0,0,0,0.0
524,Stamenic,Marko,Stamenić,Nott'm Forest,NFO,MID,1,2025-08-15T17:30:00Z,2025-08-21T21:40:16Z,4.5,245,1019,0.1,4.5,245,1019,0.1,0.0,0,0,0.0
525,Wood,Chris,Wood,Nott'm Forest,NFO,FWD,1,2025-08-15T17:30:00Z,2025-08-21T21:40:16Z,7.6,542010,71876,19.0,7.6,542010,71876,19.0,0.0,0,0,0.0
526,Igor Jesus,Igor Jesus,Maciel da Cruz,Nott'm Forest,NFO,FWD,1,2025-08-15T17:30:00Z,2025-08-21T21:40:16Z,6.0,3133,14995,0.7,6.0,3133,14995,0.7,0.0,0,0,0.0
527,Awoniyi,Taiwo,Awoniyi,Nott'm Forest,NFO,FWD,1,2025-08-15T17:30:00Z,2025-08-21T21:40:16Z,5.5,3906,13198,0.7,5.5,3906,13198,0.7,0.0,0,0,0.0
669,Ndoye,Dan,Ndoye,Nott'm Forest,NFO,MID,1,2025-08-15T17:30:00Z,2025-08-21T21:40:16Z,6.0,33585,9840,0.8,6.0,33585,9840,0.8,0.0,0,0,0.0
675,Gunn,Angus,Gunn,Nott'm Forest,NFO,GK,1,2025-08-15T17:30:00Z,2025-08-21T21:40:16Z,4.0,7245,6992,1.9,4.0,7245,6992,1.9,0.0,0,0,0.0
693,Hutchinson,Omari,Hutchinson,Nott'm Forest,NFO,MID,1,2025-08-15T17:30:00Z,2025-08-21T21:40:16Z,5.5,526,131,0.0,5.5,526,131,0.0,0.0,0,0,0.0
696,Kalimuendo,Arnaud,Kalimuendo,Nott'm Forest,NFO,FWD,1,2025-08-15T17:30:00Z,2025-08-21T21:40:16Z,6.0,548,107,0.0,6.0,548,107,0.0,0.0,0,0,0.0
252,Marc Guiu,Marc,Guiu Paz,Sunderland,SUN,FWD,1,2025-08-15T17:30:00Z,2025-08-21T21:40:16Z,4.5,93545,107984,19.6,4.5,93545,107984,19.6,0.0,0,0,0.0
528,Patterson,Anthony,Patterson,Sunderland,SUN,GK,1,2025-08-15T17:30:00Z,2025-08-21T21:40:16Z,4.5,2100,5043,0.3,4.5,2100,5043,0.3,0.0,0,0,0.0
529,Moore,Simon,Moore,Sunderland,SUN,GK,1,2025-08-15T17:30:00Z,2025-08-21T21:40:16Z,4.0,1765,2548,0.5,4.0,1765,2548,0.5,0.0,0,0,0.0
530,Nna Noukeu,Blondy,Nna Noukeu,Sunderland,SUN,GK,1,2025-08-15T17:30:00Z,2025-08-21T21:40:16Z,4.0,294,771,0.2,4.0,294,771,0.2,0.0,0,0,0.0
531,Ballard,Daniel,Ballard,Sunderland,SUN,DEF,1,2025-08-15T17:30:00Z,2025-08-21T21:40:16Z,4.6,390275,23967,5.3,4.6,390275,23967,5.3,0.0,0,0,0.0
532,Hume,Trai,Hume,Sunderland,SUN,DEF,1,2025-08-15T17:30:00Z,2025-08-21T21:40:16Z,4.5,7878,2128,0.3,4.5,7878,2128,0.3,0.0,0,0,0.0
533,Alese,Aji,Alese,Sunderland,SUN,DEF,1,2025-08-15T17:30:00Z,2025-08-21T21:40:16Z,4.0,55,85,0.0,4.0,55,85,0.0,0.0,0,0,0.0
534,Anderson,Joe,Anderson,Sunderland,SUN,DEF,1,2025-08-15T17:30:00Z,2025-08-21T21:40:16Z,4.0,2051,4562,0.5,4.0,2051,4562,0.5,0.0,0,0,0.0
535,Cirkin,Dennis,Cirkin,Sunderland,SUN,DEF,1,2025-08-15T17:30:00Z,2025-08-21T21:40:16Z,4.0,63,392,0.0,4.0,63,392,0.0,0.0,0,0,0.0
536,Hjelde,Leo Fuhr,Hjelde,Sunderland,SUN,DEF,1,2025-08-15T17:30:00Z,2025-08-21T21:40:16Z,4.0,48,86,0.0,4.0,48,86,0.0,0.0,0,0,0.0
537,Huggins,Niall,Huggins,Sunderland,SUN,DEF,1,2025-08-15T17:30:00Z,2025-08-21T21:40:16Z,4.0,592,1840,0.2,4.0,592,1840,0.2,0.0,0,0,0.0
538,Johnson,Zak,Johnson,Sunderland,SUN,DEF,1,2025-08-15T17:30:00Z,2025-08-21T21:40:16Z,4.0,691,2001,0.2,4.0,691,2001,0.2,0.0,0,0,0.0
539,O'Nien,Luke,O'Nien,Sunderland,SUN,DEF,1,2025-08-15T17:30:00Z,2025-08-21T21:40:16Z,4.0,142,291,0.0,4.0,142,291,0.0,0.0,0,0,0.0
540,Pembele,Timothée,Pembélé,Sunderland,SUN,DEF,1,2025-08-15T17:30:00Z,2025-08-21T21:40:16Z,4.0,649,1760,0.2,4.0,649,1760,0.2,0.0,0,0,0.0
541,Reinildo,Reinildo,Mandava,Sunderland,SUN,DEF,1,2025-08-15T17:30:00Z,2025-08-21T21:40:16Z,4.0,141156,33436,8.2,4.0,141156,33436,8.2,0.0,0,0,0.0
542,Seelt,Jenson,Seelt,Sunderland,SUN,DEF,1,2025-08-15T17:30:00Z,2025-08-21T21:40:16Z,4.0,1221,3406,0.3,4.0,1221,3406,0.3,0.0,0,0,0.0
543,Adingra,Simon,Adingra,Sunderland,SUN,MID,1,2025-08-15T17:30:00Z,2025-08-21T21:40:16Z,5.5,38148,15550,1.8,5.5,38148,15550,1.8,0.0,0,0,0.0
544,Diarra,Habib,Diarra,Sunderland,SUN,MID,1,2025-08-15T17:30:00Z,2025-08-21T21:40:16Z,5.5,2025,1337,0.1,5.5,2025,1337,0.1,0.0,0,0,0.0
545,Roberts,Patrick,Roberts,Sunderland,SUN,MID,1,2025-08-15T17:30:00Z,2025-08-21T21:40:16Z,5.5,113,871,0.0,5.5,113,871,0.0,0.0,0,0,0.0
546,Aleksić,Milan,Aleksić,Sunderland,SUN,MID,1,2025-08-15T17:30:00Z,2025-08-21T21:40:16Z,5.0,133,568,0.0,5.0,133,568,0.0,0.0,0,0,0.0
547,E.Le Fée,Enzo,Le Fée,Sunderland,SUN,MID,1,2025-08-15T17:30:00Z,2025-08-21T21:40:16Z,5.0,534,5567,0.3,5.0,534,5567,0.3,0.0,0,0,0.0
548,Mundle,Romaine,Mundle,Sunderland,SUN,MID,1,2025-08-15T17:30:00Z,2025-08-21T21:40:16Z,5.0,23,257,0.0,5.0,23,257,0.0,0.0,0,0,0.0
549,Neil,Dan,Neil,Sunderland,SUN,MID,1,2025-08-15T17:30:00Z,2025-08-21T21:40:16Z,5.0,73,529,0.0,5.0,73,529,0.0,0.0,0,0,0.0
550,Poveda,Ian,Poveda-Ocampo,Sunderland,SUN,MID,1,2025-08-15T17:30:00Z,2025-08-21T21:40:16Z,5.0,34,379,0.0,5.0,34,379,0.0,0.0,0,0,0.0
551,Rigg,Chris,Rigg,Sunderland,SUN,MID,1,2025-08-15T17:30:00Z,2025-08-21T21:40:16Z,5.0,133,823,0.1,5.0,133,823,0.1,0.0,0,0,0.0
552,Sadiki,Noah,Sadiki,Sunderland,SUN,MID,1,2025-08-15T17:30:00Z,2025-08-21T21:40:16Z,5.0,751,462,0.1,5.0,751,462,0.1,0.0,0,0,0.0
553,Talbi,Chemsdine,Talbi,Sunderland,SUN,MID,1,2025-08-15T17:30:00Z,2025-08-21T21:40:16Z,5.0,18588,4813,0.3,5.0,18588,4813,0.3,0.0,0,0,0.0
554,Ba,Abdoullah,Ba,Sunderland,SUN,MID,1,2025-08-15T17:30:00Z,2025-08-21T21:40:16Z,4.5,1387,3120,0.3,4.5,1387,3120,0.3,0.0,0,0,0.0
555,Browne,Alan,Browne,Sunderland,SUN,MID,1,2025-08-15T17:30:00Z,2025-08-21T21:40:16Z,4.5,706,1226,0.1,4.5,706,1226,0.1,0.0,0,0,0.0
556,Ekwah,Pierre,Ekwah Elimby,Sunderland,SUN,MID,1,2025-08-15T17:30:00Z,2025-08-21T21:40:16Z,4.5,0,601,0.0,4.5,0,601,0.0,0.0,0,0,0.0
557,H.Jones,Harrison,Jones,Sunderland,SUN,MID,1,2025-08-15T17:30:00Z,2025-08-21T21:40:16Z,4.5,431,806,0.1,4.5,431,806,0.1,0.0,0,0,0.0
558,Matete,Jay,Matete,Sunderland,SUN,MID,1,2025-08-15T17:30:00Z,2025-08-21T21:40:16Z,4.5,1811,3252,0.3,4.5,1811,3252,0.3,0.0,0,0,0.0
559,Triantis,Nectarios,Triantis,Sunderland,SUN,MID,1,2025-08-15T17:30:00Z,2025-08-21T21:40:16Z,4.5,280,817,0.1,4.5,280,817,0.1,0.0,0,0,0.0
560,Isidor,Wilson,Isidor,Sunderland,SUN,FWD,1,2025-08-15T17:30:00Z,2025-08-21T21:40:16Z,5.5,10854,3655,0.3,5.5,10854,3655,0.3,0.0,0,0,0.0
561,Mayenda,Eliezer,Mayenda Dossou,Sunderland,SUN,FWD,1,2025-08-15T17:30:00Z,2025-08-21T21:40:16Z,5.5,125606,20306,1.7,5.5,125606,20306,1.7,0.0,0,0,0.0
562,Abdullahi,Ahmed,Abdullahi,Sunderland,SUN,FWD,1,2025-08-15T17:30:00Z,2025-08-21T21:40:16Z,4.5,2920,6156,0.6,4.5,2920,6156,0.6,0.0,0,0,0.0
563,Luís Hemir,Luís Hemir,Silva Semedo,Sunderland,SUN,FWD,1,2025-08-15T17:30:00Z,2025-08-21T21:40:16Z,4.5,986,2094,0.2,4.5,986,2094,0.2,0.0,0,0,0.0
564,Rusyn,Nazarii,Rusyn,Sunderland,SUN,FWD,1,2025-08-15T17:30:00Z,2025-08-21T21:40:16Z,4.5,1275,2505,0.2,4.5,1275,2505,0.2,0.0,0,0,0.0
668,Xhaka,Granit,Xhaka,Sunderland,SUN,MID,1,2025-08-15T17:30:00Z,2025-08-21T21:40:16Z,5.0,27410,23686,2.9,5.0,27410,23686,2.9,0.0,0,0,0.0
670,Roefs,Robin,Roefs,Sunderland,SUN,GK,1,2025-08-15T17:30:00Z,2025-08-21T21:40:16Z,4.5,53186,9213,1.0,4.5,53186,9213,1.0,0.0,0,0,0.0
678,Masuaku,Arthur,Masuaku,Sunderland,SUN,DEF,1,2025-08-15T17:30:00Z,2025-08-21T21:40:16Z,4.0,7630,5103,0.8,4.0,7630,5103,0.8,0.0,0,0,0.0
683,Alderete,Omar,Alderete,Sunderland,SUN,DEF,1,2025-08-15T17:30:00Z,2025-08-21T21:40:16Z,4.0,29718,9548,1.3,4.0,29718,9548,1.3,0.0,0,0,0.0
694,Mukiele,Nordi,Mukiele,Sunderland,SUN,DEF,1,2025-08-15T17:30:00Z,2025-08-21T21:40:16Z,4.0,10108,1650,0.2,4.0,10108,1650,0.2,0.0,0,0,0.0
565,Vicario,Guglielmo,Vicario,Spurs,TOT,GK,1,2025-08-15T17:30:00Z,2025-08-21T21:40:16Z,5.0,30821,39820,4.4,5.0,30821,39820,4.4,0.0,0,0,0.0
566,Austin,Brandon,Austin,Spurs,TOT,GK,1,2025-08-15T17:30:00Z,2025-08-21T21:40:16Z,4.0,642,1581,0.3,4.0,642,1581,0.3,0.0,0,0,0.0
567,Kinsky,Antonín,Kinský,Spurs,TOT,GK,1,2025-08-15T17:30:00Z,2025-08-21T21:40:16Z,4.0,2827,10663,2.0,4.0,2827,10663,2.0,0.0,0,0,0.0
568,Pedro Porro,Pedro,Porro Sauceda,Spurs,TOT,DEF,1,2025-08-15T17:30:00Z,2025-08-21T21:40:16Z,5.5,100873,112945,22.0,5.5,100873,112945,22.0,0.0,0,0,0.0
569,Romero,Cristian,Romero,Spurs,TOT,DEF,1,2025-08-15T17:30:00Z,2025-08-21T21:40:16Z,5.0,27717,31875,3.7,5.0,27717,31875,3.7,0.0,0,0,0.0
570,Danso,Kevin,Danso,Spurs,TOT,DEF,1,2025-08-15T17:30:00Z,2025-08-21T21:40:16Z,4.5,749,4221,0.2,4.5,749,4221,0.2,0.0,0,0,0.0
571,Davies,Ben,Davies,Spurs,TOT,DEF,1,2025-08-15T17:30:00Z,2025-08-21T21:40:16Z,4.5,318,1337,0.1,4.5,318,1337,0.1,0.0,0,0,0.0
572,Dragusin,Radu,Drăgușin,Spurs,TOT,DEF,1,2025-08-15T17:30:00Z,2025-08-21T21:40:16Z,4.5,50,106,0.0,4.5,50,106,0.0,0.0,0,0,0.0
573,Spence,Djed,Spence,Spurs,TOT,DEF,1,2025-08-15T17:30:00Z,2025-08-21T21:40:16Z,4.5,15156,10688,1.3,4.5,15156,10688,1.3,0.0,0,0,0.0
574,Udogie,Destiny,Udogie,Spurs,TOT,DEF,1,2025-08-15T17:30:00Z,2025-08-21T21:40:16Z,4.5,297,26913,0.6,4.5,297,26913,0.6,0.0,0,0,0.0
575,Van de Ven,Micky,van de Ven,Spurs,TOT,DEF,1,2025-08-15T17:30:00Z,2025-08-21T21:40:16Z,4.5,136318,99254,27.2,4.5,136318,99254,27.2,0.0,0,0,0.0
576,Phillips,Ashley,Phillips,Spurs,TOT,DEF,1,2025-08-15T17:30:00Z,2025-08-21T21:40:16Z,4.0,0,650,0.0,4.0,0,650,0.0,0.0,0,0,0.0
577,Takai,Takai,Kōta,Spurs,TOT,DEF,1,2025-08-15T17:30:00Z,2025-08-21T21:40:16Z,4.0,94,2036,0.1,4.0,94,2036,0.1,0.0,0,0,0.0
578,Vuskovic,Luka,Vušković,Spurs,TOT,DEF,1,2025-08-15T17:30:00Z,2025-08-21T21:40:16Z,4.0,2996,10451,1.0,4.0,2996,10451,1.0,0.0,0,0,0.0
579,Son,Son,Heung-min,Spurs,TOT,MID,1,2025-08-15T17:30:00Z,2025-08-21T21:40:16Z,8.5,0,15599,0.2,8.5,0,15599,0.2,0.0,0,0,0.0
580,Johnson,Brennan,Johnson,Spurs,TOT,MID,1,2025-08-15T17:30:00Z,2025-08-21T21:40:16Z,7.0,17897,29095,3.0,7.0,17897,29095,3.0,0.0,0,0,0.0
581,Maddison,James,Maddison,Spurs,TOT,MID,1,2025-08-15T17:30:00Z,2025-08-21T21:40:16Z,7.0,117,10590,0.2,7.0,117,10590,0.2,0.0,0,0,0.0
582,Kudus,Mohammed,Kudus,Spurs,TOT,MID,1,2025-08-15T17:30:00Z,2025-08-21T21:40:16Z,6.5,317635,98129,27.6,6.5,317635,98129,27.6,0.0,0,0,0.0
583,Kulusevski,Dejan,Kulusevski,Spurs,TOT,MID,1,2025-08-15T17:30:00Z,2025-08-21T21:40:16Z,6.5,84,411,0.0,6.5,84,411,0.0,0.0,0,0,0.0
584,Tel,Mathys,Tel,Spurs,TOT,MID,1,2025-08-15T17:30:00Z,2025-08-21T21:40:16Z,6.4,515,3087,0.1,6.4,515,3087,0.1,0.0,0,0,0.0
585,Bentancur,Rodrigo,Bentancur,Spurs,TOT,MID,1,2025-08-15T17:30:00Z,2025-08-21T21:40:16Z,5.5,734,3197,0.2,5.5,734,3197,0.2,0.0,0,0,0.0
586,Bergvall,Lucas,Bergvall,Spurs,TOT,MID,1,2025-08-15T17:30:00Z,2025-08-21T21:40:16Z,5.5,904,1938,0.2,5.5,904,1938,0.2,0.0,0,0,0.0
587,Bissouma,Yves,Bissouma,Spurs,TOT,MID,1,2025-08-15T17:30:00Z,2025-08-21T21:40:16Z,5.5,552,3231,0.1,5.5,552,3231,0.1,0.0,0,0,0.0
588,Odobert,Wilson,Odobert,Spurs,TOT,MID,1,2025-08-15T17:30:00Z,2025-08-21T21:40:16Z,5.5,109,779,0.0,5.5,109,779,0.0,0.0,0,0,0.0
589,Solomon,Manor,Solomon,Spurs,TOT,MID,1,2025-08-15T17:30:00Z,2025-08-21T21:40:16Z,5.5,24,490,0.0,5.5,24,490,0.0,0.0,0,0,0.0
590,Bryan,Bryan,Gil Salvatierra,Spurs,TOT,MID,1,2025-08-15T17:30:00Z,2025-08-21T21:40:16Z,5.0,116,746,0.0,5.0,116,746,0.0,0.0,0,0,0.0
591,Gray,Archie,Gray,Spurs,TOT,MID,1,2025-08-15T17:30:00Z,2025-08-21T21:40:16Z,5.0,911,1810,0.1,5.0,911,1810,0.1,0.0,0,0,0.0
592,Moore,Mikey,Moore,Spurs,TOT,MID,1,2025-08-15T17:30:00Z,2025-08-21T21:40:16Z,5.0,0,305,0.0,5.0,0,305,0.0,0.0,0,0,0.0
593,P.M.Sarr,Pape Matar,Sarr,Spurs,TOT,MID,1,2025-08-15T17:30:00Z,2025-08-21T21:40:16Z,5.0,34603,30861,2.8,5.0,34603,30861,2.8,0.0,0,0,0.0
594,Min-hyeok,Yang,Min-hyeok,Spurs,TOT,MID,1,2025-08-15T17:30:00Z,2025-08-21T21:40:16Z,4.5,0,1047,0.0,4.5,0,1047,0.0,0.0,0,0,0.0
595,Olusesi,Callum,Olusesi,Spurs,TOT,MID,1,2025-08-15T17:30:00Z,2025-08-21T21:40:16Z,4.5,945,2581,0.2,4.5,945,2581,0.2,0.0,0,0,0.0
596,Solanke,Dominic,Solanke-Mitchell,Spurs,TOT,FWD,1,2025-08-15T17:30:00Z,2025-08-21T21:40:16Z,7.4,9030,103770,3.8,7.4,9030,103770,3.8,0.0,0,0,0.0
597,Richarlison,Richarlison,de Andrade,Spurs,TOT,FWD,1,2025-08-15T17:30:00Z,2025-08-21T21:40:16Z,6.5,292134,48257,6.0,6.5,292134,48257,6.0,0.0,0,0,0.0
598,Lankshear,Will,Lankshear,Spurs,TOT,FWD,1,2025-08-15T17:30:00Z,2025-08-21T21:40:16Z,4.5,0,1789,0.1,4.5,0,1789,0.1,0.0,0,0,0.0
599,Scarlett,Dane,Scarlett,Spurs,TOT,FWD,1,2025-08-15T17:30:00Z,2025-08-21T21:40:16Z,4.5,5438,10276,0.8,4.5,5438,10276,0.8,0.0,0,0,0.0
673,J.Palhinha,João Maria,Lobo Alves Palhares Costa Palhinha Gonçalves,Spurs,TOT,MID,1,2025-08-15T17:30:00Z,2025-08-21T21:40:16Z,5.5,1123,7981,0.3,5.5,1123,7981,0.3,0.0,0,0,0.0
600,Areola,Alphonse,Areola,West Ham,WHU,GK,1,2025-08-15T17:30:00Z,2025-08-21T21:40:16Z,4.5,5368,61123,4.1,4.5,5368,61123,4.1,0.0,0,0,0.0
601,Foderingham,Wes,Foderingham,West Ham,WHU,GK,1,2025-08-15T17:30:00Z,2025-08-21T21:40:16Z,4.0,1680,2962,0.6,4.0,1680,2962,0.6,0.0,0,0,0.0
602,Hegyi,Krisztián,Hegyi,West Ham,WHU,GK,1,2025-08-15T17:30:00Z,2025-08-21T21:40:16Z,4.0,382,1134,0.3,4.0,382,1134,0.3,0.0,0,0,0.0
603,Diouf,El Hadji Malick,Diouf,West Ham,WHU,DEF,1,2025-08-15T17:30:00Z,2025-08-21T21:40:16Z,4.5,8801,65988,6.7,4.5,8801,65988,6.7,0.0,0,0,0.0
604,Emerson,Emerson,Palmieri dos Santos,West Ham,WHU,DEF,1,2025-08-15T17:30:00Z,2025-08-21T21:40:16Z,4.5,309,3391,0.2,4.5,309,3391,0.2,0.0,0,0,0.0
605,Kilman,Maximilian,Kilman,West Ham,WHU,DEF,1,2025-08-15T17:30:00Z,2025-08-21T21:40:16Z,4.5,311,4843,0.3,4.5,311,4843,0.3,0.0,0,0,0.0
606,Mavropanos,Konstantinos,Mavropanos,West Ham,WHU,DEF,1,2025-08-15T17:30:00Z,2025-08-21T21:40:16Z,4.5,96,740,0.1,4.5,96,740,0.1,0.0,0,0,0.0
607,N.Aguerd,Nayef,Aguerd,West Ham,WHU,DEF,1,2025-08-15T17:30:00Z,2025-08-21T21:40:16Z,4.5,423,1570,0.1,4.5,423,1570,0.1,0.0,0,0,0.0
608,Scarles,Ollie,Scarles,West Ham,WHU,DEF,1,2025-08-15T17:30:00Z,2025-08-21T21:40:16Z,4.5,50,434,0.0,4.5,50,434,0.0,0.0,0,0,0.0
609,Todibo,Jean-Clair,Todibo,West Ham,WHU,DEF,1,2025-08-15T17:30:00Z,2025-08-21T21:40:16Z,4.5,443,1873,0.1,4.5,443,1873,0.1,0.0,0,0,0.0
610,Wan-Bissaka,Aaron,Wan-Bissaka,West Ham,WHU,DEF,1,2025-08-15T17:30:00Z,2025-08-21T21:40:16Z,4.5,22890,225470,22.1,4.5,22890,225470,22.1,0.0,0,0,0.0
611,Casey,Kaelan,Casey,West Ham,WHU,DEF,1,2025-08-15T17:30:00Z,2025-08-21T21:40:16Z,4.0,0,3325,0.2,4.0,0,3325,0.2,0.0,0,0,0.0
612,L.Paquetá,Lucas,Tolentino Coelho de Lima,West Ham,WHU,MID,1,2025-08-15T17:30:00Z,2025-08-21T21:40:16Z,5.9,3010,25158,0.9,5.9,3010,25158,0.9,0.0,0,0,0.0
613,Souček,Tomáš,Souček,West Ham,WHU,MID,1,2025-08-15T17:30:00Z,2025-08-21T21:40:16Z,5.9,518,19167,0.7,5.9,518,19167,0.7,0.0,0,0,0.0
614,Ward-Prowse,James,Ward-Prowse,West Ham,WHU,MID,1,2025-08-15T17:30:00Z,2025-08-21T21:40:16Z,6.0,1117,7112,0.4,6.0,1117,7112,0.4,0.0,0,0,0.0
615,Summerville,Crysencio,Summerville,West Ham,WHU,MID,1,2025-08-15T17:30:00Z,2025-08-21T21:40:16Z,5.5,49,226,0.0,5.5,49,226,0.0,0.0,0,0,0.0
616,Álvarez,Edson,Álvarez Velázquez,West Ham,WHU,MID,1,2025-08-15T17:30:00Z,2025-08-21T21:40:16Z,5.0,460,2959,0.2,5.0,460,2959,0.2,0.0,0,0,0.0
617,Cornet,Maxwel,Cornet,West Ham,WHU,MID,1,2025-08-15T17:30:00Z,2025-08-21T21:40:16Z,5.0,47,538,0.0,5.0,47,538,0.0,0.0,0,0,0.0
618,G.Rodriguez,Guido,Rodríguez,West Ham,WHU,MID,1,2025-08-15T17:30:00Z,2025-08-21T21:40:16Z,5.0,183,605,0.1,5.0,183,605,0.1,0.0,0,0,0.0
619,L.Guilherme,Luis Guilherme,Lira dos Santos,West Ham,WHU,MID,1,2025-08-15T17:30:00Z,2025-08-21T21:40:16Z,5.0,30,492,0.0,5.0,30,492,0.0,0.0,0,0,0.0
620,Earthy,George,Earthy,West Ham,WHU,MID,1,2025-08-15T17:30:00Z,2025-08-21T21:40:16Z,4.5,77,1815,0.1,4.5,77,1815,0.1,0.0,0,0,0.0
621,Irving,Andy,Irving,West Ham,WHU,MID,1,2025-08-15T17:30:00Z,2025-08-21T21:40:16Z,4.5,2737,3001,0.3,4.5,2737,3001,0.3,0.0,0,0,0.0
622,Orford,Lewis,Orford,West Ham,WHU,MID,1,2025-08-15T17:30:00Z,2025-08-21T21:40:16Z,4.5,505,1768,0.1,4.5,505,1768,0.1,0.0,0,0,0.0
623,Potts,Freddie,Potts,West Ham,WHU,MID,1,2025-08-15T17:30:00Z,2025-08-21T21:40:16Z,4.5,2163,7493,0.7,4.5,2163,7493,0.7,0.0,0,0,0.0
624,Bowen,Jarrod,Bowen,West Ham,WHU,FWD,1,2025-08-15T17:30:00Z,2025-08-21T21:40:16Z,8.0,16120,333222,13.4,8.0,16120,333222,13.4,0.0,0,0,0.0
625,Füllkrug,Niclas,Füllkrug,West Ham,WHU,FWD,1,2025-08-15T17:30:00Z,2025-08-21T21:40:16Z,6.0,9501,57344,3.2,6.0,9501,57344,3.2,0.0,0,0,0.0
626,Marshall,Callum,Marshall,West Ham,WHU,FWD,1,2025-08-15T17:30:00Z,2025-08-21T21:40:16Z,4.5,6024,9515,0.7,4.5,6024,9515,0.7,0.0,0,0,0.0
659,Walker-Peters,Kyle,Walker-Peters,West Ham,WHU,DEF,1,2025-08-15T17:30:00Z,2025-08-21T21:40:16Z,4.5,777,4986,0.4,4.5,777,4986,0.4,0.0,0,0,0.0
671,Wilson,Callum,Wilson,West Ham,WHU,FWD,1,2025-08-15T17:30:00Z,2025-08-21T21:40:16Z,6.0,1700,7845,0.5,6.0,1700,7845,0.5,0.0,0,0,0.0
679,Hermansen,Mads,Hermansen,West Ham,WHU,GK,1,2025-08-15T17:30:00Z,2025-08-21T21:40:16Z,4.5,2020,2888,0.3,4.5,2020,2888,0.3,0.0,0,0,0.0
627,Johnstone,Sam,Johnstone,Wolves,WOL,GK,1,2025-08-15T17:30:00Z,2025-08-21T21:40:16Z,4.5,379,993,0.1,4.5,379,993,0.1,0.0,0,0,0.0
628,José Sá,José,Malheiro de Sá,Wolves,WOL,GK,1,2025-08-15T17:30:00Z,2025-08-21T21:40:16Z,4.5,5501,11588,2.0,4.5,5501,11588,2.0,0.0,0,0,0.0
629,Bentley,Daniel,Bentley,Wolves,WOL,GK,1,2025-08-15T17:30:00Z,2025-08-21T21:40:16Z,4.0,1683,2861,0.8,4.0,1683,2861,0.8,0.0,0,0,0.0
631,Agbadou,Emmanuel,Agbadou,Wolves,WOL,DEF,1,2025-08-15T17:30:00Z,2025-08-21T21:40:16Z,4.5,2062,2109,0.4,4.5,2062,2109,0.4,0.0,0,0,0.0
632,Doherty,Matt,Doherty,Wolves,WOL,DEF,1,2025-08-15T17:30:00Z,2025-08-21T21:40:16Z,4.5,772,1643,0.2,4.5,772,1643,0.2,0.0,0,0,0.0
633,H.Bueno,Hugo,Bueno López,Wolves,WOL,DEF,1,2025-08-15T17:30:00Z,2025-08-21T21:40:16Z,4.5,477,619,0.1,4.5,477,619,0.1,0.0,0,0,0.0
634,Mosquera,Yerson,Mosquera Valdelamar,Wolves,WOL,DEF,1,2025-08-15T17:30:00Z,2025-08-21T21:40:16Z,4.5,169,659,0.1,4.5,169,659,0.1,0.0,0,0,0.0
635,R.Gomes,Rodrigo,Martins Gomes,Wolves,WOL,DEF,1,2025-08-15T17:30:00Z,2025-08-21T21:40:16Z,4.5,443,621,0.1,4.5,443,621,0.1,0.0,0,0,0.0
636,S.Bueno,Santiago,Ignacio Bueno,Wolves,WOL,DEF,1,2025-08-15T17:30:00Z,2025-08-21T21:40:16Z,4.5,82,525,0.1,4.5,82,525,0.1,0.0,0,0,0.0
637,Toti,Toti,Gomes,Wolves,WOL,DEF,1,2025-08-15T17:30:00Z,2025-08-21T21:40:16Z,4.5,642,1490,0.2,4.5,642,1490,0.2,0.0,0,0,0.0
638,Hoever,Ki-Jana,Hoever,Wolves,WOL,DEF,1,2025-08-15T17:30:00Z,2025-08-21T21:40:16Z,4.0,14433,13089,2.3,4.0,14433,13089,2.3,0.0,0,0,0.0
639,Meupiyou,Bastien,Meupiyou Menadjou,Wolves,WOL,DEF,1,2025-08-15T17:30:00Z,2025-08-21T21:40:16Z,4.0,0,197,0.0,4.0,0,197,0.0,0.0,0,0,0.0
640,Pedro Lima,Pedro,Cardoso de Lima,Wolves,WOL,DEF,1,2025-08-15T17:30:00Z,2025-08-21T21:40:16Z,4.0,4094,7679,1.1,4.0,4094,7679,1.1,0.0,0,0,0.0
641,Pond,Alfie,Pond,Wolves,WOL,DEF,1,2025-08-15T17:30:00Z,2025-08-21T21:40:16Z,4.0,5205,10207,1.5,4.0,5205,10207,1.5,0.0,0,0,0.0
642,Hee Chan,Hwang,Hee-chan,Wolves,WOL,MID,1,2025-08-15T17:30:00Z,2025-08-21T21:40:16Z,6.0,765,2628,0.2,6.0,765,2628,0.2,0.0,0,0,0.0
643,André,André,Trindade da Costa Neto,Wolves,WOL,MID,1,2025-08-15T17:30:00Z,2025-08-21T21:40:16Z,5.5,1235,861,0.1,5.5,1235,861,0.1,0.0,0,0,0.0
644,Bellegarde,Jean-Ricner,Bellegarde,Wolves,WOL,MID,1,2025-08-15T17:30:00Z,2025-08-21T21:40:16Z,5.5,767,998,0.1,5.5,767,998,0.1,0.0,0,0,0.0
645,Fer López,Fer,López González,Wolves,WOL,MID,1,2025-08-15T17:30:00Z,2025-08-21T21:40:16Z,5.5,94,645,0.0,5.5,94,645,0.0,0.0,0,0,0.0
646,Gomes,João Victor,Gomes da Silva,Wolves,WOL,MID,1,2025-08-15T17:30:00Z,2025-08-21T21:40:16Z,5.5,562,1214,0.1,5.5,562,1214,0.1,0.0,0,0,0.0
647,Guedes,Gonçalo Manuel,Ganchinho Guedes,Wolves,WOL,MID,1,2025-08-15T17:30:00Z,2025-08-21T21:40:16Z,5.5,0,398,0.0,5.5,0,398,0.0,0.0,0,0,0.0
648,Munetsi,Marshall,Munetsi,Wolves,WOL,MID,1,2025-08-15T17:30:00Z,2025-08-21T21:40:16Z,5.5,1365,686,0.1,5.5,1365,686,0.1,0.0,0,0,0.0
649,B.Traore,Boubacar,Traoré,Wolves,WOL,MID,1,2025-08-15T17:30:00Z,2025-08-21T21:40:16Z,5.0,0,71,0.0,5.0,0,71,0.0,0.0,0,0,0.0
650,Chirewa,Tawanda,Chirewa,Wolves,WOL,MID,1,2025-08-15T17:30:00Z,2025-08-21T21:40:16Z,4.5,1144,3611,0.3,4.5,1144,3611,0.3,0.0,0,0,0.0
651,Edozie,Tom,Edozie,Wolves,WOL,MID,1,2025-08-15T17:30:00Z,2025-08-21T21:40:16Z,4.5,1418,4308,0.4,4.5,1418,4308,0.4,0.0,0,0,0.0
652,Gonzalez,Enso,González Medina,Wolves,WOL,MID,1,2025-08-15T17:30:00Z,2025-08-21T21:40:16Z,4.5,5908,16576,1.5,4.5,5908,16576,1.5,0.0,0,0,0.0
653,Hodge,Joe,Hodge,Wolves,WOL,MID,1,2025-08-15T17:30:00Z,2025-08-21T21:40:16Z,4.5,0,1553,0.1,4.5,0,1553,0.1,0.0,0,0,0.0
654,Strand Larsen,Jørgen,Strand Larsen,Wolves,WOL,FWD,1,2025-08-15T17:30:00Z,2025-08-21T21:40:16Z,6.5,33709,42719,4.6,6.5,33709,42719,4.6,0.0,0,0,0.0
655,Fábio Silva,Fábio,Soares Silva,Wolves,WOL,FWD,1,2025-08-15T17:30:00Z,2025-08-21T21:40:16Z,5.0,3304,8121,0.6,5.0,3304,8121,0.6,0.0,0,0,0.0
656,Kalajdžić,Saša,Kalajdžić,Wolves,WOL,FWD,1,2025-08-15T17:30:00Z,2025-08-21T21:40:16Z,5.0,403,1494,0.1,5.0,403,1494,0.1,0.0,0,0,0.0
657,Chiwome,Leon,Chiwome,Wolves,WOL,FWD,1,2025-08-15T17:30:00Z,2025-08-21T21:40:16Z,4.5,865,874,0.0,4.5,865,874,0.0,0.0,0,0,0.0
658,Fraser,Nathan,Fraser,Wolves,WOL,FWD,1,2025-08-15T17:30:00Z,2025-08-21T21:40:16Z,4.5,23075,25941,2.5,4.5,23075,25941,2.5,0.0,0,0,0.0
663,J.Arias,Jhon,Arias,Wolves,WOL,MID,1,2025-08-15T17:30:00Z,2025-08-21T21:40:16Z,5.5,1421,11437,0.6,5.5,1421,11437,0.6,0.0,0,0,0.0
682,Møller Wolfe,David,Møller Wolfe,Wolves,WOL,DEF,1,2025-08-15T17:30:00Z,2025-08-21T21:40:16Z,4.5,704,516,0.1,4.5,704,516,0.1,0.0,0,0,0.0
695,Tchatchoua,Jackson,Tchatchoua,Wolves,WOL,DEF,1,2025-08-15T17:30:00Z,2025-08-21T21:40:16Z,4.5,155,29,0.0,4.5,155,29,0.0,0.0,0,0,0.0
