gw,fixture,kickoff_time,player_id,web_name,first_name,second_name,position,team,team_name,team_short,is_home,opponent_team,opponent_name,opponent_short,team_h,team_h_score,team_a,team_a_score,minutes,goals_scored,assists,clean_sheets,goals_conceded,own_goals,saves,penalties_saved,penalties_missed,yellow_cards,red_cards,bonus
2,11,2025-08-23T16:30:00Z,1,Raya,David,Raya Martín,GK,1,Arsenal,ARS,True,11,Leeds,LEE,1,5,11,0,90,,,1.0,,,,,,,,
2,11,2025-08-23T16:30:00Z,2,Arrizabalaga,Kepa,Arrizabalaga Revuelta,GK,1,Arsenal,ARS,True,11,Leeds,LEE,1,5,11,0,0,,,,,,,,,,,
2,11,2025-08-23T16:30:00Z,3,Hein,Karl,Hein,GK,1,Arsenal,ARS,True,11,Leeds,LEE,1,5,11,0,0,,,,,,,,,,,
2,11,2025-08-23T16:30:00Z,4,Setford,Tommy,Setford,GK,1,Arsenal,ARS,True,11,Leeds,LEE,1,5,11,0,0,,,,,,,,,,,
2,11,2025-08-23T16:30:00Z,5,Gabriel,Gabriel,dos Santos Magalhães,DEF,1,Arsenal,ARS,True,11,Leeds,LEE,1,5,11,0,90,,,1.0,,,,,,,,
2,11,2025-08-23T16:30:00Z,6,Saliba,William,Saliba,DEF,1,Arsenal,ARS,True,11,Leeds,LEE,1,5,11,0,90,,,1.0,,,,,,,,
2,11,2025-08-23T16:30:00Z,7,Calafiori,Riccardo,Calafiori,DEF,1,Arsenal,ARS,True,11,Leeds,LEE,1,5,11,0,63,,2.0,1.0,,,,,,,,1.0
2,11,2025-08-23T16:30:00Z,8,J.Timber,Jurriën,Timber,DEF,1,Arsenal,ARS,True,11,Leeds,LEE,1,5,11,0,63,2.0,1.0,1.0,,,,,,,,3.0
2,11,2025-08-23T16:30:00Z,9,Kiwior,Jakub,Kiwior,DEF,1,Arsenal,ARS,True,11,Leeds,LEE,1,5,11,0,0,,,,,,,,,,,
2,11,2025-08-23T16:30:00Z,10,Lewis-Skelly,Myles,Lewis-Skelly,DEF,1,Arsenal,ARS,True,11,Leeds,LEE,1,5,11,0,26,,,,,,,,,,,
2,11,2025-08-23T16:30:00Z,11,White,Benjamin,White,DEF,1,Arsenal,ARS,True,11,Leeds,LEE,1,5,11,0,0,,,,,,,,,,,
2,11,2025-08-23T16:30:00Z,12,Zinchenko,Oleksandr,Zinchenko,DEF,16,Nott'm Forest,NFO,False,1,Arsenal,ARS,1,5,11,0,0,,,,,,,,,,,
2,11,2025-08-23T16:30:00Z,13,Clarke,Brayden,Clarke,DEF,1,Arsenal,ARS,True,11,Leeds,LEE,1,5,11,0,0,,,,,,,,,,,
2,11,2025-08-23T16:30:00Z,14,Kacurri,Maldini,Kacurri,DEF,1,Arsenal,ARS,True,11,Leeds,LEE,1,5,11,0,0,,,,,,,,,,,
2,11,2025-08-23T16:30:00Z,15,Nichols,Josh,Nichols,DEF,1,Arsenal,ARS,True,11,Leeds,LEE,1,5,11,0,0,,,,,,,,,,,
2,11,2025-08-23T16:30:00Z,16,Saka,Bukayo,Saka,MID,1,Arsenal,ARS,True,11,Leeds,LEE,1,5,11,0,52,1.0,,,,,,,,,,
2,11,2025-08-23T16:30:00Z,17,Ødegaard,Martin,Ødegaard,MID,1,Arsenal,ARS,True,11,Leeds,LEE,1,5,11,0,37,,,,,,,,,,,
2,11,2025-08-23T16:30:00Z,18,Madueke,Noni,Madueke,MID,1,Arsenal,ARS,True,11,Leeds,LEE,1,5,11,0,63,,,1.0,,,,,,,,
2,11,2025-08-23T16:30:00Z,19,Martinelli,Gabriel,Martinelli Silva,MID,1,Arsenal,ARS,True,11,Leeds,LEE,1,5,11,0,0,,,,,,,,,,,
2,11,2025-08-23T16:30:00Z,20,Trossard,Leandro,Trossard,MID,1,Arsenal,ARS,True,11,Leeds,LEE,1,5,11,0,37,,,,,,,,,,,
2,11,2025-08-23T16:30:00Z,21,Rice,Declan,Rice,MID,1,Arsenal,ARS,True,11,Leeds,LEE,1,5,11,0,90,,1.0,1.0,,,,,,,,
2,11,2025-08-23T16:30:00Z,22,Merino,Mikel,Merino Zazón,MID,1,Arsenal,ARS,True,11,Leeds,LEE,1,5,11,0,0,,,,,,,,,,,
2,11,2025-08-23T16:30:00Z,23,Fábio Vieira,Fábio,Ferreira Vieira,MID,1,Arsenal,ARS,True,11,Leeds,LEE,1,5,11,0,0,,,,,,,,,,,
2,11,2025-08-23T16:30:00Z,24,Nørgaard,Christian,Nørgaard,MID,1,Arsenal,ARS,True,11,Leeds,LEE,1,5,11,0,0,,,,,,,,,,,
2,11,2025-08-23T16:30:00Z,25,Nwaneri,Ethan,Nwaneri,MID,1,Arsenal,ARS,True,11,Leeds,LEE,1,5,11,0,52,,,,,,,,,,,
2,11,2025-08-23T16:30:00Z,26,Zubimendi,Martín,Zubimendi Ibáñez,MID,1,Arsenal,ARS,True,11,Leeds,LEE,1,5,11,0,90,,,1.0,,,,,,,,
2,11,2025-08-23T16:30:00Z,27,Nelson,Reiss,Nelson,MID,5,Brentford,BRE,False,1,Arsenal,ARS,1,5,11,0,0,,,,,,,,,,,
2,11,2025-08-23T16:30:00Z,28,Kabia,Ismeal,Kabia,MID,1,Arsenal,ARS,True,11,Leeds,LEE,1,5,11,0,0,,,,,,,,,,,
2,11,2025-08-23T16:30:00Z,29,Sambi,Albert,Sambi Lokonga,MID,1,Arsenal,ARS,True,11,Leeds,LEE,1,5,11,0,0,,,,,,,,,,,
2,11,2025-08-23T16:30:00Z,30,Havertz,Kai,Havertz,FWD,1,Arsenal,ARS,True,11,Leeds,LEE,1,5,11,0,0,,,,,,,,,,,
2,11,2025-08-23T16:30:00Z,31,G.Jesus,Gabriel,Fernando de Jesus,FWD,1,Arsenal,ARS,True,11,Leeds,LEE,1,5,11,0,0,,,,,,,,,,,
2,13,2025-08-23T14:00:00Z,32,Martinez,Emiliano,Martínez Romero,GK,2,Aston Villa,AVL,False,5,Brentford,BRE,5,1,2,0,90,,,,,,,,,,,
2,13,2025-08-23T14:00:00Z,33,M.Bizot,Marco,Bizot,GK,2,Aston Villa,AVL,False,5,Brentford,BRE,5,1,2,0,0,,,,,,,,,,,
2,13,2025-08-23T14:00:00Z,34,Gauci,Joe,Gauci,GK,2,Aston Villa,AVL,False,5,Brentford,BRE,5,1,2,0,0,,,,,,,,,,,
2,13,2025-08-23T14:00:00Z,35,Marschall,Filip,Marschall,GK,2,Aston Villa,AVL,False,5,Brentford,BRE,5,1,2,0,0,,,,,,,,,,,
2,13,2025-08-23T14:00:00Z,36,Cash,Matty,Cash,DEF,2,Aston Villa,AVL,False,5,Brentford,BRE,5,1,2,0,90,,,,,,,,,,,
2,13,2025-08-23T14:00:00Z,37,Digne,Lucas,Digne,DEF,2,Aston Villa,AVL,False,5,Brentford,BRE,5,1,2,0,63,,,,,,,,,,,
2,13,2025-08-23T14:00:00Z,38,Konsa,Ezri,Konsa Ngoyo,DEF,2,Aston Villa,AVL,False,5,Brentford,BRE,5,1,2,0,0,,,,,,,,,,,
2,13,2025-08-23T14:00:00Z,39,Maatsen,Ian,Maatsen,DEF,2,Aston Villa,AVL,False,5,Brentford,BRE,5,1,2,0,26,,,,,,,,,,,
2,13,2025-08-23T14:00:00Z,40,Mings,Tyrone,Mings,DEF,2,Aston Villa,AVL,False,5,Brentford,BRE,5,1,2,0,90,,,,,,,,,,,
2,13,2025-08-23T14:00:00Z,41,Pau,Pau,Torres,DEF,2,Aston Villa,AVL,False,5,Brentford,BRE,5,1,2,0,90,,,,,,,,,,,
2,13,2025-08-23T14:00:00Z,42,A.García,Andrés,García,DEF,2,Aston Villa,AVL,False,5,Brentford,BRE,5,1,2,0,0,,,,,,,,,,,
2,13,2025-08-23T14:00:00Z,43,Alex Moreno,Álex,Moreno Lopera,DEF,2,Aston Villa,AVL,False,5,Brentford,BRE,5,1,2,0,0,,,,,,,,,,,
2,13,2025-08-23T14:00:00Z,44,Bogarde,Lamare,Bogarde,DEF,2,Aston Villa,AVL,False,5,Brentford,BRE,5,1,2,0,16,,,,,,,,,1.0,,
2,13,2025-08-23T14:00:00Z,45,Sousa,Lino,da Cruz Sousa,DEF,2,Aston Villa,AVL,False,5,Brentford,BRE,5,1,2,0,0,,,,,,,,,,,
2,13,2025-08-23T14:00:00Z,46,Yasin,Yasin,Özcan,DEF,2,Aston Villa,AVL,False,5,Brentford,BRE,5,1,2,0,0,,,,,,,,,,,
2,13,2025-08-23T14:00:00Z,47,Rogers,Morgan,Rogers,MID,2,Aston Villa,AVL,False,5,Brentford,BRE,5,1,2,0,90,,,,,,,,,,,
2,13,2025-08-23T14:00:00Z,48,Tielemans,Youri,Tielemans,MID,2,Aston Villa,AVL,False,5,Brentford,BRE,5,1,2,0,90,,,,,,,,,,,
2,13,2025-08-23T14:00:00Z,49,Bailey,Leon,Bailey,MID,2,Aston Villa,AVL,False,5,Brentford,BRE,5,1,2,0,0,,,,,,,,,,,
2,13,2025-08-23T14:00:00Z,50,Buendía,Emiliano,Buendía Stati,MID,2,Aston Villa,AVL,False,5,Brentford,BRE,5,1,2,0,58,,,,,,,,,,,
2,13,2025-08-23T14:00:00Z,51,Iling Jr,Samuel,Iling-Junior,MID,2,Aston Villa,AVL,False,5,Brentford,BRE,5,1,2,0,0,,,,,,,,,,,
2,19,2025-08-25T19:00:00Z,52,J.Ramsey,Jacob,Ramsey,MID,15,Newcastle,NEW,True,12,Liverpool,LIV,15,2,12,3,14,,,,,,,,,,,
2,13,2025-08-23T14:00:00Z,53,Malen,Donyell,Malen,MID,2,Aston Villa,AVL,False,5,Brentford,BRE,5,1,2,0,26,,,,,,,,,,,
2,13,2025-08-23T14:00:00Z,54,McGinn,John,McGinn,MID,2,Aston Villa,AVL,False,5,Brentford,BRE,5,1,2,0,73,,,,,,,,,,,
2,13,2025-08-23T14:00:00Z,55,Barkley,Ross,Barkley,MID,2,Aston Villa,AVL,False,5,Brentford,BRE,5,1,2,0,0,,,,,,,,,,,
2,13,2025-08-23T14:00:00Z,56,Barrenechea,Enzo,Barrenechea,MID,2,Aston Villa,AVL,False,5,Brentford,BRE,5,1,2,0,0,,,,,,,,,,,
2,13,2025-08-23T14:00:00Z,57,Dobbin,Lewis,Dobbin,MID,2,Aston Villa,AVL,False,5,Brentford,BRE,5,1,2,0,0,,,,,,,,,,,
2,13,2025-08-23T14:00:00Z,58,Kamara,Boubacar,Kamara,MID,2,Aston Villa,AVL,False,5,Brentford,BRE,5,1,2,0,15,,,,,,,,,,,
2,13,2025-08-23T14:00:00Z,59,Onana,Amadou,Onana,MID,2,Aston Villa,AVL,False,5,Brentford,BRE,5,1,2,0,63,,,,,,,,,1.0,,
2,13,2025-08-23T14:00:00Z,60,Broggio,Ben,Broggio,MID,2,Aston Villa,AVL,False,5,Brentford,BRE,5,1,2,0,0,,,,,,,,,,,
2,13,2025-08-23T14:00:00Z,61,Dendoncker,Leander,Dendoncker,MID,2,Aston Villa,AVL,False,5,Brentford,BRE,5,1,2,0,0,,,,,,,,,,,
2,13,2025-08-23T14:00:00Z,62,Jimoh-Aloba,Jamaldeen,Jimoh-Aloba,MID,2,Aston Villa,AVL,False,5,Brentford,BRE,5,1,2,0,0,,,,,,,,,,,
2,13,2025-08-23T14:00:00Z,63,Young,Kadan,Young,MID,2,Aston Villa,AVL,False,5,Brentford,BRE,5,1,2,0,0,,,,,,,,,,,
2,13,2025-08-23T14:00:00Z,64,Watkins,Ollie,Watkins,FWD,2,Aston Villa,AVL,False,5,Brentford,BRE,5,1,2,0,90,,,,,,,,,,,
2,13,2025-08-23T14:00:00Z,65,Redmond,Zépiqueno,Redmond,FWD,2,Aston Villa,AVL,False,5,Brentford,BRE,5,1,2,0,0,,,,,,,,,,,
2,12,2025-08-23T14:00:00Z,66,Neto,Norberto,Murara Neto,GK,4,Bournemouth,BOU,True,20,Wolves,WOL,4,1,20,0,0,,,,,,,,,,,
2,12,2025-08-23T14:00:00Z,67,Petrović,Đorđe,Petrović,GK,4,Bournemouth,BOU,True,20,Wolves,WOL,4,1,20,0,90,,,1.0,,,,,,,,
2,12,2025-08-23T14:00:00Z,68,Dennis,Will,Dennis,GK,4,Bournemouth,BOU,True,20,Wolves,WOL,4,1,20,0,0,,,,,,,,,,,
2,12,2025-08-23T14:00:00Z,69,McKenna,Callan,McKenna,GK,4,Bournemouth,BOU,True,20,Wolves,WOL,4,1,20,0,0,,,,,,,,,,,
2,12,2025-08-23T14:00:00Z,70,Paulsen,Alex,Paulsen,GK,4,Bournemouth,BOU,True,20,Wolves,WOL,4,1,20,0,0,,,,,,,,,,,
2,12,2025-08-23T14:00:00Z,71,Zabarnyi,Illia,Zabarnyi,DEF,4,Bournemouth,BOU,True,20,Wolves,WOL,4,1,20,0,0,,,,,,,,,,,
2,12,2025-08-23T14:00:00Z,72,Senesi,Marcos,Senesi Barón,DEF,4,Bournemouth,BOU,True,20,Wolves,WOL,4,1,20,0,90,,,1.0,,,,,,,,1.0
2,12,2025-08-23T14:00:00Z,73,Smith,Adam,Smith,DEF,4,Bournemouth,BOU,True,20,Wolves,WOL,4,1,20,0,90,,,1.0,,,,,,,,
2,12,2025-08-23T14:00:00Z,74,Truffert,Adrien,Truffert,DEF,4,Bournemouth,BOU,True,20,Wolves,WOL,4,1,20,0,90,,,1.0,,,,,,,,
2,12,2025-08-23T14:00:00Z,75,Akinmboni,Matai,Akinmboni,DEF,4,Bournemouth,BOU,True,20,Wolves,WOL,4,1,20,0,0,,,,,,,,,,,
2,12,2025-08-23T14:00:00Z,76,Bevan,Owen,Bevan,DEF,4,Bournemouth,BOU,True,20,Wolves,WOL,4,1,20,0,0,,,,,,,,,,,
2,12,2025-08-23T14:00:00Z,77,Hill,James,Hill,DEF,4,Bournemouth,BOU,True,20,Wolves,WOL,4,1,20,0,2,,,,,,,,,,,
2,12,2025-08-23T14:00:00Z,78,J.Araujo,Julián,Araujo Zúñiga,DEF,4,Bournemouth,BOU,True,20,Wolves,WOL,4,1,20,0,0,,,,,,,,,,,
2,12,2025-08-23T14:00:00Z,79,Mepham,Chris,Mepham,DEF,4,Bournemouth,BOU,True,20,Wolves,WOL,4,1,20,0,0,,,,,,,,,,,
2,12,2025-08-23T14:00:00Z,80,Soler,Julio,Soler Barreto,DEF,4,Bournemouth,BOU,True,20,Wolves,WOL,4,1,20,0,0,,,,,,,,,,,
2,12,2025-08-23T14:00:00Z,81,Kluivert,Justin,Kluivert,MID,4,Bournemouth,BOU,True,20,Wolves,WOL,4,1,20,0,12,,,,,,,,,,,
2,12,2025-08-23T14:00:00Z,82,Semenyo,Antoine,Semenyo,MID,4,Bournemouth,BOU,True,20,Wolves,WOL,4,1,20,0,90,,1.0,1.0,,,,,,,,
2,13,2025-08-23T14:00:00Z,83,O.Dango,Dango,Ouattara,MID,5,Brentford,BRE,True,2,Aston Villa,AVL,5,1,2,0,83,1.0,,1.0,,,,,,,,3.0
2,12,2025-08-23T14:00:00Z,84,Tavernier,Marcus,Tavernier,MID,4,Bournemouth,BOU,True,20,Wolves,WOL,4,1,20,0,77,1.0,,1.0,,,,,,,,3.0
2,12,2025-08-23T14:00:00Z,85,Adams,Tyler,Adams,MID,4,Bournemouth,BOU,True,20,Wolves,WOL,4,1,20,0,87,,,1.0,,,,,,1.0,,
2,12,2025-08-23T14:00:00Z,86,Brooks,David,Brooks,MID,4,Bournemouth,BOU,True,20,Wolves,WOL,4,1,20,0,66,,,1.0,,,,,,,,
2,12,2025-08-23T14:00:00Z,87,Christie,Ryan,Christie,MID,4,Bournemouth,BOU,True,20,Wolves,WOL,4,1,20,0,24,,,,,,,,,,,
2,12,2025-08-23T14:00:00Z,88,Cook,Lewis,Cook,MID,4,Bournemouth,BOU,True,20,Wolves,WOL,4,1,20,0,0,,,,,,,,,,,
2,12,2025-08-23T14:00:00Z,89,Philip,Philip,Billing,MID,4,Bournemouth,BOU,True,20,Wolves,WOL,4,1,20,0,0,,,,,,,,,,,
2,12,2025-08-23T14:00:00Z,90,Scott,Alex,Scott,MID,4,Bournemouth,BOU,True,20,Wolves,WOL,4,1,20,0,65,,,1.0,,,,,,1.0,,
2,12,2025-08-23T14:00:00Z,91,Sinisterra,Luis,Sinisterra Lucumí,MID,4,Bournemouth,BOU,True,20,Wolves,WOL,4,1,20,0,0,,,,,,,,,,,
2,12,2025-08-23T14:00:00Z,92,Faivre,Romain,Faivre,MID,4,Bournemouth,BOU,True,20,Wolves,WOL,4,1,20,0,0,,,,,,,,,,,
2,12,2025-08-23T14:00:00Z,93,H.Traorè,Hamed,Traorè,MID,4,Bournemouth,BOU,True,20,Wolves,WOL,4,1,20,0,0,,,,,,,,,,,
2,12,2025-08-23T14:00:00Z,94,Sadi,Dominic,Sadi,MID,4,Bournemouth,BOU,True,20,Wolves,WOL,4,1,20,0,0,,,,,,,,,,,
2,12,2025-08-23T14:00:00Z,95,Silcott-Duberry,Zain,Silcott-Duberry,MID,4,Bournemouth,BOU,True,20,Wolves,WOL,4,1,20,0,0,,,,,,,,,,,
2,12,2025-08-23T14:00:00Z,96,Winterburn,Ben,Winterburn,MID,4,Bournemouth,BOU,True,20,Wolves,WOL,4,1,20,0,0,,,,,,,,,,,
2,12,2025-08-23T14:00:00Z,97,Evanilson,Francisco Evanilson,de Lima Barbosa,FWD,4,Bournemouth,BOU,True,20,Wolves,WOL,4,1,20,0,87,,,,,,,,,,,
2,12,2025-08-23T14:00:00Z,98,Enes Ünal,Enes,Ünal,FWD,4,Bournemouth,BOU,True,20,Wolves,WOL,4,1,20,0,0,,,,,,,,,,,
2,12,2025-08-23T14:00:00Z,99,Adu-Adjei,Daniel,Adu-Adjei,FWD,4,Bournemouth,BOU,True,20,Wolves,WOL,4,1,20,0,0,,,,,,,,,,,
2,12,2025-08-23T14:00:00Z,100,Kroupi.Jr,Eli Junior,Kroupi,FWD,4,Bournemouth,BOU,True,20,Wolves,WOL,4,1,20,0,2,,,,,,,,,,,
2,13,2025-08-23T14:00:00Z,101,Kelleher,Caoimhín,Kelleher,GK,5,Brentford,BRE,True,2,Aston Villa,AVL,5,1,2,0,90,,,1.0,,,,,,1.0,,
2,13,2025-08-23T14:00:00Z,102,Balcombe,Ellery,Balcombe,GK,5,Brentford,BRE,True,2,Aston Villa,AVL,5,1,2,0,0,,,,,,,,,,,
2,13,2025-08-23T14:00:00Z,103,Cox,Matthew,Cox,GK,5,Brentford,BRE,True,2,Aston Villa,AVL,5,1,2,0,0,,,,,,,,,,,
2,13,2025-08-23T14:00:00Z,104,Eyestone,Julian,Eyestone,GK,5,Brentford,BRE,True,2,Aston Villa,AVL,5,1,2,0,0,,,,,,,,,,,
2,13,2025-08-23T14:00:00Z,105,Valdimarsson,Hákon Rafn,Valdimarsson,GK,5,Brentford,BRE,True,2,Aston Villa,AVL,5,1,2,0,0,,,,,,,,,,,
2,13,2025-08-23T14:00:00Z,106,Collins,Nathan,Collins,DEF,5,Brentford,BRE,True,2,Aston Villa,AVL,5,1,2,0,90,,,1.0,,,,,,,,1.0
2,13,2025-08-23T14:00:00Z,107,Lewis-Potter,Keane,Lewis-Potter,DEF,5,Brentford,BRE,True,2,Aston Villa,AVL,5,1,2,0,90,,,1.0,,,,,,,,
2,13,2025-08-23T14:00:00Z,108,Ajer,Kristoffer,Ajer,DEF,5,Brentford,BRE,True,2,Aston Villa,AVL,5,1,2,0,5,,,,,,,,,,,
2,13,2025-08-23T14:00:00Z,109,Henry,Rico,Henry,DEF,5,Brentford,BRE,True,2,Aston Villa,AVL,5,1,2,0,6,,,,,,,,,,,
2,13,2025-08-23T14:00:00Z,110,Kayode,Michael,Kayode,DEF,5,Brentford,BRE,True,2,Aston Villa,AVL,5,1,2,0,84,,,1.0,,,,,,,,2.0
2,13,2025-08-23T14:00:00Z,111,Pinnock,Ethan,Pinnock,DEF,5,Brentford,BRE,True,2,Aston Villa,AVL,5,1,2,0,0,,,,,,,,,,,
2,13,2025-08-23T14:00:00Z,112,Roerslev,Mads,Roerslev Rasmussen,DEF,5,Brentford,BRE,True,2,Aston Villa,AVL,5,1,2,0,0,,,,,,,,,,,
2,13,2025-08-23T14:00:00Z,113,Van den Berg,Sepp,van den Berg,DEF,5,Brentford,BRE,True,2,Aston Villa,AVL,5,1,2,0,90,,,1.0,,,,,,,,
2,13,2025-08-23T14:00:00Z,114,Arthur,Benjamin,Arthur,DEF,5,Brentford,BRE,True,2,Aston Villa,AVL,5,1,2,0,0,,,,,,,,,,,
2,13,2025-08-23T14:00:00Z,115,Fredrick,Benjamin,Fredrick,DEF,5,Brentford,BRE,True,2,Aston Villa,AVL,5,1,2,0,0,,,,,,,,,,,
2,13,2025-08-23T14:00:00Z,116,Hickey,Aaron,Hickey,DEF,5,Brentford,BRE,True,2,Aston Villa,AVL,5,1,2,0,11,,,,,,,,,,,
2,13,2025-08-23T14:00:00Z,117,Ji-soo,Kim,Ji-soo,DEF,5,Brentford,BRE,True,2,Aston Villa,AVL,5,1,2,0,0,,,,,,,,,,,
2,13,2025-08-23T14:00:00Z,118,Meghoma,Jayden,Meghoma,DEF,5,Brentford,BRE,True,2,Aston Villa,AVL,5,1,2,0,0,,,,,,,,,,,
2,17,2025-08-24T15:30:00Z,119,Mbeumo,Bryan,Mbeumo,MID,14,Man Utd,MUN,False,10,Fulham,FUL,10,1,14,1,90,,,,,,,,,,,
2,13,2025-08-23T14:00:00Z,120,Schade,Kevin,Schade,MID,5,Brentford,BRE,True,2,Aston Villa,AVL,5,1,2,0,78,,,1.0,,,,,,,,
2,13,2025-08-23T14:00:00Z,121,Damsgaard,Mikkel,Damsgaard,MID,5,Brentford,BRE,True,2,Aston Villa,AVL,5,1,2,0,90,,,1.0,,,,,,,,
2,13,2025-08-23T14:00:00Z,122,Milambo,Antoni,Milambo,MID,5,Brentford,BRE,True,2,Aston Villa,AVL,5,1,2,0,0,,,,,,,,,,,
2,13,2025-08-23T14:00:00Z,123,Carvalho,Fábio,Freitas Gouveia Carvalho,MID,5,Brentford,BRE,True,2,Aston Villa,AVL,5,1,2,0,0,,,,,,,,,,,
2,13,2025-08-23T14:00:00Z,124,Henderson,Jordan,Henderson,MID,5,Brentford,BRE,True,2,Aston Villa,AVL,5,1,2,0,68,,,1.0,,,,,,,,
2,13,2025-08-23T14:00:00Z,125,Janelt,Vitaly,Janelt,MID,5,Brentford,BRE,True,2,Aston Villa,AVL,5,1,2,0,0,,,,,,,,,,,
2,13,2025-08-23T14:00:00Z,126,Jensen,Mathias,Jensen,MID,5,Brentford,BRE,True,2,Aston Villa,AVL,5,1,2,0,11,,,,,,,,,,,
2,13,2025-08-23T14:00:00Z,127,Nunes,Gustavo,Nunes Fernandes Gomes,MID,5,Brentford,BRE,True,2,Aston Villa,AVL,5,1,2,0,0,,,,,,,,,,,
2,13,2025-08-23T14:00:00Z,128,Onyeka,Frank,Onyeka,MID,5,Brentford,BRE,True,2,Aston Villa,AVL,5,1,2,0,21,,,,,,,,,,,
2,13,2025-08-23T14:00:00Z,129,Yarmoliuk,Yehor,Yarmoliuk,MID,5,Brentford,BRE,True,2,Aston Villa,AVL,5,1,2,0,78,,,1.0,,,,,,,,
2,13,2025-08-23T14:00:00Z,130,Donovan,Romelle,Donovan,MID,5,Brentford,BRE,True,2,Aston Villa,AVL,5,1,2,0,0,,,,,,,,,,,
2,13,2025-08-23T14:00:00Z,131,Konak,Yunus Emre,Konak,MID,5,Brentford,BRE,True,2,Aston Villa,AVL,5,1,2,0,0,,,,,,,,,,,
2,13,2025-08-23T14:00:00Z,132,Maghoma,Paris,Maghoma,MID,5,Brentford,BRE,True,2,Aston Villa,AVL,5,1,2,0,0,,,,,,,,,,,
2,13,2025-08-23T14:00:00Z,133,Peart-Harris,Myles,Peart-Harris,MID,5,Brentford,BRE,True,2,Aston Villa,AVL,5,1,2,0,0,,,,,,,,,,,
2,13,2025-08-23T14:00:00Z,134,Trevitt,Ryan,Trevitt,MID,5,Brentford,BRE,True,2,Aston Villa,AVL,5,1,2,0,0,,,,,,,,,,,
2,13,2025-08-23T14:00:00Z,135,Wissa,Yoane,Wissa,FWD,15,Newcastle,NEW,False,5,Brentford,BRE,5,1,2,0,0,,,,,,,,,,,
2,13,2025-08-23T14:00:00Z,136,Thiago,Igor Thiago,Nascimento Rodrigues,FWD,5,Brentford,BRE,True,2,Aston Villa,AVL,5,1,2,0,90,,,,,,,,,,,
2,13,2025-08-23T14:00:00Z,137,Morgan,Iwan,Morgan,FWD,5,Brentford,BRE,True,2,Aston Villa,AVL,5,1,2,0,0,,,,,,,,,,,
2,16,2025-08-24T13:00:00Z,138,Steele,Jason,Steele,GK,6,Brighton,BHA,False,9,Everton,EVE,9,2,6,0,0,,,,,,,,,,,
2,16,2025-08-24T13:00:00Z,139,Verbruggen,Bart,Verbruggen,GK,6,Brighton,BHA,False,9,Everton,EVE,9,2,6,0,90,,,,2.0,,,,,,,
2,16,2025-08-24T13:00:00Z,140,McGill,Tom,McGill,GK,6,Brighton,BHA,False,9,Everton,EVE,9,2,6,0,0,,,,,,,,,,,
2,16,2025-08-24T13:00:00Z,141,Rushworth,Carl,Rushworth,GK,6,Brighton,BHA,False,9,Everton,EVE,9,2,6,0,0,,,,,,,,,,,
2,16,2025-08-24T13:00:00Z,142,Scherpen,Kjell,Scherpen,GK,6,Brighton,BHA,False,9,Everton,EVE,9,2,6,0,0,,,,,,,,,,,
2,16,2025-08-24T13:00:00Z,143,Boscagli,Olivier,Boscagli,DEF,6,Brighton,BHA,False,9,Everton,EVE,9,2,6,0,0,,,,,,,,,,,
2,16,2025-08-24T13:00:00Z,144,Coppola,Diego,Coppola,DEF,6,Brighton,BHA,False,9,Everton,EVE,9,2,6,0,0,,,,,,,,,,,
2,16,2025-08-24T13:00:00Z,145,De Cuyper,Maxim,De Cuyper,DEF,6,Brighton,BHA,False,9,Everton,EVE,9,2,6,0,66,,,,2.0,,,,,1.0,,
2,16,2025-08-24T13:00:00Z,146,Dunk,Lewis,Dunk,DEF,6,Brighton,BHA,False,9,Everton,EVE,9,2,6,0,90,,,,2.0,,,,,,,
2,16,2025-08-24T13:00:00Z,147,Estupiñan,Pervis,Estupiñán Tenorio,DEF,6,Brighton,BHA,False,9,Everton,EVE,9,2,6,0,0,,,,,,,,,,,
2,16,2025-08-24T13:00:00Z,148,F.Kadıoğlu,Ferdi,Kadıoğlu,DEF,6,Brighton,BHA,False,9,Everton,EVE,9,2,6,0,23,,,,,,,,,1.0,,
2,16,2025-08-24T13:00:00Z,149,Igor,Igor Julio,dos Santos de Paulo,DEF,19,West Ham,WHU,False,9,Everton,EVE,9,2,6,0,0,,,,,,,,,,,
2,16,2025-08-24T13:00:00Z,150,Lamptey,Tariq,Lamptey,DEF,6,Brighton,BHA,False,9,Everton,EVE,9,2,6,0,0,,,,,,,,,,,
2,16,2025-08-24T13:00:00Z,151,Van Hecke,Jan Paul,van Hecke,DEF,6,Brighton,BHA,False,9,Everton,EVE,9,2,6,0,90,,,,2.0,,,,,,,
2,16,2025-08-24T13:00:00Z,152,Veltman,Joël,Veltman,DEF,6,Brighton,BHA,False,9,Everton,EVE,9,2,6,0,0,,,,,,,,,,,
2,16,2025-08-24T13:00:00Z,153,Webster,Adam,Webster,DEF,6,Brighton,BHA,False,9,Everton,EVE,9,2,6,0,0,,,,,,,,,,,
2,16,2025-08-24T13:00:00Z,154,Cashin,Eiran,Cashin,DEF,6,Brighton,BHA,False,9,Everton,EVE,9,2,6,0,0,,,,,,,,,,,
2,16,2025-08-24T13:00:00Z,155,Slater,Jacob,Slater,DEF,6,Brighton,BHA,False,9,Everton,EVE,9,2,6,0,0,,,,,,,,,,,
2,16,2025-08-24T13:00:00Z,156,Tasker,Charlie,Tasker,DEF,6,Brighton,BHA,False,9,Everton,EVE,9,2,6,0,0,,,,,,,,,,,
2,16,2025-08-24T13:00:00Z,157,Mitoma,Mitoma,Kaoru,MID,6,Brighton,BHA,False,9,Everton,EVE,9,2,6,0,90,,,,,,,,,,,
2,16,2025-08-24T13:00:00Z,158,Georginio,Georginio,Rutter,MID,6,Brighton,BHA,False,9,Everton,EVE,9,2,6,0,0,,,,,,,,,,,
2,16,2025-08-24T13:00:00Z,159,March,Solly,March,MID,6,Brighton,BHA,False,9,Everton,EVE,9,2,6,0,0,,,,,,,,,,,
2,16,2025-08-24T13:00:00Z,160,Minteh,Yankuba,Minteh,MID,6,Brighton,BHA,False,9,Everton,EVE,9,2,6,0,90,,,,,,,,,,,
2,16,2025-08-24T13:00:00Z,161,Enciso,Julio,Enciso Espínola,MID,6,Brighton,BHA,False,9,Everton,EVE,9,2,6,0,0,,,,,,,,,,,
2,16,2025-08-24T13:00:00Z,162,Gruda,Brajan,Gruda,MID,6,Brighton,BHA,False,9,Everton,EVE,9,2,6,0,5,,,,,,,,,,,
2,16,2025-08-24T13:00:00Z,163,Hinshelwood,Jack,Hinshelwood,MID,6,Brighton,BHA,False,9,Everton,EVE,9,2,6,0,45,,,,,,,,,,,
2,16,2025-08-24T13:00:00Z,164,O'Riley,Matt,O'Riley,MID,6,Brighton,BHA,False,9,Everton,EVE,9,2,6,0,90,,,,,,,,,,,
2,16,2025-08-24T13:00:00Z,165,Sima,Abdallah,Sima,MID,6,Brighton,BHA,False,9,Everton,EVE,9,2,6,0,0,,,,,,,,,,,
2,16,2025-08-24T13:00:00Z,166,Ayari,Yasin,Ayari,MID,6,Brighton,BHA,False,9,Everton,EVE,9,2,6,0,66,,,,,,,,,,,
2,16,2025-08-24T13:00:00Z,167,Baleba,Carlos,Baleba,MID,6,Brighton,BHA,False,9,Everton,EVE,9,2,6,0,45,,,,,,,,,,,
2,16,2025-08-24T13:00:00Z,168,Buonanotte,Facundo,Buonanotte,MID,7,Chelsea,CHE,False,9,Everton,EVE,9,2,6,0,0,,,,,,,,,,,
2,16,2025-08-24T13:00:00Z,169,Gomez,Diego,Gómez Amarilla,MID,6,Brighton,BHA,False,9,Everton,EVE,9,2,6,0,23,,,,,,,,,,,
2,16,2025-08-24T13:00:00Z,170,Milner,James,Milner,MID,6,Brighton,BHA,False,9,Everton,EVE,9,2,6,0,0,,,,,,,,,,,
2,16,2025-08-24T13:00:00Z,171,Sarmiento,Jeremy,Sarmiento Morante,MID,6,Brighton,BHA,False,9,Everton,EVE,9,2,6,0,0,,,,,,,,,,,
2,16,2025-08-24T13:00:00Z,172,Watson,Tom,Watson,MID,6,Brighton,BHA,False,9,Everton,EVE,9,2,6,0,0,,,,,,,,,,,
2,16,2025-08-24T13:00:00Z,173,Wieffer,Mats,Wieffer,MID,6,Brighton,BHA,False,9,Everton,EVE,9,2,6,0,84,,,,,,,,,1.0,,
2,16,2025-08-24T13:00:00Z,174,Yalcouye,Malick,Yalcouyé,MID,6,Brighton,BHA,False,9,Everton,EVE,9,2,6,0,0,,,,,,,,,,,
2,16,2025-08-24T13:00:00Z,175,Knight,Joe,Knight,MID,6,Brighton,BHA,False,9,Everton,EVE,9,2,6,0,0,,,,,,,,,,,
2,16,2025-08-24T13:00:00Z,176,Mazilu,Adrian,Mazilu,MID,6,Brighton,BHA,False,9,Everton,EVE,9,2,6,0,0,,,,,,,,,,,
2,16,2025-08-24T13:00:00Z,177,Moran,Andrew,Moran,MID,6,Brighton,BHA,False,9,Everton,EVE,9,2,6,0,0,,,,,,,,,,,
2,16,2025-08-24T13:00:00Z,178,Welbeck,Danny,Welbeck,FWD,6,Brighton,BHA,False,9,Everton,EVE,9,2,6,0,90,,,,,,,,1.0,,,
2,16,2025-08-24T13:00:00Z,179,Ferguson,Evan,Ferguson,FWD,6,Brighton,BHA,False,9,Everton,EVE,9,2,6,0,0,,,,,,,,,,,
2,16,2025-08-24T13:00:00Z,180,Tzimas,Stefanos,Tzimas,FWD,6,Brighton,BHA,False,9,Everton,EVE,9,2,6,0,0,,,,,,,,,,,
2,16,2025-08-24T13:00:00Z,181,Kostoulas,Charalampos,Kostoulas,FWD,6,Brighton,BHA,False,9,Everton,EVE,9,2,6,0,0,,,,,,,,,,,
2,18,2025-08-23T11:30:00Z,182,Trafford,James,Trafford,GK,13,Man City,MCI,True,18,Spurs,TOT,13,0,18,2,90,,,,2.0,,3.0,,,,,
2,14,2025-08-23T14:00:00Z,183,Weiss,Max,Weiß,GK,3,Burnley,BUR,True,17,Sunderland,SUN,3,2,17,0,0,,,,,,,,,,,
2,14,2025-08-23T14:00:00Z,184,Green,Etienne,Green,GK,3,Burnley,BUR,True,17,Sunderland,SUN,3,2,17,0,0,,,,,,,,,,,
2,14,2025-08-23T14:00:00Z,185,Hladký,Václav,Hladký,GK,3,Burnley,BUR,True,17,Sunderland,SUN,3,2,17,0,0,,,,,,,,,,,
2,14,2025-08-23T14:00:00Z,186,Roberts,Connor,Roberts,DEF,3,Burnley,BUR,True,17,Sunderland,SUN,3,2,17,0,0,,,,,,,,,,,
2,14,2025-08-23T14:00:00Z,187,Walker,Kyle,Walker,DEF,3,Burnley,BUR,True,17,Sunderland,SUN,3,2,17,0,90,,,1.0,,,,,,,,
2,14,2025-08-23T14:00:00Z,188,Delcroix,Hannes,Delcroix,DEF,3,Burnley,BUR,True,17,Sunderland,SUN,3,2,17,0,0,,,,,,,,,,,
2,14,2025-08-23T14:00:00Z,189,Dodgson,Owen,Dodgson,DEF,3,Burnley,BUR,True,17,Sunderland,SUN,3,2,17,0,0,,,,,,,,,,,
2,14,2025-08-23T14:00:00Z,190,Ekdal,Hjalmar,Ekdal,DEF,3,Burnley,BUR,True,17,Sunderland,SUN,3,2,17,0,90,,,1.0,,,,,,,,1.0
2,14,2025-08-23T14:00:00Z,191,Estève,Maxime,Estève,DEF,3,Burnley,BUR,True,17,Sunderland,SUN,3,2,17,0,82,,,1.0,,,,,,,,
2,14,2025-08-23T14:00:00Z,192,Hartman,Quilindschy,Hartman,DEF,3,Burnley,BUR,True,17,Sunderland,SUN,3,2,17,0,90,,,1.0,,,,,,,,
2,14,2025-08-23T14:00:00Z,193,Humphreys,Bashir,Humphreys,DEF,3,Burnley,BUR,True,17,Sunderland,SUN,3,2,17,0,0,,,,,,,,,,,
2,14,2025-08-23T14:00:00Z,194,Jordan,Jordan,Beyer,DEF,3,Burnley,BUR,True,17,Sunderland,SUN,3,2,17,0,0,,,,,,,,,,,
2,14,2025-08-23T14:00:00Z,195,Lucas Pires,Lucas,Pires Silva,DEF,3,Burnley,BUR,True,17,Sunderland,SUN,3,2,17,0,0,,,,,,,,,,,
2,14,2025-08-23T14:00:00Z,196,Sambo,Shurandy,Sambo,DEF,3,Burnley,BUR,True,17,Sunderland,SUN,3,2,17,0,0,,,,,,,,,,,
2,14,2025-08-23T14:00:00Z,197,Sonne,Oliver,Sonne,DEF,3,Burnley,BUR,True,17,Sunderland,SUN,3,2,17,0,21,,,,,,,,,,,
2,14,2025-08-23T14:00:00Z,198,Tuanzebe,Axel,Tuanzebe,DEF,3,Burnley,BUR,True,17,Sunderland,SUN,3,2,17,0,0,,,,,,,,,,,
2,14,2025-08-23T14:00:00Z,199,Worrall,Joe,Worrall,DEF,3,Burnley,BUR,True,17,Sunderland,SUN,3,2,17,0,7,,,,,,,,,,,
2,14,2025-08-23T14:00:00Z,200,Anthony,Jaidon,Anthony,MID,3,Burnley,BUR,True,17,Sunderland,SUN,3,2,17,0,90,1.0,1.0,1.0,,,,,,,,2.0
2,14,2025-08-23T14:00:00Z,201,Benson,Manuel,Benson Hedilazio,MID,3,Burnley,BUR,True,17,Sunderland,SUN,3,2,17,0,0,,,,,,,,,,,
2,14,2025-08-23T14:00:00Z,202,Bruun Larsen,Jacob,Bruun Larsen,MID,3,Burnley,BUR,True,17,Sunderland,SUN,3,2,17,0,68,,,1.0,,,,,,,,
2,14,2025-08-23T14:00:00Z,203,Boateng,Enock,Agyei,MID,3,Burnley,BUR,True,17,Sunderland,SUN,3,2,17,0,0,,,,,,,,,,,
2,14,2025-08-23T14:00:00Z,204,Churlinov,Darko,Churlinov,MID,3,Burnley,BUR,True,17,Sunderland,SUN,3,2,17,0,0,,,,,,,,,,,
2,14,2025-08-23T14:00:00Z,205,Cullen,Josh,Cullen,MID,3,Burnley,BUR,True,17,Sunderland,SUN,3,2,17,0,90,1.0,1.0,1.0,,,,,,,,3.0
2,14,2025-08-23T14:00:00Z,206,Edwards,Marcus,Edwards,MID,3,Burnley,BUR,True,17,Sunderland,SUN,3,2,17,0,0,,,,,,,,,,,
2,14,2025-08-23T14:00:00Z,207,Hannibal,Hannibal,Mejbri,MID,3,Burnley,BUR,True,17,Sunderland,SUN,3,2,17,0,82,,,1.0,,,,,,,,
2,14,2025-08-23T14:00:00Z,208,Koleosho,Luca,Koleosho,MID,3,Burnley,BUR,True,17,Sunderland,SUN,3,2,17,0,0,,,,,,,,,,,
2,14,2025-08-23T14:00:00Z,209,Laurent,Josh,Laurent,MID,3,Burnley,BUR,True,17,Sunderland,SUN,3,2,17,0,21,,,,,,,,,,,
2,14,2025-08-23T14:00:00Z,210,Tchaouna,Loum,Tchaouna,MID,3,Burnley,BUR,True,17,Sunderland,SUN,3,2,17,0,7,,,,,,,,,,,
2,14,2025-08-23T14:00:00Z,211,A.Ramsey,Aaron,Ramsey,MID,3,Burnley,BUR,True,17,Sunderland,SUN,3,2,17,0,0,,,,,,,,,,,
2,14,2025-08-23T14:00:00Z,212,Adewumi,Oluwaseun,Adewumi,MID,3,Burnley,BUR,True,17,Sunderland,SUN,3,2,17,0,0,,,,,,,,,,,
2,14,2025-08-23T14:00:00Z,213,Banel,Jaydon,Banel,MID,3,Burnley,BUR,True,17,Sunderland,SUN,3,2,17,0,0,,,,,,,,,,,
2,14,2025-08-23T14:00:00Z,214,Trésor,Mike,Trésor Ndayishimiye,MID,3,Burnley,BUR,True,17,Sunderland,SUN,3,2,17,0,0,,,,,,,,,,,
2,14,2025-08-23T14:00:00Z,215,Flemming,Zian,Flemming,FWD,3,Burnley,BUR,True,17,Sunderland,SUN,3,2,17,0,4,,,,,,,,,,,
2,14,2025-08-23T14:00:00Z,216,Amdouni,Zeki,Amdouni,FWD,3,Burnley,BUR,True,17,Sunderland,SUN,3,2,17,0,0,,,,,,,,,,,
2,14,2025-08-23T14:00:00Z,217,Foster,Lyle,Foster,FWD,3,Burnley,BUR,True,17,Sunderland,SUN,3,2,17,0,85,,,,,,,,,,,
2,14,2025-08-23T14:00:00Z,218,Barnes,Ashley,Barnes,FWD,3,Burnley,BUR,True,17,Sunderland,SUN,3,2,17,0,0,,,,,,,,,,,
2,14,2025-08-23T14:00:00Z,219,Obafemi,Michael,Obafemi,FWD,3,Burnley,BUR,True,17,Sunderland,SUN,3,2,17,0,0,,,,,,,,,,,
2,20,2025-08-22T19:00:00Z,220,Sánchez,Robert,Lynch Sánchez,GK,7,Chelsea,CHE,False,19,West Ham,WHU,19,1,7,5,90,,,,,,3.0,,,,,
2,20,2025-08-22T19:00:00Z,221,Jörgensen,Filip,Jörgensen,GK,7,Chelsea,CHE,False,19,West Ham,WHU,19,1,7,5,0,,,,,,,,,,,
2,20,2025-08-22T19:00:00Z,222,Penders,Mike,Penders,GK,7,Chelsea,CHE,False,19,West Ham,WHU,19,1,7,5,0,,,,,,,,,,,
2,20,2025-08-22T19:00:00Z,223,Slonina,Gabriel,Słonina,GK,7,Chelsea,CHE,False,19,West Ham,WHU,19,1,7,5,0,,,,,,,,,,,
2,20,2025-08-22T19:00:00Z,224,Cucurella,Marc,Cucurella Saseta,DEF,7,Chelsea,CHE,False,19,West Ham,WHU,19,1,7,5,68,,1.0,,,,,,,,,
2,20,2025-08-22T19:00:00Z,225,James,Reece,James,DEF,7,Chelsea,CHE,False,19,West Ham,WHU,19,1,7,5,21,,,,,,,,,,,
2,20,2025-08-22T19:00:00Z,226,Chalobah,Trevoh,Chalobah,DEF,7,Chelsea,CHE,False,19,West Ham,WHU,19,1,7,5,68,1.0,,,,,,,,,,
2,20,2025-08-22T19:00:00Z,227,Colwill,Levi,Samuels Colwill,DEF,7,Chelsea,CHE,False,19,West Ham,WHU,19,1,7,5,0,,,,,,,,,,,
2,20,2025-08-22T19:00:00Z,228,Gusto,Malo,Gusto,DEF,7,Chelsea,CHE,False,19,West Ham,WHU,19,1,7,5,68,,,,,,,,,,,
2,20,2025-08-22T19:00:00Z,229,B.Badiashile,Benoît,Badiashile Mukinayi,DEF,7,Chelsea,CHE,False,19,West Ham,WHU,19,1,7,5,0,,,,,,,,,,,
2,20,2025-08-22T19:00:00Z,230,Fofana,Wesley,Fofana,DEF,7,Chelsea,CHE,False,19,West Ham,WHU,19,1,7,5,21,,,,,,,,,,,
2,20,2025-08-22T19:00:00Z,231,M.Sarr,Mamadou,Sarr,DEF,7,Chelsea,CHE,False,19,West Ham,WHU,19,1,7,5,0,,,,,,,,,,,
2,20,2025-08-22T19:00:00Z,232,Tosin,Tosin,Adarabioyo,DEF,7,Chelsea,CHE,False,19,West Ham,WHU,19,1,7,5,90,,,,,,,,,,,
2,20,2025-08-22T19:00:00Z,233,Acheampong,Josh,Acheampong,DEF,7,Chelsea,CHE,False,19,West Ham,WHU,19,1,7,5,0,,,,,,,,,,,
2,20,2025-08-22T19:00:00Z,234,Anselmino,Aarón,Anselmino,DEF,7,Chelsea,CHE,False,19,West Ham,WHU,19,1,7,5,0,,,,,,,,,,,
2,20,2025-08-22T19:00:00Z,235,Palmer,Cole,Palmer,MID,7,Chelsea,CHE,False,19,West Ham,WHU,19,1,7,5,0,,,,,,,,,,,
2,20,2025-08-22T19:00:00Z,236,Neto,Pedro,Lomba Neto,MID,7,Chelsea,CHE,False,19,West Ham,WHU,19,1,7,5,90,1.0,,,,,,,,,,
2,20,2025-08-22T19:00:00Z,237,Enzo,Enzo,Fernández,MID,7,Chelsea,CHE,False,19,West Ham,WHU,19,1,7,5,90,1.0,1.0,,,,,,,,,
2,20,2025-08-22T19:00:00Z,238,Estêvão,Estêvão,Almeida de Oliveira Gonçalves,MID,7,Chelsea,CHE,False,19,West Ham,WHU,19,1,7,5,76,,1.0,,,,,,,,,
2,20,2025-08-22T19:00:00Z,239,Gittens,Jamie,Bynoe-Gittens,MID,7,Chelsea,CHE,False,19,West Ham,WHU,19,1,7,5,13,,,,,,,,,,,
2,20,2025-08-22T19:00:00Z,240,Nkunku,Christopher,Nkunku,MID,7,Chelsea,CHE,False,19,West Ham,WHU,19,1,7,5,0,,,,,,,,,,,
2,20,2025-08-22T19:00:00Z,241,Caicedo,Moisés,Caicedo Corozo,MID,7,Chelsea,CHE,False,19,West Ham,WHU,19,1,7,5,90,1.0,,,,,,,,,,1.0
2,16,2025-08-24T13:00:00Z,242,Dewsbury-Hall,Kiernan,Dewsbury-Hall,MID,9,Everton,EVE,True,6,Brighton,BHA,9,2,6,0,90,,,1.0,,,,,,1.0,,
2,20,2025-08-22T19:00:00Z,243,George,Tyrique,George,MID,7,Chelsea,CHE,False,19,West Ham,WHU,19,1,7,5,0,,,,,,,,,,,
2,20,2025-08-22T19:00:00Z,244,Lavia,Roméo,Lavia,MID,7,Chelsea,CHE,False,19,West Ham,WHU,19,1,7,5,0,,,,,,,,,,,
2,20,2025-08-22T19:00:00Z,245,Mudryk,Mykhailo,Mudryk,MID,7,Chelsea,CHE,False,19,West Ham,WHU,19,1,7,5,0,,,,,,,,,,,
2,20,2025-08-22T19:00:00Z,246,Andrey Santos,Andrey,Nascimento dos Santos,MID,7,Chelsea,CHE,False,19,West Ham,WHU,19,1,7,5,28,,,,,,,,,,,
2,20,2025-08-22T19:00:00Z,247,D.Essugo,Dário,Luís Essugo,MID,7,Chelsea,CHE,False,19,West Ham,WHU,19,1,7,5,0,,,,,,,,,,,
2,20,2025-08-22T19:00:00Z,248,Paez,Kendry,Páez Andrade,MID,7,Chelsea,CHE,False,19,West Ham,WHU,19,1,7,5,0,,,,,,,,,,,
2,20,2025-08-22T19:00:00Z,249,João Pedro,João Pedro,Junqueira de Jesus,FWD,7,Chelsea,CHE,False,19,West Ham,WHU,19,1,7,5,90,1.0,2.0,,,,,,,,,3.0
2,20,2025-08-22T19:00:00Z,250,Delap,Liam,Delap,FWD,7,Chelsea,CHE,False,19,West Ham,WHU,19,1,7,5,61,,,,,,,,,,,
2,20,2025-08-22T19:00:00Z,251,N.Jackson,Nicolas,Jackson,FWD,7,Chelsea,CHE,False,19,West Ham,WHU,19,1,7,5,0,,,,,,,,,,,
2,14,2025-08-23T14:00:00Z,252,Marc Guiu,Marc,Guiu Paz,FWD,7,Chelsea,CHE,False,3,Burnley,BUR,3,2,17,0,10,,,,,,,,,,,
2,15,2025-08-24T13:00:00Z,253,Henderson,Dean,Henderson,GK,8,Crystal Palace,CRY,True,16,Nott'm Forest,NFO,8,1,16,1,90,,,,,,,,,,,
2,15,2025-08-24T13:00:00Z,254,Benitez,Walter,Benítez,GK,8,Crystal Palace,CRY,True,16,Nott'm Forest,NFO,8,1,16,1,0,,,,,,,,,,,
2,15,2025-08-24T13:00:00Z,255,Matthews,Remi,Matthews,GK,8,Crystal Palace,CRY,True,16,Nott'm Forest,NFO,8,1,16,1,0,,,,,,,,,,,
2,15,2025-08-24T13:00:00Z,256,Muñoz,Daniel,Muñoz Mejía,DEF,8,Crystal Palace,CRY,True,16,Nott'm Forest,NFO,8,1,16,1,90,,1.0,,,,,,,,,
2,15,2025-08-24T13:00:00Z,257,Lacroix,Maxence,Lacroix,DEF,8,Crystal Palace,CRY,True,16,Nott'm Forest,NFO,8,1,16,1,90,,,,,,,,,1.0,,
2,15,2025-08-24T13:00:00Z,258,Mitchell,Tyrick,Mitchell,DEF,8,Crystal Palace,CRY,True,16,Nott'm Forest,NFO,8,1,16,1,90,,,,,,,,,1.0,,
2,15,2025-08-24T13:00:00Z,259,Sosa,Borna,Sosa,DEF,8,Crystal Palace,CRY,True,16,Nott'm Forest,NFO,8,1,16,1,0,,,,,,,,,,,
2,15,2025-08-24T13:00:00Z,260,Guéhi,Marc,Guéhi,DEF,8,Crystal Palace,CRY,True,16,Nott'm Forest,NFO,8,1,16,1,90,,,,,,,,,,,
2,15,2025-08-24T13:00:00Z,261,Richards,Chris,Richards,DEF,8,Crystal Palace,CRY,True,16,Nott'm Forest,NFO,8,1,16,1,90,,,,,,,,,,,
2,15,2025-08-24T13:00:00Z,262,Chadi Riad,Chadi,Riad Dnanou,DEF,8,Crystal Palace,CRY,True,16,Nott'm Forest,NFO,8,1,16,1,0,,,,,,,,,,,
2,15,2025-08-24T13:00:00Z,263,Clyne,Nathaniel,Clyne,DEF,8,Crystal Palace,CRY,True,16,Nott'm Forest,NFO,8,1,16,1,0,,,,,,,,,,,
2,15,2025-08-24T13:00:00Z,264,Holding,Rob,Holding,DEF,8,Crystal Palace,CRY,True,16,Nott'm Forest,NFO,8,1,16,1,0,,,,,,,,,,,
2,15,2025-08-24T13:00:00Z,265,Kporha,Caleb,Kporha,DEF,8,Crystal Palace,CRY,True,16,Nott'm Forest,NFO,8,1,16,1,0,,,,,,,,,,,
2,15,2025-08-24T13:00:00Z,266,Eze,Eberechi,Eze,MID,1,Arsenal,ARS,False,8,Crystal Palace,CRY,8,1,16,1,0,,,,,,,,,,,
2,15,2025-08-24T13:00:00Z,267,Sarr,Ismaïla,Sarr,MID,8,Crystal Palace,CRY,True,16,Nott'm Forest,NFO,8,1,16,1,90,1.0,,,,,,,,,,1.0
2,15,2025-08-24T13:00:00Z,268,Doucouré,Cheick,Doucouré,MID,8,Crystal Palace,CRY,True,16,Nott'm Forest,NFO,8,1,16,1,0,,,,,,,,,,,
2,15,2025-08-24T13:00:00Z,269,Esse,Romain,Esse,MID,8,Crystal Palace,CRY,True,16,Nott'm Forest,NFO,8,1,16,1,24,,,,,,,,,,,
2,15,2025-08-24T13:00:00Z,270,Hughes,Will,Hughes,MID,8,Crystal Palace,CRY,True,16,Nott'm Forest,NFO,8,1,16,1,90,,,,,,,,,1.0,,
2,15,2025-08-24T13:00:00Z,271,Kamada,Daichi,Kamada,MID,8,Crystal Palace,CRY,True,16,Nott'm Forest,NFO,8,1,16,1,0,,,,,,,,,,,
2,15,2025-08-24T13:00:00Z,272,Lerma,Jefferson,Lerma Solís,MID,8,Crystal Palace,CRY,True,16,Nott'm Forest,NFO,8,1,16,1,8,,,,,,,,,,,
2,15,2025-08-24T13:00:00Z,273,Wharton,Adam,Wharton,MID,8,Crystal Palace,CRY,True,16,Nott'm Forest,NFO,8,1,16,1,81,,,,,,,,,,,
2,15,2025-08-24T13:00:00Z,274,Agbinone,Asher,Agbinone,MID,8,Crystal Palace,CRY,True,16,Nott'm Forest,NFO,8,1,16,1,0,,,,,,,,,,,
2,15,2025-08-24T13:00:00Z,275,Ahamada,Naouirou,Ahamada,MID,8,Crystal Palace,CRY,True,16,Nott'm Forest,NFO,8,1,16,1,0,,,,,,,,,,,
2,15,2025-08-24T13:00:00Z,276,Devenny,Justin,Devenny,MID,8,Crystal Palace,CRY,True,16,Nott'm Forest,NFO,8,1,16,1,65,,,,,,,,,,,
2,15,2025-08-24T13:00:00Z,277,Ebiowei,Malcolm,Ebiowei,MID,8,Crystal Palace,CRY,True,16,Nott'm Forest,NFO,8,1,16,1,0,,,,,,,,,,,
2,15,2025-08-24T13:00:00Z,278,J.Rak-Sakyi,Jesurun,Rak-Sakyi,MID,8,Crystal Palace,CRY,True,16,Nott'm Forest,NFO,8,1,16,1,0,,,,,,,,,,,
2,15,2025-08-24T13:00:00Z,279,M.França,Matheus,França de Oliveira,MID,8,Crystal Palace,CRY,True,16,Nott'm Forest,NFO,8,1,16,1,0,,,,,,,,,,,
2,15,2025-08-24T13:00:00Z,280,Ozoh,David,Ozoh,MID,8,Crystal Palace,CRY,True,16,Nott'm Forest,NFO,8,1,16,1,0,,,,,,,,,,,
2,15,2025-08-24T13:00:00Z,281,Rodney,Kaden,Rodney,MID,8,Crystal Palace,CRY,True,16,Nott'm Forest,NFO,8,1,16,1,0,,,,,,,,,,,
2,15,2025-08-24T13:00:00Z,282,Umeh,Franco,Umeh-Chibueze,MID,8,Crystal Palace,CRY,True,16,Nott'm Forest,NFO,8,1,16,1,0,,,,,,,,,,,
2,15,2025-08-24T13:00:00Z,283,Mateta,Jean-Philippe,Mateta,FWD,8,Crystal Palace,CRY,True,16,Nott'm Forest,NFO,8,1,16,1,87,,,,,,,,,,,
2,15,2025-08-24T13:00:00Z,284,Nketiah,Eddie,Nketiah,FWD,8,Crystal Palace,CRY,True,16,Nott'm Forest,NFO,8,1,16,1,0,,,,,,,,,,,
2,15,2025-08-24T13:00:00Z,285,Édouard,Odsonne,Édouard,FWD,8,Crystal Palace,CRY,True,16,Nott'm Forest,NFO,8,1,16,1,2,,,,,,,,,,,
2,15,2025-08-24T13:00:00Z,286,Marsh,Zach,Marsh,FWD,8,Crystal Palace,CRY,True,16,Nott'm Forest,NFO,8,1,16,1,0,,,,,,,,,,,
2,16,2025-08-24T13:00:00Z,287,Pickford,Jordan,Pickford,GK,9,Everton,EVE,True,6,Brighton,BHA,9,2,6,0,90,,,1.0,,,4.0,1.0,,,,3.0
2,16,2025-08-24T13:00:00Z,288,Travers,Mark,Travers,GK,9,Everton,EVE,True,6,Brighton,BHA,9,2,6,0,0,,,,,,,,,,,
2,16,2025-08-24T13:00:00Z,289,Tyrer,Harry,Tyrer,GK,9,Everton,EVE,True,6,Brighton,BHA,9,2,6,0,0,,,,,,,,,,,
2,16,2025-08-24T13:00:00Z,290,Branthwaite,Jarrad,Branthwaite,DEF,9,Everton,EVE,True,6,Brighton,BHA,9,2,6,0,0,,,,,,,,,,,
2,16,2025-08-24T13:00:00Z,291,Tarkowski,James,Tarkowski,DEF,9,Everton,EVE,True,6,Brighton,BHA,9,2,6,0,90,,,1.0,,,,,,,,
2,16,2025-08-24T13:00:00Z,292,Mykolenko,Vitalii,Mykolenko,DEF,9,Everton,EVE,True,6,Brighton,BHA,9,2,6,0,0,,,,,,,,,,,
2,16,2025-08-24T13:00:00Z,293,O'Brien,Jake,O'Brien,DEF,9,Everton,EVE,True,6,Brighton,BHA,9,2,6,0,90,,,1.0,,,,,,,,
2,16,2025-08-24T13:00:00Z,294,Coleman,Séamus,Coleman,DEF,9,Everton,EVE,True,6,Brighton,BHA,9,2,6,0,0,,,,,,,,,,,
2,16,2025-08-24T13:00:00Z,295,Keane,Michael,Keane,DEF,9,Everton,EVE,True,6,Brighton,BHA,9,2,6,0,90,,,1.0,,,,,,,,
2,16,2025-08-24T13:00:00Z,296,Patterson,Nathan,Patterson,DEF,9,Everton,EVE,True,6,Brighton,BHA,9,2,6,0,0,,,,,,,,,,,
2,16,2025-08-24T13:00:00Z,297,Dixon,Roman,Dixon,DEF,9,Everton,EVE,True,6,Brighton,BHA,9,2,6,0,0,,,,,,,,,,,
2,16,2025-08-24T13:00:00Z,298,Welch,Reece,Welch,DEF,9,Everton,EVE,True,6,Brighton,BHA,9,2,6,0,0,,,,,,,,,,,
2,16,2025-08-24T13:00:00Z,299,Ndiaye,Iliman,Ndiaye,MID,9,Everton,EVE,True,6,Brighton,BHA,9,2,6,0,63,1.0,,1.0,,,,,,,,
2,16,2025-08-24T13:00:00Z,300,McNeil,Dwight,McNeil,MID,9,Everton,EVE,True,6,Brighton,BHA,9,2,6,0,19,,,,,,,,,,,
2,16,2025-08-24T13:00:00Z,301,Alcaraz,Carlos,Alcaraz Durán,MID,9,Everton,EVE,True,6,Brighton,BHA,9,2,6,0,26,,,,,,,,,,,
2,16,2025-08-24T13:00:00Z,302,Gana,Idrissa Gana,Gueye,MID,9,Everton,EVE,True,6,Brighton,BHA,9,2,6,0,90,,,1.0,,,,,,,,
2,16,2025-08-24T13:00:00Z,303,Garner,James,Garner,MID,9,Everton,EVE,True,6,Brighton,BHA,9,2,6,0,90,1.0,,1.0,,,,,,1.0,,1.0
2,16,2025-08-24T13:00:00Z,304,Iroegbunam,Tim,Iroegbunam,MID,9,Everton,EVE,True,6,Brighton,BHA,9,2,6,0,70,,,1.0,,,,,,1.0,,
2,16,2025-08-24T13:00:00Z,305,Armstrong,Harrison,Armstrong,MID,9,Everton,EVE,True,6,Brighton,BHA,9,2,6,0,1,,,,,,,,,,,
2,16,2025-08-24T13:00:00Z,306,Bates,Callum,Bates,MID,9,Everton,EVE,True,6,Brighton,BHA,9,2,6,0,0,,,,,,,,,,,
2,16,2025-08-24T13:00:00Z,307,Ebere,Coby,Ebere,MID,9,Everton,EVE,True,6,Brighton,BHA,9,2,6,0,0,,,,,,,,,,,
2,16,2025-08-24T13:00:00Z,308,Heath,Isaac,Heath,MID,9,Everton,EVE,True,6,Brighton,BHA,9,2,6,0,0,,,,,,,,,,,
2,16,2025-08-24T13:00:00Z,309,Metcalfe,Jenson,Metcalfe,MID,9,Everton,EVE,True,6,Brighton,BHA,9,2,6,0,0,,,,,,,,,,,
2,16,2025-08-24T13:00:00Z,310,Barry,Thierno,Barry,FWD,9,Everton,EVE,True,6,Brighton,BHA,9,2,6,0,63,,,,,,,,,,,
2,16,2025-08-24T13:00:00Z,311,Beto,Norberto Bercique,Gomes Betuncal,FWD,9,Everton,EVE,True,6,Brighton,BHA,9,2,6,0,26,,,,,,,,,1.0,,
2,16,2025-08-24T13:00:00Z,312,Y.Chermiti,Youssef,Ramalho Chermiti,FWD,9,Everton,EVE,True,6,Brighton,BHA,9,2,6,0,0,,,,,,,,,,,
2,16,2025-08-24T13:00:00Z,313,Sherif,Martin,Sherif,FWD,9,Everton,EVE,True,6,Brighton,BHA,9,2,6,0,0,,,,,,,,,,,
2,17,2025-08-24T15:30:00Z,314,Leno,Bernd,Leno,GK,10,Fulham,FUL,True,14,Man Utd,MUN,10,1,14,1,90,,,,,,3.0,,,,,
2,17,2025-08-24T15:30:00Z,315,Benda,Steven,Benda,GK,10,Fulham,FUL,True,14,Man Utd,MUN,10,1,14,1,0,,,,,,,,,,,
2,17,2025-08-24T15:30:00Z,316,Robinson,Antonee,Robinson,DEF,10,Fulham,FUL,True,14,Man Utd,MUN,10,1,14,1,28,,,,,,,,,,,
2,17,2025-08-24T15:30:00Z,317,Andersen,Joachim,Andersen,DEF,10,Fulham,FUL,True,14,Man Utd,MUN,10,1,14,1,90,,,,,,,,,,,
2,17,2025-08-24T15:30:00Z,318,Bassey,Calvin,Bassey,DEF,10,Fulham,FUL,True,14,Man Utd,MUN,10,1,14,1,90,,,,,,,,,,,
2,17,2025-08-24T15:30:00Z,319,Castagne,Timothy,Castagne,DEF,10,Fulham,FUL,True,14,Man Utd,MUN,10,1,14,1,61,,,,,,,,,,,
2,17,2025-08-24T15:30:00Z,320,Diop,Issa,Diop,DEF,10,Fulham,FUL,True,14,Man Utd,MUN,10,1,14,1,0,,,,,,,,,,,
2,17,2025-08-24T15:30:00Z,321,J.Cuenca,Jorge,Cuenca Barreno,DEF,10,Fulham,FUL,True,14,Man Utd,MUN,10,1,14,1,0,,,,,,,,,,,
2,17,2025-08-24T15:30:00Z,322,Tete,Kenny,Tete,DEF,10,Fulham,FUL,True,14,Man Utd,MUN,10,1,14,1,90,,,,,,,,,,,
2,17,2025-08-24T15:30:00Z,323,Amissah,Samuel,Amissah,DEF,10,Fulham,FUL,True,14,Man Utd,MUN,10,1,14,1,0,,,,,,,,,,,
2,17,2025-08-24T15:30:00Z,324,Iwobi,Alex,Iwobi,MID,10,Fulham,FUL,True,14,Man Utd,MUN,10,1,14,1,90,,1.0,,,,,,,,,2.0
2,17,2025-08-24T15:30:00Z,325,Smith Rowe,Emile,Smith Rowe,MID,10,Fulham,FUL,True,14,Man Utd,MUN,10,1,14,1,19,1.0,,,,,,,,,,
2,17,2025-08-24T15:30:00Z,326,Adama,Adama,Traoré Diarra,MID,10,Fulham,FUL,True,14,Man Utd,MUN,10,1,14,1,0,,,,,,,,,,,
2,17,2025-08-24T15:30:00Z,327,Andreas,Andreas,Hoelgebaum Pereira,MID,10,Fulham,FUL,True,14,Man Utd,MUN,10,1,14,1,0,,,,,,,,,,,
2,17,2025-08-24T15:30:00Z,328,Sessegnon,Ryan,Sessegnon,MID,10,Fulham,FUL,True,14,Man Utd,MUN,10,1,14,1,61,,,,,,,,,,,
2,17,2025-08-24T15:30:00Z,329,Wilson,Harry,Wilson,MID,10,Fulham,FUL,True,14,Man Utd,MUN,10,1,14,1,28,,,,,,,,,,,
2,17,2025-08-24T15:30:00Z,330,Berge,Sander,Berge,MID,10,Fulham,FUL,True,14,Man Utd,MUN,10,1,14,1,90,,,,,,,,,,,
2,17,2025-08-24T15:30:00Z,331,Cairney,Tom,Cairney,MID,10,Fulham,FUL,True,14,Man Utd,MUN,10,1,14,1,0,,,,,,,,,,,
2,17,2025-08-24T15:30:00Z,332,Lukić,Saša,Lukić,MID,10,Fulham,FUL,True,14,Man Utd,MUN,10,1,14,1,90,,,,,,,,,1.0,,
2,17,2025-08-24T15:30:00Z,333,Godo,Martial,Godo,MID,10,Fulham,FUL,True,14,Man Utd,MUN,10,1,14,1,0,,,,,,,,,,,
2,17,2025-08-24T15:30:00Z,334,Harris,Luke,Harris,MID,10,Fulham,FUL,True,14,Man Utd,MUN,10,1,14,1,0,,,,,,,,,,,
2,17,2025-08-24T15:30:00Z,335,King,Josh,King,MID,10,Fulham,FUL,True,14,Man Utd,MUN,10,1,14,1,70,,,,,,,,,,,
2,17,2025-08-24T15:30:00Z,336,Reed,Harrison,Reed,MID,10,Fulham,FUL,True,14,Man Utd,MUN,10,1,14,1,0,,,,,,,,,,,
2,17,2025-08-24T15:30:00Z,337,Raúl,Raúl,Jiménez Rodríguez,FWD,10,Fulham,FUL,True,14,Man Utd,MUN,10,1,14,1,19,,,,,,,,,,,
2,17,2025-08-24T15:30:00Z,338,Muniz,Rodrigo,Muniz Carvalho,FWD,10,Fulham,FUL,True,14,Man Utd,MUN,10,1,14,1,70,,,,,1.0,,,,,,
2,11,2025-08-23T16:30:00Z,339,Meslier,Illan,Meslier,GK,11,Leeds,LEE,False,1,Arsenal,ARS,1,5,11,0,0,,,,,,,,,,,
2,11,2025-08-23T16:30:00Z,340,Cairns,Alex,Cairns,GK,11,Leeds,LEE,False,1,Arsenal,ARS,1,5,11,0,0,,,,,,,,,,,
2,11,2025-08-23T16:30:00Z,341,Darlow,Karl,Darlow,GK,11,Leeds,LEE,False,1,Arsenal,ARS,1,5,11,0,0,,,,,,,,,,,
2,11,2025-08-23T16:30:00Z,342,Bogle,Jayden,Bogle,DEF,11,Leeds,LEE,False,1,Arsenal,ARS,1,5,11,0,82,,,,4.0,,,,,1.0,,
2,11,2025-08-23T16:30:00Z,343,Struijk,Pascal,Struijk,DEF,11,Leeds,LEE,False,1,Arsenal,ARS,1,5,11,0,90,,,,5.0,,,,,,,
2,11,2025-08-23T16:30:00Z,344,Bijol,Jaka,Bijol,DEF,11,Leeds,LEE,False,1,Arsenal,ARS,1,5,11,0,0,,,,,,,,,,,
2,11,2025-08-23T16:30:00Z,345,Bornauw,Sebastiaan,Bornauw,DEF,11,Leeds,LEE,False,1,Arsenal,ARS,1,5,11,0,0,,,,,,,,,,,
2,11,2025-08-23T16:30:00Z,346,Byram,Sam,Byram,DEF,11,Leeds,LEE,False,1,Arsenal,ARS,1,5,11,0,7,,,,,,,,,,,
2,11,2025-08-23T16:30:00Z,347,Gudmundsson,Gabriel,Gudmundsson,DEF,11,Leeds,LEE,False,1,Arsenal,ARS,1,5,11,0,90,,,,5.0,,,,,1.0,,
2,11,2025-08-23T16:30:00Z,348,Rodon,Joe,Rodon,DEF,11,Leeds,LEE,False,1,Arsenal,ARS,1,5,11,0,90,,,,5.0,,,,,,,
2,11,2025-08-23T16:30:00Z,349,Schmidt,Isaac,Schmidt,DEF,11,Leeds,LEE,False,1,Arsenal,ARS,1,5,11,0,0,,,,,,,,,,,
2,11,2025-08-23T16:30:00Z,350,Aaronson,Brenden,Aaronson,MID,11,Leeds,LEE,False,1,Arsenal,ARS,1,5,11,0,24,,,,,,,,,,,
2,11,2025-08-23T16:30:00Z,351,Gnonto,Wilfried,Gnonto,MID,11,Leeds,LEE,False,1,Arsenal,ARS,1,5,11,0,65,,,,,,,,,,,
2,11,2025-08-23T16:30:00Z,352,Harrison,Jack,Harrison,MID,11,Leeds,LEE,False,1,Arsenal,ARS,1,5,11,0,0,,,,,,,,,,,
2,11,2025-08-23T16:30:00Z,353,James,Daniel,James,MID,11,Leeds,LEE,False,1,Arsenal,ARS,1,5,11,0,65,,,,,,,,,,,
2,11,2025-08-23T16:30:00Z,354,Ampadu,Ethan,Ampadu,MID,11,Leeds,LEE,False,1,Arsenal,ARS,1,5,11,0,0,,,,,,,,,,,
2,11,2025-08-23T16:30:00Z,355,Greenwood,Sam,Greenwood,MID,11,Leeds,LEE,False,1,Arsenal,ARS,1,5,11,0,0,,,,,,,,,,,
2,11,2025-08-23T16:30:00Z,356,Gruev,Ilia,Gruev,MID,11,Leeds,LEE,False,1,Arsenal,ARS,1,5,11,0,90,,,,,,,,,,,
2,11,2025-08-23T16:30:00Z,357,Ramazani,Largie,Ramazani,MID,11,Leeds,LEE,False,1,Arsenal,ARS,1,5,11,0,0,,,,,,,,,,,
2,11,2025-08-23T16:30:00Z,358,Tanaka,Tanaka,Ao,MID,11,Leeds,LEE,False,1,Arsenal,ARS,1,5,11,0,57,,,,,,,,,,,
2,11,2025-08-23T16:30:00Z,359,Crew,Charlie,Crew,MID,11,Leeds,LEE,False,1,Arsenal,ARS,1,5,11,0,0,,,,,,,,,,,
2,11,2025-08-23T16:30:00Z,360,Gelhardt,Joe,Gelhardt,MID,11,Leeds,LEE,False,1,Arsenal,ARS,1,5,11,0,0,,,,,,,,,,,
2,11,2025-08-23T16:30:00Z,361,Gyabi,Darko,Gyabi,MID,11,Leeds,LEE,False,1,Arsenal,ARS,1,5,11,0,0,,,,,,,,,,,
2,11,2025-08-23T16:30:00Z,362,Piroe,Joël,Piroe,FWD,11,Leeds,LEE,False,1,Arsenal,ARS,1,5,11,0,57,,,,,,,,,,,
2,11,2025-08-23T16:30:00Z,363,Bamford,Patrick,Bamford,FWD,11,Leeds,LEE,False,1,Arsenal,ARS,1,5,11,0,0,,,,,,,,,,,
2,11,2025-08-23T16:30:00Z,364,Mateo Joseph,Mateo,Joseph Fernández-Regatillo,FWD,11,Leeds,LEE,False,1,Arsenal,ARS,1,5,11,0,0,,,,,,,,,,,
2,11,2025-08-23T16:30:00Z,365,Nmecha,Lukas,Nmecha,FWD,11,Leeds,LEE,False,1,Arsenal,ARS,1,5,11,0,32,,,,,,,,,,,
2,19,2025-08-25T19:00:00Z,366,A.Becker,Alisson,Becker,GK,12,Liverpool,LIV,False,15,Newcastle,NEW,15,2,12,3,90,,,,2.0,,,,,,,
2,19,2025-08-25T19:00:00Z,367,Mamardashvili,Giorgi,Mamardashvili,GK,12,Liverpool,LIV,False,15,Newcastle,NEW,15,2,12,3,0,,,,,,,,,,,
2,19,2025-08-25T19:00:00Z,368,Pécsi,Ármin,Pécsi,GK,12,Liverpool,LIV,False,15,Newcastle,NEW,15,2,12,3,0,,,,,,,,,,,
2,19,2025-08-25T19:00:00Z,369,Woodman,Freddie,Woodman,GK,12,Liverpool,LIV,False,15,Newcastle,NEW,15,2,12,3,0,,,,,,,,,,,
2,19,2025-08-25T19:00:00Z,370,Frimpong,Jeremie,Frimpong,DEF,12,Liverpool,LIV,False,15,Newcastle,NEW,15,2,12,3,0,,,,,,,,,,,
2,19,2025-08-25T19:00:00Z,371,Kerkez,Milos,Kerkez,DEF,12,Liverpool,LIV,False,15,Newcastle,NEW,15,2,12,3,90,,,,2.0,,,,,,,
2,19,2025-08-25T19:00:00Z,372,Robertson,Andrew,Robertson,DEF,12,Liverpool,LIV,False,15,Newcastle,NEW,15,2,12,3,0,,,,,,,,,,,
2,19,2025-08-25T19:00:00Z,373,Virgil,Virgil,van Dijk,DEF,12,Liverpool,LIV,False,15,Newcastle,NEW,15,2,12,3,90,,,,2.0,,,,,,,
2,19,2025-08-25T19:00:00Z,374,Konaté,Ibrahima,Konaté,DEF,12,Liverpool,LIV,False,15,Newcastle,NEW,15,2,12,3,90,,,,2.0,,,,,1.0,,
2,19,2025-08-25T19:00:00Z,375,Bradley,Conor,Bradley,DEF,12,Liverpool,LIV,False,15,Newcastle,NEW,15,2,12,3,10,,,,,,,,,1.0,,
2,19,2025-08-25T19:00:00Z,376,Gomez,Joe,Gomez,DEF,12,Liverpool,LIV,False,15,Newcastle,NEW,15,2,12,3,0,,,,,,,,,,,
2,19,2025-08-25T19:00:00Z,377,Tsimikas,Konstantinos,Tsimikas,DEF,12,Liverpool,LIV,False,15,Newcastle,NEW,15,2,12,3,0,,,,,,,,,,,
2,19,2025-08-25T19:00:00Z,378,Nallo,Amara,Nallo,DEF,12,Liverpool,LIV,False,15,Newcastle,NEW,15,2,12,3,0,,,,,,,,,,,
2,19,2025-08-25T19:00:00Z,379,R.Williams,Rhys,Williams,DEF,12,Liverpool,LIV,False,15,Newcastle,NEW,15,2,12,3,0,,,,,,,,,,,
2,19,2025-08-25T19:00:00Z,380,Ramsay,Calvin,Ramsay,DEF,12,Liverpool,LIV,False,15,Newcastle,NEW,15,2,12,3,0,,,,,,,,,,,
2,19,2025-08-25T19:00:00Z,381,M.Salah,Mohamed,Salah,MID,12,Liverpool,LIV,False,15,Newcastle,NEW,15,2,12,3,90,,1.0,,,,,,,,,
2,19,2025-08-25T19:00:00Z,382,Wirtz,Florian,Wirtz,MID,12,Liverpool,LIV,False,15,Newcastle,NEW,15,2,12,3,79,,,,,,,,,,,
2,19,2025-08-25T19:00:00Z,383,Luis Díaz,Luis,Díaz Marulanda,MID,12,Liverpool,LIV,False,15,Newcastle,NEW,15,2,12,3,0,,,,,,,,,,,
2,19,2025-08-25T19:00:00Z,384,Gakpo,Cody,Gakpo,MID,12,Liverpool,LIV,False,15,Newcastle,NEW,15,2,12,3,90,,2.0,,,,,,,,,2.0
2,19,2025-08-25T19:00:00Z,385,Chiesa,Federico,Chiesa,MID,12,Liverpool,LIV,False,15,Newcastle,NEW,15,2,12,3,10,,,,,,,,,,,
2,19,2025-08-25T19:00:00Z,386,Mac Allister,Alexis,Mac Allister,MID,12,Liverpool,LIV,False,15,Newcastle,NEW,15,2,12,3,0,,,,,,,,,,,
2,19,2025-08-25T19:00:00Z,387,Szoboszlai,Dominik,Szoboszlai,MID,12,Liverpool,LIV,False,15,Newcastle,NEW,15,2,12,3,90,,,,,,,,,,,
2,19,2025-08-25T19:00:00Z,388,C.Jones,Curtis,Jones,MID,12,Liverpool,LIV,False,15,Newcastle,NEW,15,2,12,3,90,,,,,,,,,,,
2,19,2025-08-25T19:00:00Z,389,Elliott,Harvey,Elliott,MID,2,Aston Villa,AVL,False,15,Newcastle,NEW,15,2,12,3,1,,,,,,,,,,,
2,19,2025-08-25T19:00:00Z,390,Gravenberch,Ryan,Gravenberch,MID,12,Liverpool,LIV,False,15,Newcastle,NEW,15,2,12,3,90,1.0,,,,,,,,1.0,,1.0
2,12,2025-08-23T14:00:00Z,391,Gannon-Doak,Ben,Gannon-Doak,MID,4,Bournemouth,BOU,True,20,Wolves,WOL,4,1,20,0,0,,,,,,,,,,,
2,19,2025-08-25T19:00:00Z,392,Endo,Endo,Wataru,MID,12,Liverpool,LIV,False,15,Newcastle,NEW,15,2,12,3,1,,,,,,,,,,,
2,19,2025-08-25T19:00:00Z,393,Bajcetic,Stefan,Bajčetić Maquieira,MID,12,Liverpool,LIV,False,15,Newcastle,NEW,15,2,12,3,0,,,,,,,,,,,
2,19,2025-08-25T19:00:00Z,394,McConnell,James,McConnell,MID,12,Liverpool,LIV,False,15,Newcastle,NEW,15,2,12,3,0,,,,,,,,,,,
2,19,2025-08-25T19:00:00Z,395,Morton,Tyler,Morton,MID,12,Liverpool,LIV,False,15,Newcastle,NEW,15,2,12,3,0,,,,,,,,,,,
2,19,2025-08-25T19:00:00Z,396,Nyoni,Trey,Nyoni,MID,12,Liverpool,LIV,False,15,Newcastle,NEW,15,2,12,3,0,,,,,,,,,,,
2,19,2025-08-25T19:00:00Z,397,Darwin,Darwin,Núñez Ribeiro,FWD,12,Liverpool,LIV,False,15,Newcastle,NEW,15,2,12,3,0,,,,,,,,,,,
2,19,2025-08-25T19:00:00Z,398,Danns,Jayden,Danns,FWD,12,Liverpool,LIV,False,15,Newcastle,NEW,15,2,12,3,0,,,,,,,,,,,
2,18,2025-08-23T11:30:00Z,399,Ederson M.,Ederson,Santana de Moraes,GK,13,Man City,MCI,True,18,Spurs,TOT,13,0,18,2,0,,,,,,,,,,,
2,18,2025-08-23T11:30:00Z,400,Ortega Moreno,Stefan,Ortega Moreno,GK,13,Man City,MCI,True,18,Spurs,TOT,13,0,18,2,0,,,,,,,,,,,
2,18,2025-08-23T11:30:00Z,401,Bettinelli,Marcus,Bettinelli,GK,13,Man City,MCI,True,18,Spurs,TOT,13,0,18,2,0,,,,,,,,,,,
2,18,2025-08-23T11:30:00Z,402,Aït-Nouri,Rayan,Aït-Nouri,DEF,13,Man City,MCI,True,18,Spurs,TOT,13,0,18,2,22,,,,,,,,,,,
2,18,2025-08-23T11:30:00Z,403,Gvardiol,Joško,Gvardiol,DEF,13,Man City,MCI,True,18,Spurs,TOT,13,0,18,2,0,,,,,,,,,,,
2,18,2025-08-23T11:30:00Z,404,Akanji,Manuel,Akanji,DEF,13,Man City,MCI,True,18,Spurs,TOT,13,0,18,2,0,,,,,,,,,,,
2,18,2025-08-23T11:30:00Z,405,Aké,Nathan,Aké,DEF,13,Man City,MCI,True,18,Spurs,TOT,13,0,18,2,67,,,,2.0,,,,,,,
2,18,2025-08-23T11:30:00Z,406,Khusanov,Abdukodir,Khusanov,DEF,13,Man City,MCI,True,18,Spurs,TOT,13,0,18,2,0,,,,,,,,,,,
2,18,2025-08-23T11:30:00Z,407,Matheus N.,Matheus,Nunes,DEF,13,Man City,MCI,True,18,Spurs,TOT,13,0,18,2,0,,,,,,,,,,,
2,18,2025-08-23T11:30:00Z,408,Rúben,Rúben,dos Santos Gato Alves Dias,DEF,13,Man City,MCI,True,18,Spurs,TOT,13,0,18,2,90,,,,2.0,,,,,,,
2,18,2025-08-23T11:30:00Z,409,Stones,John,Stones,DEF,13,Man City,MCI,True,18,Spurs,TOT,13,0,18,2,90,,,,2.0,,,,,,,
2,18,2025-08-23T11:30:00Z,410,Lewis,Rico,Lewis,DEF,13,Man City,MCI,True,18,Spurs,TOT,13,0,18,2,90,,,,2.0,,,,,,,
2,18,2025-08-23T11:30:00Z,411,O’Reilly,Nico,O'Reilly,DEF,13,Man City,MCI,True,18,Spurs,TOT,13,0,18,2,0,,,,,,,,,,,
2,18,2025-08-23T11:30:00Z,412,Vitor Reis,Vitor,de Oliveira Nunes dos Reis,DEF,13,Man City,MCI,True,18,Spurs,TOT,13,0,18,2,0,,,,,,,,,,,
2,18,2025-08-23T11:30:00Z,413,Marmoush,Omar,Marmoush,MID,13,Man City,MCI,True,18,Spurs,TOT,13,0,18,2,53,,,,,,,,,,,
2,18,2025-08-23T11:30:00Z,414,Foden,Phil,Foden,MID,13,Man City,MCI,True,18,Spurs,TOT,13,0,18,2,15,,,,,,,,,,,
2,18,2025-08-23T11:30:00Z,415,Savinho,Sávio,Moreira de Oliveira,MID,13,Man City,MCI,True,18,Spurs,TOT,13,0,18,2,0,,,,,,,,,,,
2,18,2025-08-23T11:30:00Z,416,Bernardo,Bernardo,Mota Veiga de Carvalho e Silva,MID,13,Man City,MCI,True,18,Spurs,TOT,13,0,18,2,36,,,,,,,,,,,
2,18,2025-08-23T11:30:00Z,417,Cherki,Rayan,Cherki,MID,13,Man City,MCI,True,18,Spurs,TOT,13,0,18,2,53,,,,,,,,,,,
2,18,2025-08-23T11:30:00Z,418,Doku,Jérémy,Doku,MID,13,Man City,MCI,True,18,Spurs,TOT,13,0,18,2,36,,,,,,,,,,,
2,16,2025-08-24T13:00:00Z,419,Grealish,Jack,Grealish,MID,9,Everton,EVE,True,6,Brighton,BHA,9,2,6,0,90,,2.0,1.0,,,,,,,,2.0
2,18,2025-08-23T11:30:00Z,420,Gündoğan,İlkay,Gündoğan,MID,13,Man City,MCI,True,18,Spurs,TOT,13,0,18,2,0,,,,,,,,,,,
2,18,2025-08-23T11:30:00Z,421,Rodrigo,Rodrigo 'Rodri',Hernandez Cascante,MID,13,Man City,MCI,True,18,Spurs,TOT,13,0,18,2,15,,,,,,,,,,,
2,18,2025-08-23T11:30:00Z,422,Kovačić,Mateo,Kovačić,MID,13,Man City,MCI,True,18,Spurs,TOT,13,0,18,2,0,,,,,,,,,,,
2,18,2025-08-23T11:30:00Z,423,N.Gonzalez,Nico,González Iglesias,MID,13,Man City,MCI,True,18,Spurs,TOT,13,0,18,2,74,,,,,,,,,1.0,,
2,18,2025-08-23T11:30:00Z,424,Bobb,Oscar,Bobb,MID,13,Man City,MCI,True,18,Spurs,TOT,13,0,18,2,74,,,,,,,,,,,
2,18,2025-08-23T11:30:00Z,425,Echeverri,Claudio,Echeverri,MID,13,Man City,MCI,True,18,Spurs,TOT,13,0,18,2,0,,,,,,,,,,,
2,15,2025-08-24T13:00:00Z,426,McAtee,James,McAtee,MID,16,Nott'm Forest,NFO,False,8,Crystal Palace,CRY,8,1,16,1,18,,,,,,,,,,,
2,18,2025-08-23T11:30:00Z,427,Reijnders,Tijjani,Reijnders,MID,13,Man City,MCI,True,18,Spurs,TOT,13,0,18,2,90,,,,,,,,,,,
2,18,2025-08-23T11:30:00Z,428,Nypan,Sverre,Nypan,MID,13,Man City,MCI,True,18,Spurs,TOT,13,0,18,2,0,,,,,,,,,,,
2,18,2025-08-23T11:30:00Z,429,Phillips,Kalvin,Phillips,MID,13,Man City,MCI,True,18,Spurs,TOT,13,0,18,2,0,,,,,,,,,,,
2,18,2025-08-23T11:30:00Z,430,Haaland,Erling,Haaland,FWD,13,Man City,MCI,True,18,Spurs,TOT,13,0,18,2,90,,,,,,,,,,,
2,17,2025-08-24T15:30:00Z,431,Bayindir,Altay,Bayındır,GK,14,Man Utd,MUN,False,10,Fulham,FUL,10,1,14,1,90,,,,,,,,,,,
2,17,2025-08-24T15:30:00Z,432,Onana,André,Onana,GK,14,Man Utd,MUN,False,10,Fulham,FUL,10,1,14,1,0,,,,,,,,,,,
2,17,2025-08-24T15:30:00Z,433,Harrison,Elyh,Harrison,GK,14,Man Utd,MUN,False,10,Fulham,FUL,10,1,14,1,0,,,,,,,,,,,
2,17,2025-08-24T15:30:00Z,434,Heaton,Tom,Heaton,GK,14,Man Utd,MUN,False,10,Fulham,FUL,10,1,14,1,0,,,,,,,,,,,
2,17,2025-08-24T15:30:00Z,435,Mee,Dermot,Mee,GK,14,Man Utd,MUN,False,10,Fulham,FUL,10,1,14,1,0,,,,,,,,,,,
2,17,2025-08-24T15:30:00Z,436,De Ligt,Matthijs,de Ligt,DEF,14,Man Utd,MUN,False,10,Fulham,FUL,10,1,14,1,90,,,,,,,,,,,3.0
2,17,2025-08-24T15:30:00Z,437,Martinez,Lisandro,Martínez,DEF,14,Man Utd,MUN,False,10,Fulham,FUL,10,1,14,1,0,,,,,,,,,,,
2,17,2025-08-24T15:30:00Z,438,Mazraoui,Noussair,Mazraoui,DEF,14,Man Utd,MUN,False,10,Fulham,FUL,10,1,14,1,0,,,,,,,,,,,
2,17,2025-08-24T15:30:00Z,439,D.Leon,Diego,León Blanco,DEF,14,Man Utd,MUN,False,10,Fulham,FUL,10,1,14,1,0,,,,,,,,,,,
2,17,2025-08-24T15:30:00Z,440,Dalot,Diogo,Dalot Teixeira,DEF,14,Man Utd,MUN,False,10,Fulham,FUL,10,1,14,1,38,,,,,,,,,,,
2,17,2025-08-24T15:30:00Z,441,Dorgu,Patrick,Dorgu,DEF,14,Man Utd,MUN,False,10,Fulham,FUL,10,1,14,1,90,,,,,,,,,,,
2,17,2025-08-24T15:30:00Z,442,Maguire,Harry,Maguire,DEF,14,Man Utd,MUN,False,10,Fulham,FUL,10,1,14,1,3,,,,,,,,,,,
2,17,2025-08-24T15:30:00Z,443,Shaw,Luke,Shaw,DEF,14,Man Utd,MUN,False,10,Fulham,FUL,10,1,14,1,86,,,,,,,,,,,
2,17,2025-08-24T15:30:00Z,444,Yoro,Leny,Yoro,DEF,14,Man Utd,MUN,False,10,Fulham,FUL,10,1,14,1,86,,1.0,,,,,,,,,1.0
2,17,2025-08-24T15:30:00Z,445,Amass,Harry,Amass,DEF,14,Man Utd,MUN,False,10,Fulham,FUL,10,1,14,1,0,,,,,,,,,,,
2,17,2025-08-24T15:30:00Z,446,Fredricson,Tyler,Fredricson,DEF,14,Man Utd,MUN,False,10,Fulham,FUL,10,1,14,1,0,,,,,,,,,,,
2,17,2025-08-24T15:30:00Z,447,Heaven,Ayden,Heaven,DEF,14,Man Utd,MUN,False,10,Fulham,FUL,10,1,14,1,3,,,,,,,,,,,
2,17,2025-08-24T15:30:00Z,448,Malacia,Tyrell,Malacia,DEF,14,Man Utd,MUN,False,10,Fulham,FUL,10,1,14,1,0,,,,,,,,,,,
2,17,2025-08-24T15:30:00Z,449,B.Fernandes,Bruno,Borges Fernandes,MID,14,Man Utd,MUN,False,10,Fulham,FUL,10,1,14,1,90,,,,,,,,1.0,,,
2,17,2025-08-24T15:30:00Z,450,Cunha,Matheus,Santos Carneiro da Cunha,MID,14,Man Utd,MUN,False,10,Fulham,FUL,10,1,14,1,90,,,,,,,,,,,
2,17,2025-08-24T15:30:00Z,451,Rashford,Marcus,Rashford,MID,14,Man Utd,MUN,False,10,Fulham,FUL,10,1,14,1,0,,,,,,,,,,,
2,17,2025-08-24T15:30:00Z,452,Amad,Amad,Diallo,MID,14,Man Utd,MUN,False,10,Fulham,FUL,10,1,14,1,51,,,,,,,,,,,
2,17,2025-08-24T15:30:00Z,453,Garnacho,Alejandro,Garnacho Ferreyra,MID,7,Chelsea,CHE,False,10,Fulham,FUL,10,1,14,1,0,,,,,,,,,,,
2,17,2025-08-24T15:30:00Z,454,Antony,Antony,dos Santos,MID,14,Man Utd,MUN,False,10,Fulham,FUL,10,1,14,1,0,,,,,,,,,,,
2,17,2025-08-24T15:30:00Z,455,Mount,Mason,Mount,MID,14,Man Utd,MUN,False,10,Fulham,FUL,10,1,14,1,68,,,1.0,,,,,,,,
2,17,2025-08-24T15:30:00Z,456,Sancho,Jadon,Sancho,MID,2,Aston Villa,AVL,False,10,Fulham,FUL,10,1,14,1,0,,,,,,,,,,,
2,17,2025-08-24T15:30:00Z,457,Casemiro,Carlos Henrique,Casimiro,MID,14,Man Utd,MUN,False,10,Fulham,FUL,10,1,14,1,52,,,,,,,,,1.0,,
2,17,2025-08-24T15:30:00Z,458,Mainoo,Kobbie,Mainoo,MID,14,Man Utd,MUN,False,10,Fulham,FUL,10,1,14,1,0,,,,,,,,,,,
2,17,2025-08-24T15:30:00Z,459,Ugarte,Manuel,Ugarte Ribeiro,MID,14,Man Utd,MUN,False,10,Fulham,FUL,10,1,14,1,21,,,,,,,,,,,
2,17,2025-08-24T15:30:00Z,460,Collyer,Toby,Collyer,MID,14,Man Utd,MUN,False,10,Fulham,FUL,10,1,14,1,0,,,,,,,,,,,
2,17,2025-08-24T15:30:00Z,461,Fitzgerald,Jayce,Fitzgerald,MID,14,Man Utd,MUN,False,10,Fulham,FUL,10,1,14,1,0,,,,,,,,,,,
2,17,2025-08-24T15:30:00Z,462,J.Fletcher,Jack,Fletcher,MID,14,Man Utd,MUN,False,10,Fulham,FUL,10,1,14,1,0,,,,,,,,,,,
2,17,2025-08-24T15:30:00Z,463,Kone,Sékou,Koné,MID,14,Man Utd,MUN,False,10,Fulham,FUL,10,1,14,1,0,,,,,,,,,,,
2,17,2025-08-24T15:30:00Z,464,Moorhouse,Jack,Moorhouse,MID,14,Man Utd,MUN,False,10,Fulham,FUL,10,1,14,1,0,,,,,,,,,,,
2,17,2025-08-24T15:30:00Z,465,Højlund,Rasmus,Højlund,FWD,14,Man Utd,MUN,False,10,Fulham,FUL,10,1,14,1,0,,,,,,,,,,,
2,17,2025-08-24T15:30:00Z,466,Zirkzee,Joshua,Zirkzee,FWD,14,Man Utd,MUN,False,10,Fulham,FUL,10,1,14,1,0,,,,,,,,,,,
2,17,2025-08-24T15:30:00Z,467,Obi,Chido,Obi,FWD,14,Man Utd,MUN,False,10,Fulham,FUL,10,1,14,1,0,,,,,,,,,,,
2,17,2025-08-24T15:30:00Z,468,Wheatley,Ethan,Wheatley,FWD,14,Man Utd,MUN,False,10,Fulham,FUL,10,1,14,1,0,,,,,,,,,,,
2,19,2025-08-25T19:00:00Z,469,Pope,Nick,Pope,GK,15,Newcastle,NEW,True,12,Liverpool,LIV,15,2,12,3,90,,1.0,,3.0,,,,,,,
2,14,2025-08-23T14:00:00Z,470,Dúbravka,Martin,Dúbravka,GK,3,Burnley,BUR,True,17,Sunderland,SUN,3,2,17,0,90,,,1.0,,,,,,,,
2,19,2025-08-25T19:00:00Z,471,Gillespie,Mark,Gillespie,GK,15,Newcastle,NEW,True,12,Liverpool,LIV,15,2,12,3,0,,,,,,,,,,,
2,19,2025-08-25T19:00:00Z,472,Odysseas,Odysseas,Vlachodimos,GK,15,Newcastle,NEW,True,12,Liverpool,LIV,15,2,12,3,0,,,,,,,,,,,
2,19,2025-08-25T19:00:00Z,473,Hall,Lewis,Hall,DEF,15,Newcastle,NEW,True,12,Liverpool,LIV,15,2,12,3,14,,,,,,,,,,,
2,19,2025-08-25T19:00:00Z,474,Schär,Fabian,Schär,DEF,15,Newcastle,NEW,True,12,Liverpool,LIV,15,2,12,3,80,,,,2.0,,,,,,,
2,19,2025-08-25T19:00:00Z,475,Botman,Sven,Botman,DEF,15,Newcastle,NEW,True,12,Liverpool,LIV,15,2,12,3,0,,,,,,,,,,,
2,19,2025-08-25T19:00:00Z,476,Burn,Dan,Burn,DEF,15,Newcastle,NEW,True,12,Liverpool,LIV,15,2,12,3,90,,,,3.0,,,,,1.0,,
2,19,2025-08-25T19:00:00Z,477,Livramento,Tino,Livramento,DEF,15,Newcastle,NEW,True,12,Liverpool,LIV,15,2,12,3,90,,1.0,,3.0,,,,,,,
2,19,2025-08-25T19:00:00Z,478,Trippier,Kieran,Trippier,DEF,15,Newcastle,NEW,True,12,Liverpool,LIV,15,2,12,3,75,,,,2.0,,,,,,,
2,19,2025-08-25T19:00:00Z,479,Krafth,Emil,Krafth,DEF,15,Newcastle,NEW,True,12,Liverpool,LIV,15,2,12,3,0,,,,,,,,,,,
2,19,2025-08-25T19:00:00Z,480,Lascelles,Jamaal,Lascelles,DEF,15,Newcastle,NEW,True,12,Liverpool,LIV,15,2,12,3,0,,,,,,,,,,,
2,19,2025-08-25T19:00:00Z,481,A.Murphy,Alex,Murphy,DEF,15,Newcastle,NEW,True,12,Liverpool,LIV,15,2,12,3,0,,,,,,,,,,,
2,19,2025-08-25T19:00:00Z,482,Ashby,Harrison,Ashby,DEF,15,Newcastle,NEW,True,12,Liverpool,LIV,15,2,12,3,0,,,,,,,,,,,
2,19,2025-08-25T19:00:00Z,483,Pivas,Miodrag,Pivaš,DEF,15,Newcastle,NEW,True,12,Liverpool,LIV,15,2,12,3,0,,,,,,,,,,,
2,19,2025-08-25T19:00:00Z,484,Targett,Matt,Targett,DEF,15,Newcastle,NEW,True,12,Liverpool,LIV,15,2,12,3,0,,,,,,,,,,,
2,19,2025-08-25T19:00:00Z,485,Gordon,Anthony,Gordon,MID,15,Newcastle,NEW,True,12,Liverpool,LIV,15,2,12,3,47,,,,,,,,,,1.0,
2,19,2025-08-25T19:00:00Z,486,Elanga,Anthony,Elanga,MID,15,Newcastle,NEW,True,12,Liverpool,LIV,15,2,12,3,90,,,,,,,,,,,
2,19,2025-08-25T19:00:00Z,487,Barnes,Harvey,Barnes,MID,15,Newcastle,NEW,True,12,Liverpool,LIV,15,2,12,3,75,,,,,,,,,,,
2,19,2025-08-25T19:00:00Z,488,Bruno G.,Bruno,Guimarães Rodriguez Moura,MID,15,Newcastle,NEW,True,12,Liverpool,LIV,15,2,12,3,90,1.0,,,,,,,,1.0,,
2,19,2025-08-25T19:00:00Z,489,J.Murphy,Jacob,Murphy,MID,15,Newcastle,NEW,True,12,Liverpool,LIV,15,2,12,3,0,,,,,,,,,,,
2,19,2025-08-25T19:00:00Z,490,Joelinton,Joelinton Cássio,Apolinário de Lira,MID,15,Newcastle,NEW,True,12,Liverpool,LIV,15,2,12,3,75,,,,,,,,,,,
2,19,2025-08-25T19:00:00Z,491,Tonali,Sandro,Tonali,MID,15,Newcastle,NEW,True,12,Liverpool,LIV,15,2,12,3,65,,,,,,,,,,,
2,19,2025-08-25T19:00:00Z,492,Antoñito C.,Antoñito,Cordero Campillo,MID,15,Newcastle,NEW,True,12,Liverpool,LIV,15,2,12,3,0,,,,,,,,,,,
2,11,2025-08-23T16:30:00Z,493,Longstaff,Sean,Longstaff,MID,11,Leeds,LEE,False,1,Arsenal,ARS,1,5,11,0,32,,,,,,,,,,,
2,19,2025-08-25T19:00:00Z,494,Willock,Joe,Willock,MID,15,Newcastle,NEW,True,12,Liverpool,LIV,15,2,12,3,0,,,,,,,,,,,
2,19,2025-08-25T19:00:00Z,495,Hayden,Isaac,Hayden,MID,15,Newcastle,NEW,True,12,Liverpool,LIV,15,2,12,3,0,,,,,,,,,,,
2,19,2025-08-25T19:00:00Z,496,Kuol,Garang,Kuol,MID,15,Newcastle,NEW,True,12,Liverpool,LIV,15,2,12,3,0,,,,,,,,,,,
2,19,2025-08-25T19:00:00Z,497,L.Miley,Lewis,Miley,MID,15,Newcastle,NEW,True,12,Liverpool,LIV,15,2,12,3,24,,,,,,,,,,,
2,19,2025-08-25T19:00:00Z,498,White,Joe,White,MID,15,Newcastle,NEW,True,12,Liverpool,LIV,15,2,12,3,0,,,,,,,,,,,
2,19,2025-08-25T19:00:00Z,499,Isak,Alexander,Isak,FWD,12,Liverpool,LIV,False,15,Newcastle,NEW,15,2,12,3,0,,,,,,,,,,,
2,19,2025-08-25T19:00:00Z,500,Osula,William,Osula,FWD,15,Newcastle,NEW,True,12,Liverpool,LIV,15,2,12,3,14,1.0,,,,,,,,,,
2,19,2025-08-25T19:00:00Z,501,Neave,Sean,Neave,FWD,15,Newcastle,NEW,True,12,Liverpool,LIV,15,2,12,3,0,,,,,,,,,,,
2,15,2025-08-24T13:00:00Z,502,Sels,Matz,Sels,GK,16,Nott'm Forest,NFO,False,8,Crystal Palace,CRY,8,1,16,1,90,,,,,,3.0,,,1.0,,
2,15,2025-08-24T13:00:00Z,503,C.Miguel,Carlos Miguel,dos Santos Pereira,GK,16,Nott'm Forest,NFO,False,8,Crystal Palace,CRY,8,1,16,1,0,,,,,,,,,,,
2,15,2025-08-24T13:00:00Z,504,Turner,Matt,Turner,GK,16,Nott'm Forest,NFO,False,8,Crystal Palace,CRY,8,1,16,1,0,,,,,,,,,,,
2,15,2025-08-24T13:00:00Z,505,Milenković,Nikola,Milenković,DEF,16,Nott'm Forest,NFO,False,8,Crystal Palace,CRY,8,1,16,1,90,,,,,,,,,,,
2,15,2025-08-24T13:00:00Z,506,Murillo,Murillo,Costa dos Santos,DEF,16,Nott'm Forest,NFO,False,8,Crystal Palace,CRY,8,1,16,1,90,,,,,,,,,1.0,,
2,15,2025-08-24T13:00:00Z,507,Aina,Ola,Aina,DEF,16,Nott'm Forest,NFO,False,8,Crystal Palace,CRY,8,1,16,1,90,,,,,,,,,1.0,,
2,15,2025-08-24T13:00:00Z,508,N.Williams,Neco,Williams,DEF,16,Nott'm Forest,NFO,False,8,Crystal Palace,CRY,8,1,16,1,90,,,,,,,,,,,
2,15,2025-08-24T13:00:00Z,509,David Carmo,David,Mota Veiga Teixeira do Carmo,DEF,16,Nott'm Forest,NFO,False,8,Crystal Palace,CRY,8,1,16,1,0,,,,,,,,,,,
2,15,2025-08-24T13:00:00Z,510,Jair Cunha,Jair,Paula da Cunha Filho,DEF,16,Nott'm Forest,NFO,False,8,Crystal Palace,CRY,8,1,16,1,0,,,,,,,,,,,
2,15,2025-08-24T13:00:00Z,511,Morato,Felipe,Rodrigues da Silva,DEF,16,Nott'm Forest,NFO,False,8,Crystal Palace,CRY,8,1,16,1,0,,,,,,,,,,,
2,15,2025-08-24T13:00:00Z,512,O.Richards,Omar,Richards,DEF,16,Nott'm Forest,NFO,False,8,Crystal Palace,CRY,8,1,16,1,0,,,,,,,,,,,
2,15,2025-08-24T13:00:00Z,513,Abbott,Zach,Abbott,DEF,16,Nott'm Forest,NFO,False,8,Crystal Palace,CRY,8,1,16,1,0,,,,,,,,,,,
2,15,2025-08-24T13:00:00Z,514,Boly,Willy,Boly,DEF,16,Nott'm Forest,NFO,False,8,Crystal Palace,CRY,8,1,16,1,0,,,,,,,,,,,
2,15,2025-08-24T13:00:00Z,515,Gibbs-White,Morgan,Gibbs-White,MID,16,Nott'm Forest,NFO,False,8,Crystal Palace,CRY,8,1,16,1,81,,,,,,,,,,,
2,15,2025-08-24T13:00:00Z,516,Hudson-Odoi,Callum,Hudson-Odoi,MID,16,Nott'm Forest,NFO,False,8,Crystal Palace,CRY,8,1,16,1,71,1.0,,,,,,,,,,3.0
2,15,2025-08-24T13:00:00Z,517,Anderson,Elliot,Anderson,MID,16,Nott'm Forest,NFO,False,8,Crystal Palace,CRY,8,1,16,1,90,,,,,,,,,,,
2,15,2025-08-24T13:00:00Z,518,Jota,João Pedro,Ferreira da Silva,MID,16,Nott'm Forest,NFO,False,8,Crystal Palace,CRY,8,1,16,1,0,,,,,,,,,,,
2,15,2025-08-24T13:00:00Z,519,Dominguez,Nicolás,Domínguez,MID,16,Nott'm Forest,NFO,False,8,Crystal Palace,CRY,8,1,16,1,0,,,,,,,,,,,
2,15,2025-08-24T13:00:00Z,520,O'Brien,Lewis,O'Brien,MID,16,Nott'm Forest,NFO,False,8,Crystal Palace,CRY,8,1,16,1,0,,,,,,,,,,,
2,15,2025-08-24T13:00:00Z,521,Sangaré,Ibrahim,Sangaré,MID,16,Nott'm Forest,NFO,False,8,Crystal Palace,CRY,8,1,16,1,87,,,,,,,,,,,
2,15,2025-08-24T13:00:00Z,522,Yates,Ryan,Yates,MID,16,Nott'm Forest,NFO,False,8,Crystal Palace,CRY,8,1,16,1,2,,,,,,,,,,,
2,15,2025-08-24T13:00:00Z,523,Da Silva Moreira,Eric,da Silva Moreira,MID,16,Nott'm Forest,NFO,False,8,Crystal Palace,CRY,8,1,16,1,0,,,,,,,,,,,
2,15,2025-08-24T13:00:00Z,524,Stamenic,Marko,Stamenić,MID,16,Nott'm Forest,NFO,False,8,Crystal Palace,CRY,8,1,16,1,0,,,,,,,,,,,
2,15,2025-08-24T13:00:00Z,525,Wood,Chris,Wood,FWD,16,Nott'm Forest,NFO,False,8,Crystal Palace,CRY,8,1,16,1,87,,,,,,,,,,,
2,15,2025-08-24T13:00:00Z,526,Igor Jesus,Igor Jesus,Maciel da Cruz,FWD,16,Nott'm Forest,NFO,False,8,Crystal Palace,CRY,8,1,16,1,2,,,,,,,,,,,
2,15,2025-08-24T13:00:00Z,527,Awoniyi,Taiwo,Awoniyi,FWD,16,Nott'm Forest,NFO,False,8,Crystal Palace,CRY,8,1,16,1,0,,,,,,,,,,,
2,14,2025-08-23T14:00:00Z,528,Patterson,Anthony,Patterson,GK,17,Sunderland,SUN,False,3,Burnley,BUR,3,2,17,0,0,,,,,,,,,,,
2,14,2025-08-23T14:00:00Z,529,Moore,Simon,Moore,GK,17,Sunderland,SUN,False,3,Burnley,BUR,3,2,17,0,0,,,,,,,,,,,
2,14,2025-08-23T14:00:00Z,530,Nna Noukeu,Blondy,Nna Noukeu,GK,17,Sunderland,SUN,False,3,Burnley,BUR,3,2,17,0,0,,,,,,,,,,,
2,14,2025-08-23T14:00:00Z,531,Ballard,Daniel,Ballard,DEF,17,Sunderland,SUN,False,3,Burnley,BUR,3,2,17,0,8,,,,,,,,,,,
2,14,2025-08-23T14:00:00Z,532,Hume,Trai,Hume,DEF,17,Sunderland,SUN,False,3,Burnley,BUR,3,2,17,0,90,,,,2.0,,,,,,,
2,14,2025-08-23T14:00:00Z,533,Alese,Aji,Alese,DEF,17,Sunderland,SUN,False,3,Burnley,BUR,3,2,17,0,0,,,,,,,,,,,
2,14,2025-08-23T14:00:00Z,534,Anderson,Joe,Anderson,DEF,17,Sunderland,SUN,False,3,Burnley,BUR,3,2,17,0,0,,,,,,,,,,,
2,14,2025-08-23T14:00:00Z,535,Cirkin,Dennis,Cirkin,DEF,17,Sunderland,SUN,False,3,Burnley,BUR,3,2,17,0,0,,,,,,,,,,,
2,14,2025-08-23T14:00:00Z,536,Hjelde,Leo Fuhr,Hjelde,DEF,17,Sunderland,SUN,False,3,Burnley,BUR,3,2,17,0,0,,,,,,,,,,,
2,14,2025-08-23T14:00:00Z,537,Huggins,Niall,Huggins,DEF,17,Sunderland,SUN,False,3,Burnley,BUR,3,2,17,0,0,,,,,,,,,,,
2,14,2025-08-23T14:00:00Z,538,Johnson,Zak,Johnson,DEF,17,Sunderland,SUN,False,3,Burnley,BUR,3,2,17,0,0,,,,,,,,,,,
2,14,2025-08-23T14:00:00Z,539,O'Nien,Luke,O'Nien,DEF,17,Sunderland,SUN,False,3,Burnley,BUR,3,2,17,0,0,,,,,,,,,,,
2,14,2025-08-23T14:00:00Z,540,Pembele,Timothée,Pembélé,DEF,17,Sunderland,SUN,False,3,Burnley,BUR,3,2,17,0,0,,,,,,,,,,,
2,14,2025-08-23T14:00:00Z,541,Reinildo,Reinildo,Mandava,DEF,17,Sunderland,SUN,False,3,Burnley,BUR,3,2,17,0,90,,,,2.0,,,,,,,
2,14,2025-08-23T14:00:00Z,542,Seelt,Jenson,Seelt,DEF,17,Sunderland,SUN,False,3,Burnley,BUR,3,2,17,0,81,,,,2.0,,,,,,,
2,14,2025-08-23T14:00:00Z,543,Adingra,Simon,Adingra,MID,17,Sunderland,SUN,False,3,Burnley,BUR,3,2,17,0,62,,,,,,,,,1.0,,
2,14,2025-08-23T14:00:00Z,544,Diarra,Habib,Diarra,MID,17,Sunderland,SUN,False,3,Burnley,BUR,3,2,17,0,79,,,,,,,,,,,
2,14,2025-08-23T14:00:00Z,545,Roberts,Patrick,Roberts,MID,17,Sunderland,SUN,False,3,Burnley,BUR,3,2,17,0,27,,,,,,,,,,,
2,14,2025-08-23T14:00:00Z,546,Aleksić,Milan,Aleksić,MID,17,Sunderland,SUN,False,3,Burnley,BUR,3,2,17,0,0,,,,,,,,,,,
2,14,2025-08-23T14:00:00Z,547,E.Le Fée,Enzo,Le Fée,MID,17,Sunderland,SUN,False,3,Burnley,BUR,3,2,17,0,27,,,,,,,,,,,
2,14,2025-08-23T14:00:00Z,548,Mundle,Romaine,Mundle,MID,17,Sunderland,SUN,False,3,Burnley,BUR,3,2,17,0,0,,,,,,,,,,,
2,14,2025-08-23T14:00:00Z,549,Neil,Dan,Neil,MID,17,Sunderland,SUN,False,3,Burnley,BUR,3,2,17,0,0,,,,,,,,,,,
2,14,2025-08-23T14:00:00Z,550,Poveda,Ian,Poveda-Ocampo,MID,17,Sunderland,SUN,False,3,Burnley,BUR,3,2,17,0,0,,,,,,,,,,,
2,14,2025-08-23T14:00:00Z,551,Rigg,Chris,Rigg,MID,17,Sunderland,SUN,False,3,Burnley,BUR,3,2,17,0,0,,,,,,,,,,,
2,14,2025-08-23T14:00:00Z,552,Sadiki,Noah,Sadiki,MID,17,Sunderland,SUN,False,3,Burnley,BUR,3,2,17,0,90,,,,,,,,,,,
2,14,2025-08-23T14:00:00Z,553,Talbi,Chemsdine,Talbi,MID,17,Sunderland,SUN,False,3,Burnley,BUR,3,2,17,0,62,,,,,,,,,,,
2,14,2025-08-23T14:00:00Z,554,Ba,Abdoullah,Ba,MID,17,Sunderland,SUN,False,3,Burnley,BUR,3,2,17,0,0,,,,,,,,,,,
2,14,2025-08-23T14:00:00Z,555,Browne,Alan,Browne,MID,17,Sunderland,SUN,False,3,Burnley,BUR,3,2,17,0,0,,,,,,,,,,,
2,14,2025-08-23T14:00:00Z,556,Ekwah,Pierre,Ekwah Elimby,MID,17,Sunderland,SUN,False,3,Burnley,BUR,3,2,17,0,0,,,,,,,,,,,
2,14,2025-08-23T14:00:00Z,557,H.Jones,Harrison,Jones,MID,17,Sunderland,SUN,False,3,Burnley,BUR,3,2,17,0,0,,,,,,,,,,,
2,14,2025-08-23T14:00:00Z,558,Matete,Jay,Matete,MID,17,Sunderland,SUN,False,3,Burnley,BUR,3,2,17,0,0,,,,,,,,,,,
2,14,2025-08-23T14:00:00Z,559,Triantis,Nectarios,Triantis,MID,17,Sunderland,SUN,False,3,Burnley,BUR,3,2,17,0,0,,,,,,,,,,,
2,14,2025-08-23T14:00:00Z,560,Isidor,Wilson,Isidor,FWD,17,Sunderland,SUN,False,3,Burnley,BUR,3,2,17,0,27,,,,,,,,,,,
2,14,2025-08-23T14:00:00Z,561,Mayenda,Eliezer,Mayenda Dossou,FWD,17,Sunderland,SUN,False,3,Burnley,BUR,3,2,17,0,62,,,,,,,,,,,
2,14,2025-08-23T14:00:00Z,562,Abdullahi,Ahmed,Abdullahi,FWD,17,Sunderland,SUN,False,3,Burnley,BUR,3,2,17,0,0,,,,,,,,,,,
2,14,2025-08-23T14:00:00Z,563,Luís Hemir,Luís Hemir,Silva Semedo,FWD,17,Sunderland,SUN,False,3,Burnley,BUR,3,2,17,0,0,,,,,,,,,,,
2,14,2025-08-23T14:00:00Z,564,Rusyn,Nazarii,Rusyn,FWD,17,Sunderland,SUN,False,3,Burnley,BUR,3,2,17,0,0,,,,,,,,,,,
2,18,2025-08-23T11:30:00Z,565,Vicario,Guglielmo,Vicario,GK,18,Spurs,TOT,False,13,Man City,MCI,13,0,18,2,90,,,1.0,,,4.0,,,,,2.0
2,18,2025-08-23T11:30:00Z,566,Austin,Brandon,Austin,GK,18,Spurs,TOT,False,13,Man City,MCI,13,0,18,2,0,,,,,,,,,,,
2,18,2025-08-23T11:30:00Z,567,Kinsky,Antonín,Kinský,GK,18,Spurs,TOT,False,13,Man City,MCI,13,0,18,2,0,,,,,,,,,,,
2,18,2025-08-23T11:30:00Z,568,Pedro Porro,Pedro,Porro Sauceda,DEF,18,Spurs,TOT,False,13,Man City,MCI,13,0,18,2,90,,,1.0,,,,,,1.0,,
2,18,2025-08-23T11:30:00Z,569,Romero,Cristian,Romero,DEF,18,Spurs,TOT,False,13,Man City,MCI,13,0,18,2,90,,,1.0,,,,,,1.0,,
2,18,2025-08-23T11:30:00Z,570,Danso,Kevin,Danso,DEF,18,Spurs,TOT,False,13,Man City,MCI,13,0,18,2,1,,,,,,,,,,,
2,18,2025-08-23T11:30:00Z,571,Davies,Ben,Davies,DEF,18,Spurs,TOT,False,13,Man City,MCI,13,0,18,2,0,,,,,,,,,,,
2,18,2025-08-23T11:30:00Z,572,Dragusin,Radu,Drăgușin,DEF,18,Spurs,TOT,False,13,Man City,MCI,13,0,18,2,0,,,,,,,,,,,
2,18,2025-08-23T11:30:00Z,573,Spence,Djed,Spence,DEF,18,Spurs,TOT,False,13,Man City,MCI,13,0,18,2,90,,,1.0,,,,,,,,
2,18,2025-08-23T11:30:00Z,574,Udogie,Destiny,Udogie,DEF,18,Spurs,TOT,False,13,Man City,MCI,13,0,18,2,0,,,,,,,,,,,
2,18,2025-08-23T11:30:00Z,575,Van de Ven,Micky,van de Ven,DEF,18,Spurs,TOT,False,13,Man City,MCI,13,0,18,2,90,,,1.0,,,,,,,,
2,18,2025-08-23T11:30:00Z,576,Phillips,Ashley,Phillips,DEF,18,Spurs,TOT,False,13,Man City,MCI,13,0,18,2,0,,,,,,,,,,,
2,18,2025-08-23T11:30:00Z,577,Takai,Takai,Kōta,DEF,18,Spurs,TOT,False,13,Man City,MCI,13,0,18,2,0,,,,,,,,,,,
2,18,2025-08-23T11:30:00Z,578,Vuskovic,Luka,Vušković,DEF,18,Spurs,TOT,False,13,Man City,MCI,13,0,18,2,0,,,,,,,,,,,
2,18,2025-08-23T11:30:00Z,579,Son,Son,Heung-min,MID,18,Spurs,TOT,False,13,Man City,MCI,13,0,18,2,0,,,,,,,,,,,
2,18,2025-08-23T11:30:00Z,580,Johnson,Brennan,Johnson,MID,18,Spurs,TOT,False,13,Man City,MCI,13,0,18,2,77,1.0,,1.0,,,,,,1.0,,2.0
2,18,2025-08-23T11:30:00Z,581,Maddison,James,Maddison,MID,18,Spurs,TOT,False,13,Man City,MCI,13,0,18,2,0,,,,,,,,,,,
2,18,2025-08-23T11:30:00Z,582,Kudus,Mohammed,Kudus,MID,18,Spurs,TOT,False,13,Man City,MCI,13,0,18,2,85,,,1.0,,,,,,,,
2,18,2025-08-23T11:30:00Z,583,Kulusevski,Dejan,Kulusevski,MID,18,Spurs,TOT,False,13,Man City,MCI,13,0,18,2,0,,,,,,,,,,,
2,18,2025-08-23T11:30:00Z,584,Tel,Mathys,Tel,MID,18,Spurs,TOT,False,13,Man City,MCI,13,0,18,2,0,,,,,,,,,,,
2,18,2025-08-23T11:30:00Z,585,Bentancur,Rodrigo,Bentancur,MID,18,Spurs,TOT,False,13,Man City,MCI,13,0,18,2,90,,,1.0,,,,,,,,
2,18,2025-08-23T11:30:00Z,586,Bergvall,Lucas,Bergvall,MID,18,Spurs,TOT,False,13,Man City,MCI,13,0,18,2,4,,,,,,,,,,,
2,18,2025-08-23T11:30:00Z,587,Bissouma,Yves,Bissouma,MID,18,Spurs,TOT,False,13,Man City,MCI,13,0,18,2,0,,,,,,,,,,,
2,18,2025-08-23T11:30:00Z,588,Odobert,Wilson,Odobert,MID,18,Spurs,TOT,False,13,Man City,MCI,13,0,18,2,12,,,,,,,,,,,
2,18,2025-08-23T11:30:00Z,589,Solomon,Manor,Solomon,MID,18,Spurs,TOT,False,13,Man City,MCI,13,0,18,2,0,,,,,,,,,,,
2,18,2025-08-23T11:30:00Z,590,Bryan,Bryan,Gil Salvatierra,MID,18,Spurs,TOT,False,13,Man City,MCI,13,0,18,2,0,,,,,,,,,,,
2,18,2025-08-23T11:30:00Z,591,Gray,Archie,Gray,MID,18,Spurs,TOT,False,13,Man City,MCI,13,0,18,2,0,,,,,,,,,,,
2,18,2025-08-23T11:30:00Z,592,Moore,Mikey,Moore,MID,18,Spurs,TOT,False,13,Man City,MCI,13,0,18,2,0,,,,,,,,,,,
2,18,2025-08-23T11:30:00Z,593,P.M.Sarr,Pape Matar,Sarr,MID,18,Spurs,TOT,False,13,Man City,MCI,13,0,18,2,90,,,1.0,,,,,,,,
2,18,2025-08-23T11:30:00Z,594,Min-hyeok,Yang,Min-hyeok,MID,18,Spurs,TOT,False,13,Man City,MCI,13,0,18,2,0,,,,,,,,,,,
2,18,2025-08-23T11:30:00Z,595,Olusesi,Callum,Olusesi,MID,18,Spurs,TOT,False,13,Man City,MCI,13,0,18,2,0,,,,,,,,,,,
2,18,2025-08-23T11:30:00Z,596,Solanke,Dominic,Solanke-Mitchell,FWD,18,Spurs,TOT,False,13,Man City,MCI,13,0,18,2,12,,,,,,,,,,,
2,18,2025-08-23T11:30:00Z,597,Richarlison,Richarlison,de Andrade,FWD,18,Spurs,TOT,False,13,Man City,MCI,13,0,18,2,77,,1.0,,,,,,,1.0,,
2,18,2025-08-23T11:30:00Z,598,Lankshear,Will,Lankshear,FWD,18,Spurs,TOT,False,13,Man City,MCI,13,0,18,2,0,,,,,,,,,,,
2,18,2025-08-23T11:30:00Z,599,Scarlett,Dane,Scarlett,FWD,18,Spurs,TOT,False,13,Man City,MCI,13,0,18,2,0,,,,,,,,,,,
2,20,2025-08-22T19:00:00Z,600,Areola,Alphonse,Areola,GK,19,West Ham,WHU,True,7,Chelsea,CHE,19,1,7,5,0,,,,,,,,,,,
2,20,2025-08-22T19:00:00Z,601,Foderingham,Wes,Foderingham,GK,19,West Ham,WHU,True,7,Chelsea,CHE,19,1,7,5,0,,,,,,,,,,,
2,20,2025-08-22T19:00:00Z,602,Hegyi,Krisztián,Hegyi,GK,19,West Ham,WHU,True,7,Chelsea,CHE,19,1,7,5,0,,,,,,,,,,,
2,20,2025-08-22T19:00:00Z,603,Diouf,El Hadji Malick,Diouf,DEF,19,West Ham,WHU,True,7,Chelsea,CHE,19,1,7,5,90,,1.0,,5.0,,,,,,,
2,20,2025-08-22T19:00:00Z,604,Emerson,Emerson,Palmieri dos Santos,DEF,19,West Ham,WHU,True,7,Chelsea,CHE,19,1,7,5,0,,,,,,,,,,,
2,20,2025-08-22T19:00:00Z,605,Kilman,Maximilian,Kilman,DEF,19,West Ham,WHU,True,7,Chelsea,CHE,19,1,7,5,90,,,,5.0,,,,,,,
2,20,2025-08-22T19:00:00Z,606,Mavropanos,Konstantinos,Mavropanos,DEF,19,West Ham,WHU,True,7,Chelsea,CHE,19,1,7,5,0,,,,,,,,,,,
2,20,2025-08-22T19:00:00Z,607,N.Aguerd,Nayef,Aguerd,DEF,19,West Ham,WHU,True,7,Chelsea,CHE,19,1,7,5,90,,,,5.0,,,,,,,
2,20,2025-08-22T19:00:00Z,608,Scarles,Ollie,Scarles,DEF,19,West Ham,WHU,True,7,Chelsea,CHE,19,1,7,5,0,,,,,,,,,,,
2,20,2025-08-22T19:00:00Z,609,Todibo,Jean-Clair,Todibo,DEF,19,West Ham,WHU,True,7,Chelsea,CHE,19,1,7,5,45,,,,3.0,,,,,,,
2,20,2025-08-22T19:00:00Z,610,Wan-Bissaka,Aaron,Wan-Bissaka,DEF,19,West Ham,WHU,True,7,Chelsea,CHE,19,1,7,5,90,,,,5.0,,,,,,,
2,20,2025-08-22T19:00:00Z,611,Casey,Kaelan,Casey,DEF,19,West Ham,WHU,True,7,Chelsea,CHE,19,1,7,5,0,,,,,,,,,,,
2,20,2025-08-22T19:00:00Z,612,L.Paquetá,Lucas,Tolentino Coelho de Lima,MID,19,West Ham,WHU,True,7,Chelsea,CHE,19,1,7,5,90,1.0,,,,,,,,,,2.0
2,20,2025-08-22T19:00:00Z,613,Souček,Tomáš,Souček,MID,19,West Ham,WHU,True,7,Chelsea,CHE,19,1,7,5,69,,,,,,,,,,,
2,20,2025-08-22T19:00:00Z,614,Ward-Prowse,James,Ward-Prowse,MID,19,West Ham,WHU,True,7,Chelsea,CHE,19,1,7,5,90,,,,,,,,,,,
2,20,2025-08-22T19:00:00Z,615,Summerville,Crysencio,Summerville,MID,19,West Ham,WHU,True,7,Chelsea,CHE,19,1,7,5,0,,,,,,,,,,,
2,20,2025-08-22T19:00:00Z,616,Álvarez,Edson,Álvarez Velázquez,MID,19,West Ham,WHU,True,7,Chelsea,CHE,19,1,7,5,0,,,,,,,,,,,
2,20,2025-08-22T19:00:00Z,617,Cornet,Maxwel,Cornet,MID,19,West Ham,WHU,True,7,Chelsea,CHE,19,1,7,5,0,,,,,,,,,,,
2,20,2025-08-22T19:00:00Z,618,G.Rodriguez,Guido,Rodríguez,MID,19,West Ham,WHU,True,7,Chelsea,CHE,19,1,7,5,0,,,,,,,,,,,
2,20,2025-08-22T19:00:00Z,619,L.Guilherme,Luis Guilherme,Lira dos Santos,MID,19,West Ham,WHU,True,7,Chelsea,CHE,19,1,7,5,0,,,,,,,,,,,
2,20,2025-08-22T19:00:00Z,620,Earthy,George,Earthy,MID,19,West Ham,WHU,True,7,Chelsea,CHE,19,1,7,5,0,,,,,,,,,,,
2,20,2025-08-22T19:00:00Z,621,Irving,Andy,Irving,MID,19,West Ham,WHU,True,7,Chelsea,CHE,19,1,7,5,0,,,,,,,,,,,
2,20,2025-08-22T19:00:00Z,622,Orford,Lewis,Orford,MID,19,West Ham,WHU,True,7,Chelsea,CHE,19,1,7,5,0,,,,,,,,,,,
2,20,2025-08-22T19:00:00Z,623,Potts,Freddie,Potts,MID,19,West Ham,WHU,True,7,Chelsea,CHE,19,1,7,5,45,,,,,,,,,,,
2,20,2025-08-22T19:00:00Z,624,Bowen,Jarrod,Bowen,FWD,19,West Ham,WHU,True,7,Chelsea,CHE,19,1,7,5,90,,,,,,,,,,,
2,20,2025-08-22T19:00:00Z,625,Füllkrug,Niclas,Füllkrug,FWD,19,West Ham,WHU,True,7,Chelsea,CHE,19,1,7,5,45,,,,,,,,,,,
2,20,2025-08-22T19:00:00Z,626,Marshall,Callum,Marshall,FWD,19,West Ham,WHU,True,7,Chelsea,CHE,19,1,7,5,0,,,,,,,,,,,
2,12,2025-08-23T14:00:00Z,627,Johnstone,Sam,Johnstone,GK,20,Wolves,WOL,False,4,Bournemouth,BOU,4,1,20,0,0,,,,,,,,,,,
2,12,2025-08-23T14:00:00Z,628,José Sá,José,Malheiro de Sá,GK,20,Wolves,WOL,False,4,Bournemouth,BOU,4,1,20,0,90,,,,,,3.0,,,,,
2,12,2025-08-23T14:00:00Z,629,Bentley,Daniel,Bentley,GK,20,Wolves,WOL,False,4,Bournemouth,BOU,4,1,20,0,0,,,,,,,,,,,
2,16,2025-08-24T13:00:00Z,630,King,Tom,King,GK,9,Everton,EVE,True,6,Brighton,BHA,9,2,6,0,0,,,,,,,,,,,
2,12,2025-08-23T14:00:00Z,631,Agbadou,Emmanuel,Agbadou,DEF,20,Wolves,WOL,False,4,Bournemouth,BOU,4,1,20,0,90,,,,,,,,,,,
2,12,2025-08-23T14:00:00Z,632,Doherty,Matt,Doherty,DEF,20,Wolves,WOL,False,4,Bournemouth,BOU,4,1,20,0,90,,,,,,,,,1.0,,
2,12,2025-08-23T14:00:00Z,633,H.Bueno,Hugo,Bueno López,DEF,20,Wolves,WOL,False,4,Bournemouth,BOU,4,1,20,0,45,,,,,,,,,1.0,,
2,12,2025-08-23T14:00:00Z,634,Mosquera,Yerson,Mosquera Valdelamar,DEF,20,Wolves,WOL,False,4,Bournemouth,BOU,4,1,20,0,0,,,,,,,,,,,
2,12,2025-08-23T14:00:00Z,635,R.Gomes,Rodrigo,Martins Gomes,DEF,20,Wolves,WOL,False,4,Bournemouth,BOU,4,1,20,0,0,,,,,,,,,,,
2,12,2025-08-23T14:00:00Z,636,S.Bueno,Santiago,Ignacio Bueno,DEF,20,Wolves,WOL,False,4,Bournemouth,BOU,4,1,20,0,34,,,,,,,,,,,
2,12,2025-08-23T14:00:00Z,637,Toti,Toti,Gomes,DEF,20,Wolves,WOL,False,4,Bournemouth,BOU,4,1,20,0,48,,,,,,,,,,1.0,
2,12,2025-08-23T14:00:00Z,638,Hoever,Ki-Jana,Hoever,DEF,20,Wolves,WOL,False,4,Bournemouth,BOU,4,1,20,0,34,,,,,,,,,,,
2,12,2025-08-23T14:00:00Z,639,Meupiyou,Bastien,Meupiyou Menadjou,DEF,20,Wolves,WOL,False,4,Bournemouth,BOU,4,1,20,0,0,,,,,,,,,,,
2,12,2025-08-23T14:00:00Z,640,Pedro Lima,Pedro,Cardoso de Lima,DEF,20,Wolves,WOL,False,4,Bournemouth,BOU,4,1,20,0,0,,,,,,,,,,,
2,12,2025-08-23T14:00:00Z,641,Pond,Alfie,Pond,DEF,20,Wolves,WOL,False,4,Bournemouth,BOU,4,1,20,0,0,,,,,,,,,,,
2,12,2025-08-23T14:00:00Z,642,Hee Chan,Hwang,Hee-chan,MID,20,Wolves,WOL,False,4,Bournemouth,BOU,4,1,20,0,12,,,,,,,,,,,
2,12,2025-08-23T14:00:00Z,643,André,André,Trindade da Costa Neto,MID,20,Wolves,WOL,False,4,Bournemouth,BOU,4,1,20,0,45,,,,,,,,,,,
2,12,2025-08-23T14:00:00Z,644,Bellegarde,Jean-Ricner,Bellegarde,MID,20,Wolves,WOL,False,4,Bournemouth,BOU,4,1,20,0,45,,,,,,,,,,,
2,12,2025-08-23T14:00:00Z,645,Fer López,Fer,López González,MID,20,Wolves,WOL,False,4,Bournemouth,BOU,4,1,20,0,0,,,,,,,,,,,
2,12,2025-08-23T14:00:00Z,646,Gomes,João Victor,Gomes da Silva,MID,20,Wolves,WOL,False,4,Bournemouth,BOU,4,1,20,0,90,,,,,,,,,1.0,,
2,12,2025-08-23T14:00:00Z,647,Guedes,Gonçalo Manuel,Ganchinho Guedes,MID,20,Wolves,WOL,False,4,Bournemouth,BOU,4,1,20,0,0,,,,,,,,,,,
2,12,2025-08-23T14:00:00Z,648,Munetsi,Marshall,Munetsi,MID,20,Wolves,WOL,False,4,Bournemouth,BOU,4,1,20,0,90,,,,,,,,,,,
2,12,2025-08-23T14:00:00Z,649,B.Traore,Boubacar,Traoré,MID,20,Wolves,WOL,False,4,Bournemouth,BOU,4,1,20,0,0,,,,,,,,,,,
2,12,2025-08-23T14:00:00Z,650,Chirewa,Tawanda,Chirewa,MID,20,Wolves,WOL,False,4,Bournemouth,BOU,4,1,20,0,0,,,,,,,,,,,
2,12,2025-08-23T14:00:00Z,651,Edozie,Tom,Edozie,MID,20,Wolves,WOL,False,4,Bournemouth,BOU,4,1,20,0,0,,,,,,,,,,,
2,12,2025-08-23T14:00:00Z,652,Gonzalez,Enso,González Medina,MID,20,Wolves,WOL,False,4,Bournemouth,BOU,4,1,20,0,0,,,,,,,,,,,
2,12,2025-08-23T14:00:00Z,653,Hodge,Joe,Hodge,MID,20,Wolves,WOL,False,4,Bournemouth,BOU,4,1,20,0,0,,,,,,,,,,,
2,12,2025-08-23T14:00:00Z,654,Strand Larsen,Jørgen,Strand Larsen,FWD,20,Wolves,WOL,False,4,Bournemouth,BOU,4,1,20,0,77,,,,,,,,,,,
2,12,2025-08-23T14:00:00Z,655,Fábio Silva,Fábio,Soares Silva,FWD,20,Wolves,WOL,False,4,Bournemouth,BOU,4,1,20,0,0,,,,,,,,,,,
2,12,2025-08-23T14:00:00Z,656,Kalajdžić,Saša,Kalajdžić,FWD,20,Wolves,WOL,False,4,Bournemouth,BOU,4,1,20,0,0,,,,,,,,,,,
2,12,2025-08-23T14:00:00Z,657,Chiwome,Leon,Chiwome,FWD,20,Wolves,WOL,False,4,Bournemouth,BOU,4,1,20,0,0,,,,,,,,,,,
2,12,2025-08-23T14:00:00Z,658,Fraser,Nathan,Fraser,FWD,20,Wolves,WOL,False,4,Bournemouth,BOU,4,1,20,0,0,,,,,,,,,,,
2,20,2025-08-22T19:00:00Z,659,Walker-Peters,Kyle,Walker-Peters,DEF,19,West Ham,WHU,True,7,Chelsea,CHE,19,1,7,5,20,,,,,,,,,,,
2,11,2025-08-23T16:30:00Z,660,Stach,Anton,Stach,MID,11,Leeds,LEE,False,1,Arsenal,ARS,1,5,11,0,90,,,,,,,,,,,
2,19,2025-08-25T19:00:00Z,661,Ekitiké,Hugo,Ekitiké,FWD,12,Liverpool,LIV,False,15,Newcastle,NEW,15,2,12,3,79,1.0,,,,,,,,,,3.0
2,11,2025-08-23T16:30:00Z,662,Mosquera,Cristhian,Mosquera,DEF,1,Arsenal,ARS,True,11,Leeds,LEE,1,5,11,0,26,,,,,,,,,,,
2,12,2025-08-23T14:00:00Z,663,J.Arias,Jhon,Arias,MID,20,Wolves,WOL,False,4,Bournemouth,BOU,4,1,20,0,55,,,,,,,,,,,
2,17,2025-08-24T15:30:00Z,664,Lecomte,Benjamin,Lecomte,GK,10,Fulham,FUL,True,14,Man Utd,MUN,10,1,14,1,0,,,,,,,,,,,
2,11,2025-08-23T16:30:00Z,665,Perri,Lucas Estella,Perri,GK,11,Leeds,LEE,False,1,Arsenal,ARS,1,5,11,0,90,,,,5.0,,,,,,,
2,11,2025-08-23T16:30:00Z,666,Gyökeres,Viktor,Gyökeres,FWD,1,Arsenal,ARS,True,11,Leeds,LEE,1,5,11,0,90,2.0,,,,,,,,,,2.0
2,16,2025-08-24T13:00:00Z,667,Aznou,Adam,Aznou,DEF,9,Everton,EVE,True,6,Brighton,BHA,9,2,6,0,0,,,,,,,,,,,
2,14,2025-08-23T14:00:00Z,668,Xhaka,Granit,Xhaka,MID,17,Sunderland,SUN,False,3,Burnley,BUR,3,2,17,0,90,,,,,,,,,,,
2,15,2025-08-24T13:00:00Z,669,Ndoye,Dan,Ndoye,MID,16,Nott'm Forest,NFO,False,8,Crystal Palace,CRY,8,1,16,1,70,,1.0,,,,,,,,,2.0
2,14,2025-08-23T14:00:00Z,670,Roefs,Robin,Roefs,GK,17,Sunderland,SUN,False,3,Burnley,BUR,3,2,17,0,90,,,,2.0,,,,,,,
2,20,2025-08-22T19:00:00Z,671,Wilson,Callum,Wilson,FWD,19,West Ham,WHU,True,7,Chelsea,CHE,19,1,7,5,45,,,,,,,,,,,
2,20,2025-08-22T19:00:00Z,672,Hato,Jorrel,Hato,DEF,7,Chelsea,CHE,False,19,West Ham,WHU,19,1,7,5,21,,,,,,,,,1.0,,
2,18,2025-08-23T11:30:00Z,673,J.Palhinha,João Maria,Lobo Alves Palhares Costa Palhinha Gonçalves,MID,18,Spurs,TOT,False,13,Man City,MCI,13,0,18,2,90,1.0,,1.0,,,,,,,,3.0
2,19,2025-08-25T19:00:00Z,674,Ramsdale,Aaron,Ramsdale,GK,15,Newcastle,NEW,True,12,Liverpool,LIV,15,2,12,3,0,,,,,,,,,,,
2,15,2025-08-24T13:00:00Z,675,Gunn,Angus,Gunn,GK,16,Nott'm Forest,NFO,False,8,Crystal Palace,CRY,8,1,16,1,0,,,,,,,,,,,
2,14,2025-08-23T14:00:00Z,676,Ugochukwu,Lesley,Ugochukwu,MID,3,Burnley,BUR,True,17,Sunderland,SUN,3,2,17,0,68,,,1.0,,,,,,,,
2,13,2025-08-23T14:00:00Z,677,Guessand,Evann,Guessand,MID,2,Aston Villa,AVL,False,5,Brentford,BRE,5,1,2,0,15,,,,,,,,,,,
2,14,2025-08-23T14:00:00Z,678,Masuaku,Arthur,Masuaku,DEF,17,Sunderland,SUN,False,3,Burnley,BUR,3,2,17,0,0,,,,,,,,,,,
2,20,2025-08-22T19:00:00Z,679,Hermansen,Mads,Hermansen,GK,19,West Ham,WHU,True,7,Chelsea,CHE,19,1,7,5,90,,,,5.0,,,,,,,
2,14,2025-08-23T14:00:00Z,680,Broja,Armando,Broja,FWD,3,Burnley,BUR,True,17,Sunderland,SUN,3,2,17,0,0,,,,,,,,,,,
2,17,2025-08-24T15:30:00Z,681,Šeško,Benjamin,Sesko,FWD,14,Man Utd,MUN,False,10,Fulham,FUL,10,1,14,1,37,,,,,,,,,,,
2,12,2025-08-23T14:00:00Z,682,Møller Wolfe,David,Møller Wolfe,DEF,20,Wolves,WOL,False,4,Bournemouth,BOU,4,1,20,0,45,,,,,,,,,,,
2,14,2025-08-23T14:00:00Z,683,Alderete,Omar,Alderete,DEF,17,Sunderland,SUN,False,3,Burnley,BUR,3,2,17,0,90,,,,2.0,,,,,,,
2,19,2025-08-25T19:00:00Z,684,Thiaw,Malick,Thiaw,DEF,15,Newcastle,NEW,True,12,Liverpool,LIV,15,2,12,3,9,,,,,,,,,,,
2,12,2025-08-23T14:00:00Z,685,Diakité,Bafodé,Diakité,DEF,4,Bournemouth,BOU,True,20,Wolves,WOL,4,1,20,0,90,,,1.0,,,,,,,,2.0
2,19,2025-08-25T19:00:00Z,686,Ngumoha,Rio,Ngumoha,MID,12,Liverpool,LIV,False,15,Newcastle,NEW,15,2,12,3,1,1.0,,,,,,,,,,
2,12,2025-08-23T14:00:00Z,687,Rees-Dottin,Remy,Rees-Dottin,MID,4,Bournemouth,BOU,True,20,Wolves,WOL,4,1,20,0,0,,,,,,,,,,,
2,13,2025-08-23T14:00:00Z,688,Wright,James,Wright,GK,2,Aston Villa,AVL,False,5,Brentford,BRE,5,1,2,0,0,,,,,,,,,,,
2,19,2025-08-25T19:00:00Z,689,Seung soo,Seung-Soo,Park,MID,15,Newcastle,NEW,True,12,Liverpool,LIV,15,2,12,3,0,,,,,,,,,,,
2,15,2025-08-24T13:00:00Z,690,Cardines,Rio,Cardines,MID,8,Crystal Palace,CRY,True,16,Nott'm Forest,NFO,8,1,16,1,0,,,,,,,,,,,
2,11,2025-08-23T16:30:00Z,691,Calvert-Lewin,Dominic,Calvert-Lewin,FWD,11,Leeds,LEE,False,1,Arsenal,ARS,1,5,11,0,0,,,,,,,,,,,
2,19,2025-08-25T19:00:00Z,692,Leoni,Giovanni,Leoni,DEF,12,Liverpool,LIV,False,15,Newcastle,NEW,15,2,12,3,0,,,,,,,,,,,
2,15,2025-08-24T13:00:00Z,693,Hutchinson,Omari,Hutchinson,MID,16,Nott'm Forest,NFO,False,8,Crystal Palace,CRY,8,1,16,1,8,,,,,,,,,,,
2,14,2025-08-23T14:00:00Z,694,Mukiele,Nordi,Mukiele,DEF,17,Sunderland,SUN,False,3,Burnley,BUR,3,2,17,0,0,,,,,,,,,,,
2,12,2025-08-23T14:00:00Z,695,Tchatchoua,Jackson,Tchatchoua,DEF,20,Wolves,WOL,False,4,Bournemouth,BOU,4,1,20,0,55,,,,,,,,,,,
2,15,2025-08-24T13:00:00Z,696,Kalimuendo,Arnaud,Kalimuendo,FWD,16,Nott'm Forest,NFO,False,8,Crystal Palace,CRY,8,1,16,1,19,,,,,,,,,,,
2,12,2025-08-23T14:00:00Z,697,Adli,Amine,Adli,MID,4,Bournemouth,BOU,True,20,Wolves,WOL,4,1,20,0,24,,,,,,,,,,,
2,11,2025-08-23T16:30:00Z,698,Okafor,Noah,Okafor,MID,11,Leeds,LEE,False,1,Arsenal,ARS,1,5,11,0,24,,,,,,,,,,,
2,15,2025-08-24T13:00:00Z,699,Douglas Luiz,Douglas Luiz,Soares de Paulo,MID,16,Nott'm Forest,NFO,False,8,Crystal Palace,CRY,8,1,16,1,0,,,,,,,,,,,
2,11,2025-08-23T16:30:00Z,700,Dowman,Max,Dowman,MID,1,Arsenal,ARS,True,11,Leeds,LEE,1,5,11,0,26,,1.0,,,,,,,,,
2,13,2025-08-23T14:00:00Z,701,Rowe,Triston,Rowe,DEF,2,Aston Villa,AVL,False,5,Brentford,BRE,5,1,2,0,0,,,,,,,,,,,
2,13,2025-08-23T14:00:00Z,702,Burrowes,Bradley,Burrowes,MID,2,Aston Villa,AVL,False,5,Brentford,BRE,5,1,2,0,0,,,,,,,,,,,
2,13,2025-08-23T14:00:00Z,703,Proctor,Sam,Proctor,GK,2,Aston Villa,AVL,False,5,Brentford,BRE,5,1,2,0,0,,,,,,,,,,,
2,16,2025-08-24T13:00:00Z,704,Onyango,Tyler,Onyango,MID,9,Everton,EVE,True,6,Brighton,BHA,9,2,6,0,0,,,,,,,,,,,
2,16,2025-08-24T13:00:00Z,705,Campbell,Elijah,Campbell,DEF,9,Everton,EVE,True,6,Brighton,BHA,9,2,6,0,0,,,,,,,,,,,
