id,event,kickoff_time,finished,finished_provisional,team_h,team_h_name,team_h_short,team_h_score,team_h_difficulty,team_a,team_a_name,team_a_short,team_a_score,team_a_difficulty,minutes,pulse_id
1,1,2025-08-15T19:00:00Z,True,True,12,Liverpool,LIV,4.0,3,4,Bournemouth,BOU,2.0,5,90,124791
2,1,2025-08-16T11:30:00Z,True,True,2,Aston Villa,AVL,0.0,3,15,Newcastle,NEW,0.0,4,90,124792
3,1,2025-08-16T14:00:00Z,True,True,6,Brighton,BHA,1.0,3,10,Fulham,FUL,1.0,3,90,124793
6,1,2025-08-16T14:00:00Z,True,True,18,Spurs,TOT,3.0,2,3,Burnley,BUR,0.0,3,90,124796
5,1,2025-08-16T14:00:00Z,True,True,17,Sunderland,SUN,3.0,2,19,West Ham,WHU,0.0,2,90,124795
7,1,2025-08-16T16:30:00Z,True,True,20,Wolves,WOL,0.0,4,13,Man City,MCI,4.0,3,90,124797
8,1,2025-08-17T13:00:00Z,True,True,7,Chelsea,CHE,0.0,3,8,Crystal Palace,CRY,0.0,4,90,124798
4,1,2025-08-17T13:00:00Z,True,True,16,Nott'm Forest,NFO,3.0,3,5,Brentford,BRE,1.0,3,90,124794
9,1,2025-08-17T15:30:00Z,True,True,14,Man Utd,MUN,0.0,4,1,Arsenal,ARS,1.0,3,90,124799
10,1,2025-08-18T19:00:00Z,True,True,11,Leeds,LEE,1.0,2,9,Everton,EVE,0.0,2,90,124800
20,2,2025-08-22T19:00:00Z,True,True,19,West Ham,WHU,1.0,3,7,Chelsea,CHE,5.0,2,90,124810
18,2,2025-08-23T11:30:00Z,True,True,13,Man City,MCI,0.0,3,18,Spurs,TOT,2.0,4,90,124808
12,2,2025-08-23T14:00:00Z,True,True,4,Bournemouth,BOU,1.0,2,20,Wolves,WOL,0.0,3,90,124802
13,2,2025-08-23T14:00:00Z,True,True,5,Brentford,BRE,1.0,3,2,Aston Villa,AVL,0.0,3,90,124803
14,2,2025-08-23T14:00:00Z,True,True,3,Burnley,BUR,2.0,2,17,Sunderland,SUN,0.0,2,90,124804
11,2,2025-08-23T16:30:00Z,True,True,1,Arsenal,ARS,5.0,2,11,Leeds,LEE,0.0,4,90,124801
15,2,2025-08-24T13:00:00Z,True,True,8,Crystal Palace,CRY,1.0,3,16,Nott'm Forest,NFO,1.0,3,90,124805
16,2,2025-08-24T13:00:00Z,True,True,9,Everton,EVE,2.0,3,6,Brighton,BHA,0.0,3,90,124806
17,2,2025-08-24T15:30:00Z,True,True,10,Fulham,FUL,1.0,3,14,Man Utd,MUN,1.0,3,90,124807
19,2,2025-08-25T19:00:00Z,True,True,15,Newcastle,NEW,2.0,4,12,Liverpool,LIV,3.0,4,90,124809
23,3,2025-08-30T11:30:00Z,False,False,7,Chelsea,CHE,,3,10,Fulham,FUL,,4,0,124813
26,3,2025-08-30T14:00:00Z,False,False,14,Man Utd,MUN,,2,3,Burnley,BUR,,3,0,124816
29,3,2025-08-30T14:00:00Z,False,False,18,Spurs,TOT,,3,4,Bournemouth,BOU,,3,0,124819
28,3,2025-08-30T14:00:00Z,False,False,17,Sunderland,SUN,,3,5,Brentford,BRE,,2,0,124818
30,3,2025-08-30T14:00:00Z,False,False,20,Wolves,WOL,,2,9,Everton,EVE,,3,0,124820
24,3,2025-08-30T16:30:00Z,False,False,11,Leeds,LEE,,3,15,Newcastle,NEW,,2,0,124814
22,3,2025-08-31T13:00:00Z,False,False,6,Brighton,BHA,,4,13,Man City,MCI,,3,0,124812
27,3,2025-08-31T13:00:00Z,False,False,16,Nott'm Forest,NFO,,2,19,West Ham,WHU,,3,0,124817
25,3,2025-08-31T15:30:00Z,False,False,12,Liverpool,LIV,,4,1,Arsenal,ARS,,5,0,124815
21,3,2025-08-31T18:00:00Z,False,False,2,Aston Villa,AVL,,3,8,Crystal Palace,CRY,,4,0,124811
31,4,2025-09-13T11:30:00Z,False,False,1,Arsenal,ARS,,3,16,Nott'm Forest,NFO,,4,0,124821
32,4,2025-09-13T14:00:00Z,False,False,4,Bournemouth,BOU,,3,6,Brighton,BHA,,3,0,124822
35,4,2025-09-13T14:00:00Z,False,False,8,Crystal Palace,CRY,,2,17,Sunderland,SUN,,3,0,124825
36,4,2025-09-13T14:00:00Z,False,False,9,Everton,EVE,,3,2,Aston Villa,AVL,,3,0,124826
37,4,2025-09-13T14:00:00Z,False,False,10,Fulham,FUL,,2,11,Leeds,LEE,,3,0,124827
39,4,2025-09-13T14:00:00Z,False,False,15,Newcastle,NEW,,2,20,Wolves,WOL,,4,0,124829
40,4,2025-09-13T16:30:00Z,False,False,19,West Ham,WHU,,3,18,Spurs,TOT,,2,0,124830
33,4,2025-09-13T19:00:00Z,False,False,5,Brentford,BRE,,3,7,Chelsea,CHE,,3,0,124823
34,4,2025-09-14T13:00:00Z,False,False,3,Burnley,BUR,,4,12,Liverpool,LIV,,2,0,124824
38,4,2025-09-14T15:30:00Z,False,False,13,Man City,MCI,,3,14,Man Utd,MUN,,4,0,124828
46,5,2025-09-20T11:30:00Z,False,False,12,Liverpool,LIV,,2,9,Everton,EVE,,5,0,124836
42,5,2025-09-20T14:00:00Z,False,False,4,Bournemouth,BOU,,3,15,Newcastle,NEW,,3,0,124832
43,5,2025-09-20T14:00:00Z,False,False,6,Brighton,BHA,,3,18,Spurs,TOT,,3,0,124833
44,5,2025-09-20T14:00:00Z,False,False,3,Burnley,BUR,,3,16,Nott'm Forest,NFO,,2,0,124834
49,5,2025-09-20T14:00:00Z,False,False,19,West Ham,WHU,,3,8,Crystal Palace,CRY,,2,0,124839
50,5,2025-09-20T14:00:00Z,False,False,20,Wolves,WOL,,2,11,Leeds,LEE,,3,0,124840
47,5,2025-09-20T16:30:00Z,False,False,14,Man Utd,MUN,,3,7,Chelsea,CHE,,3,0,124837
45,5,2025-09-20T19:00:00Z,False,False,10,Fulham,FUL,,3,5,Brentford,BRE,,3,0,124835
48,5,2025-09-21T13:00:00Z,False,False,17,Sunderland,SUN,,3,2,Aston Villa,AVL,,2,0,124838
41,5,2025-09-21T15:30:00Z,False,False,1,Arsenal,ARS,,4,13,Man City,MCI,,4,0,124831
52,6,2025-09-27T11:30:00Z,False,False,5,Brentford,BRE,,3,14,Man Utd,MUN,,3,0,124842
51,6,2025-09-27T14:00:00Z,False,False,2,Aston Villa,AVL,,3,10,Fulham,FUL,,4,0,124841
53,6,2025-09-27T14:00:00Z,False,False,7,Chelsea,CHE,,3,6,Brighton,BHA,,4,0,124843
54,6,2025-09-27T14:00:00Z,False,False,8,Crystal Palace,CRY,,4,12,Liverpool,LIV,,3,0,124844
56,6,2025-09-27T14:00:00Z,False,False,11,Leeds,LEE,,3,4,Bournemouth,BOU,,2,0,124846
57,6,2025-09-27T14:00:00Z,False,False,13,Man City,MCI,,2,3,Burnley,BUR,,4,0,124847
59,6,2025-09-27T16:30:00Z,False,False,16,Nott'm Forest,NFO,,2,17,Sunderland,SUN,,3,0,124849
60,6,2025-09-28T13:00:00Z,False,False,18,Spurs,TOT,,2,20,Wolves,WOL,,3,0,124850
58,6,2025-09-28T15:30:00Z,False,False,15,Newcastle,NEW,,4,1,Arsenal,ARS,,4,0,124848
55,6,2025-09-29T19:00:00Z,False,False,9,Everton,EVE,,2,19,West Ham,WHU,,3,0,124845
63,7,2025-10-03T19:00:00Z,False,False,4,Bournemouth,BOU,,3,10,Fulham,FUL,,3,0,124853
67,7,2025-10-04T11:30:00Z,False,False,11,Leeds,LEE,,3,18,Spurs,TOT,,2,0,124857
61,7,2025-10-04T14:00:00Z,False,False,1,Arsenal,ARS,,2,19,West Ham,WHU,,4,0,124851
66,7,2025-10-04T14:00:00Z,False,False,9,Everton,EVE,,3,8,Crystal Palace,CRY,,3,0,124856
68,7,2025-10-04T14:00:00Z,False,False,14,Man Utd,MUN,,2,17,Sunderland,SUN,,3,0,124858
65,7,2025-10-04T16:30:00Z,False,False,7,Chelsea,CHE,,4,12,Liverpool,LIV,,4,0,124855
62,7,2025-10-05T13:00:00Z,False,False,2,Aston Villa,AVL,,2,3,Burnley,BUR,,4,0,124852
69,7,2025-10-05T13:00:00Z,False,False,15,Newcastle,NEW,,3,16,Nott'm Forest,NFO,,4,0,124859
70,7,2025-10-05T13:00:00Z,False,False,20,Wolves,WOL,,3,6,Brighton,BHA,,3,0,124860
64,7,2025-10-05T15:30:00Z,False,False,5,Brentford,BRE,,4,13,Man City,MCI,,3,0,124854
77,8,2025-10-18T11:30:00Z,False,False,16,Nott'm Forest,NFO,,3,7,Chelsea,CHE,,3,0,124867
71,8,2025-10-18T14:00:00Z,False,False,6,Brighton,BHA,,3,15,Newcastle,NEW,,3,0,124861
72,8,2025-10-18T14:00:00Z,False,False,3,Burnley,BUR,,2,11,Leeds,LEE,,2,0,124862
73,8,2025-10-18T14:00:00Z,False,False,8,Crystal Palace,CRY,,3,4,Bournemouth,BOU,,3,0,124863
76,8,2025-10-18T14:00:00Z,False,False,13,Man City,MCI,,2,9,Everton,EVE,,4,0,124866
78,8,2025-10-18T14:00:00Z,False,False,17,Sunderland,SUN,,2,20,Wolves,WOL,,2,0,124868
74,8,2025-10-18T16:30:00Z,False,False,10,Fulham,FUL,,4,1,Arsenal,ARS,,3,0,124864
79,8,2025-10-19T13:00:00Z,False,False,18,Spurs,TOT,,3,2,Aston Villa,AVL,,3,0,124869
75,8,2025-10-19T15:30:00Z,False,False,12,Liverpool,LIV,,3,14,Man Utd,MUN,,5,0,124865
80,8,2025-10-20T19:00:00Z,False,False,19,West Ham,WHU,,3,5,Brentford,BRE,,2,0,124870
87,9,2025-10-24T19:00:00Z,False,False,11,Leeds,LEE,,2,19,West Ham,WHU,,2,0,124877
84,9,2025-10-25T11:30:00Z,False,False,5,Brentford,BRE,,4,12,Liverpool,LIV,,3,0,124874
81,9,2025-10-25T14:00:00Z,False,False,1,Arsenal,ARS,,3,8,Crystal Palace,CRY,,4,0,124871
85,9,2025-10-25T14:00:00Z,False,False,7,Chelsea,CHE,,2,17,Sunderland,SUN,,4,0,124875
89,9,2025-10-25T14:00:00Z,False,False,15,Newcastle,NEW,,3,10,Fulham,FUL,,4,0,124879
88,9,2025-10-25T16:30:00Z,False,False,14,Man Utd,MUN,,3,6,Brighton,BHA,,3,0,124878
82,9,2025-10-26T14:00:00Z,False,False,2,Aston Villa,AVL,,4,13,Man City,MCI,,4,0,124872
83,9,2025-10-26T14:00:00Z,False,False,4,Bournemouth,BOU,,3,16,Nott'm Forest,NFO,,3,0,124873
90,9,2025-10-26T14:00:00Z,False,False,20,Wolves,WOL,,2,3,Burnley,BUR,,3,0,124880
86,9,2025-10-26T16:30:00Z,False,False,9,Everton,EVE,,3,18,Spurs,TOT,,3,0,124876
91,10,2025-11-01T15:00:00Z,False,False,6,Brighton,BHA,,2,11,Leeds,LEE,,3,0,124881
92,10,2025-11-01T15:00:00Z,False,False,3,Burnley,BUR,,4,1,Arsenal,ARS,,2,0,124882
93,10,2025-11-01T15:00:00Z,False,False,8,Crystal Palace,CRY,,3,5,Brentford,BRE,,3,0,124883
94,10,2025-11-01T15:00:00Z,False,False,10,Fulham,FUL,,2,20,Wolves,WOL,,3,0,124884
95,10,2025-11-01T15:00:00Z,False,False,12,Liverpool,LIV,,3,2,Aston Villa,AVL,,5,0,124885
96,10,2025-11-01T15:00:00Z,False,False,13,Man City,MCI,,3,4,Bournemouth,BOU,,4,0,124886
97,10,2025-11-01T15:00:00Z,False,False,16,Nott'm Forest,NFO,,3,14,Man Utd,MUN,,3,0,124887
99,10,2025-11-01T15:00:00Z,False,False,18,Spurs,TOT,,3,7,Chelsea,CHE,,3,0,124889
98,10,2025-11-01T15:00:00Z,False,False,17,Sunderland,SUN,,2,9,Everton,EVE,,2,0,124888
100,10,2025-11-01T15:00:00Z,False,False,19,West Ham,WHU,,3,15,Newcastle,NEW,,2,0,124890
101,11,2025-11-08T15:00:00Z,False,False,2,Aston Villa,AVL,,3,4,Bournemouth,BOU,,4,0,124891
102,11,2025-11-08T15:00:00Z,False,False,5,Brentford,BRE,,3,15,Newcastle,NEW,,3,0,124892
103,11,2025-11-08T15:00:00Z,False,False,7,Chelsea,CHE,,2,20,Wolves,WOL,,4,0,124893
104,11,2025-11-08T15:00:00Z,False,False,8,Crystal Palace,CRY,,3,6,Brighton,BHA,,3,0,124894
105,11,2025-11-08T15:00:00Z,False,False,9,Everton,EVE,,3,10,Fulham,FUL,,3,0,124895
106,11,2025-11-08T15:00:00Z,False,False,13,Man City,MCI,,4,12,Liverpool,LIV,,4,0,124896
107,11,2025-11-08T15:00:00Z,False,False,16,Nott'm Forest,NFO,,2,11,Leeds,LEE,,3,0,124897
109,11,2025-11-08T15:00:00Z,False,False,18,Spurs,TOT,,3,14,Man Utd,MUN,,3,0,124899
108,11,2025-11-08T15:00:00Z,False,False,17,Sunderland,SUN,,4,1,Arsenal,ARS,,2,0,124898
110,11,2025-11-08T15:00:00Z,False,False,19,West Ham,WHU,,2,3,Burnley,BUR,,2,0,124900
111,12,2025-11-22T15:00:00Z,False,False,1,Arsenal,ARS,,3,18,Spurs,TOT,,4,0,124901
112,12,2025-11-22T15:00:00Z,False,False,4,Bournemouth,BOU,,2,19,West Ham,WHU,,3,0,124902
113,12,2025-11-22T15:00:00Z,False,False,6,Brighton,BHA,,3,5,Brentford,BRE,,3,0,124903
114,12,2025-11-22T15:00:00Z,False,False,3,Burnley,BUR,,3,7,Chelsea,CHE,,2,0,124904
115,12,2025-11-22T15:00:00Z,False,False,10,Fulham,FUL,,2,17,Sunderland,SUN,,3,0,124905
116,12,2025-11-22T15:00:00Z,False,False,11,Leeds,LEE,,3,2,Aston Villa,AVL,,2,0,124906
117,12,2025-11-22T15:00:00Z,False,False,12,Liverpool,LIV,,3,16,Nott'm Forest,NFO,,5,0,124907
118,12,2025-11-22T15:00:00Z,False,False,14,Man Utd,MUN,,2,9,Everton,EVE,,3,0,124908
119,12,2025-11-22T15:00:00Z,False,False,15,Newcastle,NEW,,4,13,Man City,MCI,,4,0,124909
120,12,2025-11-22T15:00:00Z,False,False,20,Wolves,WOL,,3,8,Crystal Palace,CRY,,3,0,124910
121,13,2025-11-29T15:00:00Z,False,False,2,Aston Villa,AVL,,2,20,Wolves,WOL,,4,0,124911
122,13,2025-11-29T15:00:00Z,False,False,5,Brentford,BRE,,2,3,Burnley,BUR,,3,0,124912
123,13,2025-11-29T15:00:00Z,False,False,7,Chelsea,CHE,,4,1,Arsenal,ARS,,4,0,124913
124,13,2025-11-29T15:00:00Z,False,False,8,Crystal Palace,CRY,,3,14,Man Utd,MUN,,3,0,124914
125,13,2025-11-29T15:00:00Z,False,False,9,Everton,EVE,,3,15,Newcastle,NEW,,3,0,124915
126,13,2025-11-29T15:00:00Z,False,False,13,Man City,MCI,,2,11,Leeds,LEE,,4,0,124916
127,13,2025-11-29T15:00:00Z,False,False,16,Nott'm Forest,NFO,,3,6,Brighton,BHA,,3,0,124917
129,13,2025-11-29T15:00:00Z,False,False,18,Spurs,TOT,,3,10,Fulham,FUL,,3,0,124919
128,13,2025-11-29T15:00:00Z,False,False,17,Sunderland,SUN,,3,4,Bournemouth,BOU,,2,0,124918
130,13,2025-11-29T15:00:00Z,False,False,19,West Ham,WHU,,4,12,Liverpool,LIV,,2,0,124920
131,14,2025-12-03T20:00:00Z,False,False,1,Arsenal,ARS,,3,5,Brentford,BRE,,4,0,124921
132,14,2025-12-03T20:00:00Z,False,False,4,Bournemouth,BOU,,2,9,Everton,EVE,,3,0,124922
133,14,2025-12-03T20:00:00Z,False,False,6,Brighton,BHA,,3,2,Aston Villa,AVL,,3,0,124923
134,14,2025-12-03T20:00:00Z,False,False,3,Burnley,BUR,,3,8,Crystal Palace,CRY,,2,0,124924
135,14,2025-12-03T20:00:00Z,False,False,10,Fulham,FUL,,4,13,Man City,MCI,,3,0,124925
136,14,2025-12-03T20:00:00Z,False,False,11,Leeds,LEE,,3,7,Chelsea,CHE,,2,0,124926
137,14,2025-12-03T20:00:00Z,False,False,12,Liverpool,LIV,,2,17,Sunderland,SUN,,5,0,124927
138,14,2025-12-03T20:00:00Z,False,False,14,Man Utd,MUN,,2,19,West Ham,WHU,,3,0,124928
139,14,2025-12-03T20:00:00Z,False,False,15,Newcastle,NEW,,3,18,Spurs,TOT,,4,0,124929
140,14,2025-12-03T20:00:00Z,False,False,20,Wolves,WOL,,3,16,Nott'm Forest,NFO,,3,0,124930
141,15,2025-12-06T15:00:00Z,False,False,2,Aston Villa,AVL,,4,1,Arsenal,ARS,,4,0,124931
142,15,2025-12-06T15:00:00Z,False,False,4,Bournemouth,BOU,,3,7,Chelsea,CHE,,3,0,124932
143,15,2025-12-06T15:00:00Z,False,False,6,Brighton,BHA,,2,19,West Ham,WHU,,3,0,124933
144,15,2025-12-06T15:00:00Z,False,False,9,Everton,EVE,,3,16,Nott'm Forest,NFO,,3,0,124934
145,15,2025-12-06T15:00:00Z,False,False,10,Fulham,FUL,,3,8,Crystal Palace,CRY,,3,0,124935
146,15,2025-12-06T15:00:00Z,False,False,11,Leeds,LEE,,4,12,Liverpool,LIV,,2,0,124936
147,15,2025-12-06T15:00:00Z,False,False,13,Man City,MCI,,2,17,Sunderland,SUN,,4,0,124937
148,15,2025-12-06T15:00:00Z,False,False,15,Newcastle,NEW,,2,3,Burnley,BUR,,4,0,124938
149,15,2025-12-06T15:00:00Z,False,False,18,Spurs,TOT,,3,5,Brentford,BRE,,3,0,124939
150,15,2025-12-06T15:00:00Z,False,False,20,Wolves,WOL,,3,14,Man Utd,MUN,,3,0,124940
151,16,2025-12-13T15:00:00Z,False,False,1,Arsenal,ARS,,2,20,Wolves,WOL,,4,0,124941
152,16,2025-12-13T15:00:00Z,False,False,5,Brentford,BRE,,2,11,Leeds,LEE,,3,0,124942
153,16,2025-12-13T15:00:00Z,False,False,3,Burnley,BUR,,3,10,Fulham,FUL,,2,0,124943
154,16,2025-12-13T15:00:00Z,False,False,7,Chelsea,CHE,,2,9,Everton,EVE,,4,0,124944
155,16,2025-12-13T15:00:00Z,False,False,8,Crystal Palace,CRY,,4,13,Man City,MCI,,3,0,124945
156,16,2025-12-13T15:00:00Z,False,False,12,Liverpool,LIV,,3,6,Brighton,BHA,,5,0,124946
157,16,2025-12-13T15:00:00Z,False,False,14,Man Utd,MUN,,3,4,Bournemouth,BOU,,3,0,124947
158,16,2025-12-13T15:00:00Z,False,False,16,Nott'm Forest,NFO,,3,18,Spurs,TOT,,3,0,124948
159,16,2025-12-13T15:00:00Z,False,False,17,Sunderland,SUN,,3,15,Newcastle,NEW,,2,0,124949
160,16,2025-12-13T15:00:00Z,False,False,19,West Ham,WHU,,3,2,Aston Villa,AVL,,2,0,124950
161,17,2025-12-20T15:00:00Z,False,False,2,Aston Villa,AVL,,3,14,Man Utd,MUN,,4,0,124951
162,17,2025-12-20T15:00:00Z,False,False,4,Bournemouth,BOU,,2,3,Burnley,BUR,,3,0,124952
163,17,2025-12-20T15:00:00Z,False,False,6,Brighton,BHA,,2,17,Sunderland,SUN,,3,0,124953
164,17,2025-12-20T15:00:00Z,False,False,9,Everton,EVE,,4,1,Arsenal,ARS,,3,0,124954
165,17,2025-12-20T15:00:00Z,False,False,10,Fulham,FUL,,3,16,Nott'm Forest,NFO,,3,0,124955
166,17,2025-12-20T15:00:00Z,False,False,11,Leeds,LEE,,3,8,Crystal Palace,CRY,,2,0,124956
167,17,2025-12-20T15:00:00Z,False,False,13,Man City,MCI,,2,19,West Ham,WHU,,4,0,124957
168,17,2025-12-20T15:00:00Z,False,False,15,Newcastle,NEW,,3,7,Chelsea,CHE,,4,0,124958
169,17,2025-12-20T15:00:00Z,False,False,18,Spurs,TOT,,4,12,Liverpool,LIV,,3,0,124959
170,17,2025-12-20T15:00:00Z,False,False,20,Wolves,WOL,,3,5,Brentford,BRE,,3,0,124960
171,18,2025-12-27T15:00:00Z,False,False,1,Arsenal,ARS,,3,6,Brighton,BHA,,4,0,124961
172,18,2025-12-27T15:00:00Z,False,False,5,Brentford,BRE,,3,4,Bournemouth,BOU,,3,0,124962
173,18,2025-12-27T15:00:00Z,False,False,3,Burnley,BUR,,2,9,Everton,EVE,,2,0,124963
174,18,2025-12-27T15:00:00Z,False,False,7,Chelsea,CHE,,3,2,Aston Villa,AVL,,4,0,124964
175,18,2025-12-27T15:00:00Z,False,False,8,Crystal Palace,CRY,,3,18,Spurs,TOT,,3,0,124965
176,18,2025-12-27T15:00:00Z,False,False,12,Liverpool,LIV,,2,20,Wolves,WOL,,5,0,124966
177,18,2025-12-27T15:00:00Z,False,False,14,Man Utd,MUN,,3,15,Newcastle,NEW,,3,0,124967
178,18,2025-12-27T15:00:00Z,False,False,16,Nott'm Forest,NFO,,4,13,Man City,MCI,,3,0,124968
179,18,2025-12-27T15:00:00Z,False,False,17,Sunderland,SUN,,2,11,Leeds,LEE,,2,0,124969
180,18,2025-12-27T15:00:00Z,False,False,19,West Ham,WHU,,3,10,Fulham,FUL,,2,0,124970
181,19,2025-12-30T20:00:00Z,False,False,1,Arsenal,ARS,,3,2,Aston Villa,AVL,,4,0,124971
182,19,2025-12-30T20:00:00Z,False,False,5,Brentford,BRE,,3,18,Spurs,TOT,,3,0,124972
183,19,2025-12-30T20:00:00Z,False,False,3,Burnley,BUR,,3,15,Newcastle,NEW,,2,0,124973
184,19,2025-12-30T20:00:00Z,False,False,7,Chelsea,CHE,,3,4,Bournemouth,BOU,,4,0,124974
185,19,2025-12-30T20:00:00Z,False,False,8,Crystal Palace,CRY,,3,10,Fulham,FUL,,3,0,124975
186,19,2025-12-30T20:00:00Z,False,False,12,Liverpool,LIV,,2,11,Leeds,LEE,,5,0,124976
187,19,2025-12-30T20:00:00Z,False,False,14,Man Utd,MUN,,2,20,Wolves,WOL,,3,0,124977
188,19,2025-12-30T20:00:00Z,False,False,16,Nott'm Forest,NFO,,2,9,Everton,EVE,,3,0,124978
189,19,2025-12-30T20:00:00Z,False,False,17,Sunderland,SUN,,4,13,Man City,MCI,,2,0,124979
190,19,2025-12-30T20:00:00Z,False,False,19,West Ham,WHU,,3,6,Brighton,BHA,,2,0,124980
191,20,2026-01-03T15:00:00Z,False,False,2,Aston Villa,AVL,,3,16,Nott'm Forest,NFO,,4,0,124981
192,20,2026-01-03T15:00:00Z,False,False,4,Bournemouth,BOU,,4,1,Arsenal,ARS,,3,0,124982
193,20,2026-01-03T15:00:00Z,False,False,6,Brighton,BHA,,2,3,Burnley,BUR,,3,0,124983
194,20,2026-01-03T15:00:00Z,False,False,9,Everton,EVE,,3,5,Brentford,BRE,,3,0,124984
195,20,2026-01-03T15:00:00Z,False,False,10,Fulham,FUL,,4,12,Liverpool,LIV,,3,0,124985
196,20,2026-01-03T15:00:00Z,False,False,11,Leeds,LEE,,3,14,Man Utd,MUN,,2,0,124986
197,20,2026-01-03T15:00:00Z,False,False,13,Man City,MCI,,3,7,Chelsea,CHE,,4,0,124987
198,20,2026-01-03T15:00:00Z,False,False,15,Newcastle,NEW,,3,8,Crystal Palace,CRY,,4,0,124988
199,20,2026-01-03T15:00:00Z,False,False,18,Spurs,TOT,,2,17,Sunderland,SUN,,3,0,124989
200,20,2026-01-03T15:00:00Z,False,False,20,Wolves,WOL,,2,19,West Ham,WHU,,3,0,124990
201,21,2026-01-07T20:00:00Z,False,False,1,Arsenal,ARS,,4,12,Liverpool,LIV,,4,0,124991
202,21,2026-01-07T20:00:00Z,False,False,4,Bournemouth,BOU,,3,18,Spurs,TOT,,3,0,124992
203,21,2026-01-07T20:00:00Z,False,False,5,Brentford,BRE,,2,17,Sunderland,SUN,,3,0,124993
204,21,2026-01-07T20:00:00Z,False,False,3,Burnley,BUR,,3,14,Man Utd,MUN,,2,0,124994
205,21,2026-01-07T20:00:00Z,False,False,8,Crystal Palace,CRY,,3,2,Aston Villa,AVL,,3,0,124995
206,21,2026-01-07T20:00:00Z,False,False,9,Everton,EVE,,2,20,Wolves,WOL,,3,0,124996
207,21,2026-01-07T20:00:00Z,False,False,10,Fulham,FUL,,3,7,Chelsea,CHE,,3,0,124997
208,21,2026-01-07T20:00:00Z,False,False,13,Man City,MCI,,3,6,Brighton,BHA,,4,0,124998
209,21,2026-01-07T20:00:00Z,False,False,15,Newcastle,NEW,,2,11,Leeds,LEE,,4,0,124999
210,21,2026-01-07T20:00:00Z,False,False,19,West Ham,WHU,,3,16,Nott'm Forest,NFO,,2,0,125000
211,22,2026-01-17T15:00:00Z,False,False,2,Aston Villa,AVL,,2,9,Everton,EVE,,4,0,125001
212,22,2026-01-17T15:00:00Z,False,False,6,Brighton,BHA,,3,4,Bournemouth,BOU,,3,0,125002
213,22,2026-01-17T15:00:00Z,False,False,7,Chelsea,CHE,,3,5,Brentford,BRE,,4,0,125003
214,22,2026-01-17T15:00:00Z,False,False,11,Leeds,LEE,,3,10,Fulham,FUL,,2,0,125004
215,22,2026-01-17T15:00:00Z,False,False,12,Liverpool,LIV,,2,3,Burnley,BUR,,5,0,125005
216,22,2026-01-17T15:00:00Z,False,False,14,Man Utd,MUN,,4,13,Man City,MCI,,3,0,125006
217,22,2026-01-17T15:00:00Z,False,False,16,Nott'm Forest,NFO,,4,1,Arsenal,ARS,,3,0,125007
219,22,2026-01-17T15:00:00Z,False,False,18,Spurs,TOT,,2,19,West Ham,WHU,,3,0,125009
218,22,2026-01-17T15:00:00Z,False,False,17,Sunderland,SUN,,3,8,Crystal Palace,CRY,,2,0,125008
220,22,2026-01-17T15:00:00Z,False,False,20,Wolves,WOL,,3,15,Newcastle,NEW,,3,0,125010
221,23,2026-01-24T15:00:00Z,False,False,1,Arsenal,ARS,,3,14,Man Utd,MUN,,4,0,125011
222,23,2026-01-24T15:00:00Z,False,False,4,Bournemouth,BOU,,4,12,Liverpool,LIV,,3,0,125012
223,23,2026-01-24T15:00:00Z,False,False,5,Brentford,BRE,,3,16,Nott'm Forest,NFO,,3,0,125013
224,23,2026-01-24T15:00:00Z,False,False,3,Burnley,BUR,,3,18,Spurs,TOT,,2,0,125014
225,23,2026-01-24T15:00:00Z,False,False,8,Crystal Palace,CRY,,3,7,Chelsea,CHE,,3,0,125015
226,23,2026-01-24T15:00:00Z,False,False,9,Everton,EVE,,2,11,Leeds,LEE,,3,0,125016
227,23,2026-01-24T15:00:00Z,False,False,10,Fulham,FUL,,3,6,Brighton,BHA,,3,0,125017
228,23,2026-01-24T15:00:00Z,False,False,13,Man City,MCI,,2,20,Wolves,WOL,,4,0,125018
229,23,2026-01-24T15:00:00Z,False,False,15,Newcastle,NEW,,3,2,Aston Villa,AVL,,4,0,125019
230,23,2026-01-24T15:00:00Z,False,False,19,West Ham,WHU,,2,17,Sunderland,SUN,,2,0,125020
231,24,2026-01-31T15:00:00Z,False,False,2,Aston Villa,AVL,,3,5,Brentford,BRE,,4,0,125021
232,24,2026-01-31T15:00:00Z,False,False,6,Brighton,BHA,,2,9,Everton,EVE,,3,0,125022
233,24,2026-01-31T15:00:00Z,False,False,7,Chelsea,CHE,,2,19,West Ham,WHU,,4,0,125023
234,24,2026-01-31T15:00:00Z,False,False,11,Leeds,LEE,,4,1,Arsenal,ARS,,2,0,125024
235,24,2026-01-31T15:00:00Z,False,False,12,Liverpool,LIV,,3,15,Newcastle,NEW,,5,0,125025
236,24,2026-01-31T15:00:00Z,False,False,14,Man Utd,MUN,,3,10,Fulham,FUL,,3,0,125026
237,24,2026-01-31T15:00:00Z,False,False,16,Nott'm Forest,NFO,,3,8,Crystal Palace,CRY,,3,0,125027
239,24,2026-01-31T15:00:00Z,False,False,18,Spurs,TOT,,4,13,Man City,MCI,,3,0,125029
238,24,2026-01-31T15:00:00Z,False,False,17,Sunderland,SUN,,2,3,Burnley,BUR,,2,0,125028
240,24,2026-01-31T15:00:00Z,False,False,20,Wolves,WOL,,3,4,Bournemouth,BOU,,3,0,125030
241,25,2026-02-07T15:00:00Z,False,False,1,Arsenal,ARS,,2,17,Sunderland,SUN,,4,0,125031
242,25,2026-02-07T15:00:00Z,False,False,4,Bournemouth,BOU,,3,2,Aston Villa,AVL,,3,0,125032
243,25,2026-02-07T15:00:00Z,False,False,6,Brighton,BHA,,3,8,Crystal Palace,CRY,,3,0,125033
244,25,2026-02-07T15:00:00Z,False,False,3,Burnley,BUR,,2,19,West Ham,WHU,,2,0,125034
245,25,2026-02-07T15:00:00Z,False,False,10,Fulham,FUL,,2,9,Everton,EVE,,3,0,125035
246,25,2026-02-07T15:00:00Z,False,False,11,Leeds,LEE,,3,16,Nott'm Forest,NFO,,2,0,125036
247,25,2026-02-07T15:00:00Z,False,False,12,Liverpool,LIV,,4,13,Man City,MCI,,5,0,125037
248,25,2026-02-07T15:00:00Z,False,False,14,Man Utd,MUN,,3,18,Spurs,TOT,,3,0,125038
249,25,2026-02-07T15:00:00Z,False,False,15,Newcastle,NEW,,3,5,Brentford,BRE,,4,0,125039
250,25,2026-02-07T15:00:00Z,False,False,20,Wolves,WOL,,3,7,Chelsea,CHE,,3,0,125040
251,26,2026-02-11T20:00:00Z,False,False,2,Aston Villa,AVL,,3,6,Brighton,BHA,,4,0,125041
252,26,2026-02-11T20:00:00Z,False,False,5,Brentford,BRE,,4,1,Arsenal,ARS,,3,0,125042
253,26,2026-02-11T20:00:00Z,False,False,7,Chelsea,CHE,,2,11,Leeds,LEE,,4,0,125043
254,26,2026-02-11T20:00:00Z,False,False,8,Crystal Palace,CRY,,2,3,Burnley,BUR,,3,0,125044
255,26,2026-02-11T20:00:00Z,False,False,9,Everton,EVE,,3,4,Bournemouth,BOU,,3,0,125045
256,26,2026-02-11T20:00:00Z,False,False,13,Man City,MCI,,3,10,Fulham,FUL,,4,0,125046
257,26,2026-02-11T20:00:00Z,False,False,16,Nott'm Forest,NFO,,2,20,Wolves,WOL,,3,0,125047
259,26,2026-02-11T20:00:00Z,False,False,18,Spurs,TOT,,3,15,Newcastle,NEW,,3,0,125049
258,26,2026-02-11T20:00:00Z,False,False,17,Sunderland,SUN,,4,12,Liverpool,LIV,,2,0,125048
260,26,2026-02-11T20:00:00Z,False,False,19,West Ham,WHU,,3,14,Man Utd,MUN,,2,0,125050
261,27,2026-02-21T15:00:00Z,False,False,2,Aston Villa,AVL,,2,11,Leeds,LEE,,4,0,125051
262,27,2026-02-21T15:00:00Z,False,False,5,Brentford,BRE,,3,6,Brighton,BHA,,3,0,125052
263,27,2026-02-21T15:00:00Z,False,False,7,Chelsea,CHE,,2,3,Burnley,BUR,,4,0,125053
264,27,2026-02-21T15:00:00Z,False,False,8,Crystal Palace,CRY,,2,20,Wolves,WOL,,3,0,125054
265,27,2026-02-21T15:00:00Z,False,False,9,Everton,EVE,,3,14,Man Utd,MUN,,3,0,125055
266,27,2026-02-21T15:00:00Z,False,False,13,Man City,MCI,,3,15,Newcastle,NEW,,4,0,125056
267,27,2026-02-21T15:00:00Z,False,False,16,Nott'm Forest,NFO,,4,12,Liverpool,LIV,,3,0,125057
269,27,2026-02-21T15:00:00Z,False,False,18,Spurs,TOT,,4,1,Arsenal,ARS,,3,0,125059
268,27,2026-02-21T15:00:00Z,False,False,17,Sunderland,SUN,,3,10,Fulham,FUL,,2,0,125058
270,27,2026-02-21T15:00:00Z,False,False,19,West Ham,WHU,,3,4,Bournemouth,BOU,,2,0,125060
271,28,2026-02-28T15:00:00Z,False,False,1,Arsenal,ARS,,3,7,Chelsea,CHE,,4,0,125061
272,28,2026-02-28T15:00:00Z,False,False,4,Bournemouth,BOU,,2,17,Sunderland,SUN,,3,0,125062
273,28,2026-02-28T15:00:00Z,False,False,6,Brighton,BHA,,3,16,Nott'm Forest,NFO,,3,0,125063
274,28,2026-02-28T15:00:00Z,False,False,3,Burnley,BUR,,3,5,Brentford,BRE,,2,0,125064
275,28,2026-02-28T15:00:00Z,False,False,10,Fulham,FUL,,3,18,Spurs,TOT,,3,0,125065
276,28,2026-02-28T15:00:00Z,False,False,11,Leeds,LEE,,4,13,Man City,MCI,,2,0,125066
277,28,2026-02-28T15:00:00Z,False,False,12,Liverpool,LIV,,2,19,West Ham,WHU,,5,0,125067
278,28,2026-02-28T15:00:00Z,False,False,14,Man Utd,MUN,,3,8,Crystal Palace,CRY,,3,0,125068
279,28,2026-02-28T15:00:00Z,False,False,15,Newcastle,NEW,,2,9,Everton,EVE,,4,0,125069
280,28,2026-02-28T15:00:00Z,False,False,20,Wolves,WOL,,3,2,Aston Villa,AVL,,3,0,125070
281,29,2026-03-04T20:00:00Z,False,False,2,Aston Villa,AVL,,3,7,Chelsea,CHE,,4,0,125071
282,29,2026-03-04T20:00:00Z,False,False,4,Bournemouth,BOU,,3,5,Brentford,BRE,,3,0,125072
283,29,2026-03-04T20:00:00Z,False,False,6,Brighton,BHA,,4,1,Arsenal,ARS,,3,0,125073
284,29,2026-03-04T20:00:00Z,False,False,9,Everton,EVE,,2,3,Burnley,BUR,,3,0,125074
285,29,2026-03-04T20:00:00Z,False,False,10,Fulham,FUL,,2,19,West Ham,WHU,,3,0,125075
286,29,2026-03-04T20:00:00Z,False,False,11,Leeds,LEE,,2,17,Sunderland,SUN,,2,0,125076
287,29,2026-03-04T20:00:00Z,False,False,13,Man City,MCI,,3,16,Nott'm Forest,NFO,,4,0,125077
288,29,2026-03-04T20:00:00Z,False,False,15,Newcastle,NEW,,3,14,Man Utd,MUN,,4,0,125078
289,29,2026-03-04T20:00:00Z,False,False,18,Spurs,TOT,,3,8,Crystal Palace,CRY,,3,0,125079
290,29,2026-03-04T20:00:00Z,False,False,20,Wolves,WOL,,4,12,Liverpool,LIV,,3,0,125080
291,30,2026-03-14T15:00:00Z,False,False,1,Arsenal,ARS,,2,9,Everton,EVE,,4,0,125081
292,30,2026-03-14T15:00:00Z,False,False,5,Brentford,BRE,,2,20,Wolves,WOL,,3,0,125082
293,30,2026-03-14T15:00:00Z,False,False,3,Burnley,BUR,,3,4,Bournemouth,BOU,,2,0,125083
294,30,2026-03-14T15:00:00Z,False,False,7,Chelsea,CHE,,3,15,Newcastle,NEW,,4,0,125084
295,30,2026-03-14T15:00:00Z,False,False,8,Crystal Palace,CRY,,2,11,Leeds,LEE,,3,0,125085
296,30,2026-03-14T15:00:00Z,False,False,12,Liverpool,LIV,,3,18,Spurs,TOT,,5,0,125086
297,30,2026-03-14T15:00:00Z,False,False,14,Man Utd,MUN,,3,2,Aston Villa,AVL,,3,0,125087
298,30,2026-03-14T15:00:00Z,False,False,16,Nott'm Forest,NFO,,3,10,Fulham,FUL,,3,0,125088
299,30,2026-03-14T15:00:00Z,False,False,17,Sunderland,SUN,,3,6,Brighton,BHA,,2,0,125089
300,30,2026-03-14T15:00:00Z,False,False,19,West Ham,WHU,,4,13,Man City,MCI,,2,0,125090
301,31,2026-03-21T15:00:00Z,False,False,2,Aston Villa,AVL,,2,19,West Ham,WHU,,4,0,125091
302,31,2026-03-21T15:00:00Z,False,False,4,Bournemouth,BOU,,3,14,Man Utd,MUN,,3,0,125092
303,31,2026-03-21T15:00:00Z,False,False,6,Brighton,BHA,,4,12,Liverpool,LIV,,3,0,125093
304,31,2026-03-21T15:00:00Z,False,False,9,Everton,EVE,,3,7,Chelsea,CHE,,3,0,125094
305,31,2026-03-21T15:00:00Z,False,False,10,Fulham,FUL,,2,3,Burnley,BUR,,3,0,125095
306,31,2026-03-21T15:00:00Z,False,False,11,Leeds,LEE,,3,5,Brentford,BRE,,2,0,125096
307,31,2026-03-21T15:00:00Z,False,False,13,Man City,MCI,,3,8,Crystal Palace,CRY,,4,0,125097
308,31,2026-03-21T15:00:00Z,False,False,15,Newcastle,NEW,,2,17,Sunderland,SUN,,4,0,125098
309,31,2026-03-21T15:00:00Z,False,False,18,Spurs,TOT,,3,16,Nott'm Forest,NFO,,3,0,125099
310,31,2026-03-21T15:00:00Z,False,False,20,Wolves,WOL,,4,1,Arsenal,ARS,,3,0,125100
311,32,2026-04-11T14:00:00Z,False,False,1,Arsenal,ARS,,3,4,Bournemouth,BOU,,4,0,125101
312,32,2026-04-11T14:00:00Z,False,False,5,Brentford,BRE,,2,9,Everton,EVE,,3,0,125102
313,32,2026-04-11T14:00:00Z,False,False,3,Burnley,BUR,,3,6,Brighton,BHA,,2,0,125103
314,32,2026-04-11T14:00:00Z,False,False,7,Chelsea,CHE,,4,13,Man City,MCI,,4,0,125104
315,32,2026-04-11T14:00:00Z,False,False,8,Crystal Palace,CRY,,3,15,Newcastle,NEW,,3,0,125105
316,32,2026-04-11T14:00:00Z,False,False,12,Liverpool,LIV,,3,10,Fulham,FUL,,5,0,125106
317,32,2026-04-11T14:00:00Z,False,False,14,Man Utd,MUN,,2,11,Leeds,LEE,,3,0,125107
318,32,2026-04-11T14:00:00Z,False,False,16,Nott'm Forest,NFO,,3,2,Aston Villa,AVL,,3,0,125108
319,32,2026-04-11T14:00:00Z,False,False,17,Sunderland,SUN,,3,18,Spurs,TOT,,2,0,125109
320,32,2026-04-11T14:00:00Z,False,False,19,West Ham,WHU,,2,20,Wolves,WOL,,2,0,125110
321,33,2026-04-18T14:00:00Z,False,False,2,Aston Villa,AVL,,2,17,Sunderland,SUN,,4,0,125111
322,33,2026-04-18T14:00:00Z,False,False,5,Brentford,BRE,,3,10,Fulham,FUL,,3,0,125112
323,33,2026-04-18T14:00:00Z,False,False,7,Chelsea,CHE,,3,14,Man Utd,MUN,,4,0,125113
324,33,2026-04-18T14:00:00Z,False,False,8,Crystal Palace,CRY,,2,19,West Ham,WHU,,3,0,125114
325,33,2026-04-18T14:00:00Z,False,False,9,Everton,EVE,,4,12,Liverpool,LIV,,3,0,125115
326,33,2026-04-18T14:00:00Z,False,False,11,Leeds,LEE,,2,20,Wolves,WOL,,2,0,125116
327,33,2026-04-18T14:00:00Z,False,False,13,Man City,MCI,,4,1,Arsenal,ARS,,4,0,125117
328,33,2026-04-18T14:00:00Z,False,False,15,Newcastle,NEW,,3,4,Bournemouth,BOU,,4,0,125118
329,33,2026-04-18T14:00:00Z,False,False,16,Nott'm Forest,NFO,,2,3,Burnley,BUR,,3,0,125119
330,33,2026-04-18T14:00:00Z,False,False,18,Spurs,TOT,,3,6,Brighton,BHA,,3,0,125120
331,34,2026-04-25T14:00:00Z,False,False,1,Arsenal,ARS,,3,15,Newcastle,NEW,,4,0,125121
332,34,2026-04-25T14:00:00Z,False,False,4,Bournemouth,BOU,,2,11,Leeds,LEE,,3,0,125122
333,34,2026-04-25T14:00:00Z,False,False,6,Brighton,BHA,,3,7,Chelsea,CHE,,3,0,125123
334,34,2026-04-25T14:00:00Z,False,False,3,Burnley,BUR,,4,13,Man City,MCI,,2,0,125124
335,34,2026-04-25T14:00:00Z,False,False,10,Fulham,FUL,,3,2,Aston Villa,AVL,,3,0,125125
336,34,2026-04-25T14:00:00Z,False,False,12,Liverpool,LIV,,3,8,Crystal Palace,CRY,,5,0,125126
337,34,2026-04-25T14:00:00Z,False,False,14,Man Utd,MUN,,3,5,Brentford,BRE,,3,0,125127
338,34,2026-04-25T14:00:00Z,False,False,17,Sunderland,SUN,,3,16,Nott'm Forest,NFO,,2,0,125128
339,34,2026-04-25T14:00:00Z,False,False,19,West Ham,WHU,,2,9,Everton,EVE,,2,0,125129
340,34,2026-04-25T14:00:00Z,False,False,20,Wolves,WOL,,3,18,Spurs,TOT,,3,0,125130
341,35,2026-05-02T14:00:00Z,False,False,1,Arsenal,ARS,,3,10,Fulham,FUL,,4,0,125131
342,35,2026-05-02T14:00:00Z,False,False,2,Aston Villa,AVL,,3,18,Spurs,TOT,,4,0,125132
343,35,2026-05-02T14:00:00Z,False,False,4,Bournemouth,BOU,,3,8,Crystal Palace,CRY,,3,0,125133
344,35,2026-05-02T14:00:00Z,False,False,5,Brentford,BRE,,2,19,West Ham,WHU,,3,0,125134
345,35,2026-05-02T14:00:00Z,False,False,7,Chelsea,CHE,,3,16,Nott'm Forest,NFO,,4,0,125135
346,35,2026-05-02T14:00:00Z,False,False,9,Everton,EVE,,4,13,Man City,MCI,,3,0,125136
347,35,2026-05-02T14:00:00Z,False,False,11,Leeds,LEE,,2,3,Burnley,BUR,,2,0,125137
348,35,2026-05-02T14:00:00Z,False,False,14,Man Utd,MUN,,4,12,Liverpool,LIV,,3,0,125138
349,35,2026-05-02T14:00:00Z,False,False,15,Newcastle,NEW,,3,6,Brighton,BHA,,4,0,125139
350,35,2026-05-02T14:00:00Z,False,False,20,Wolves,WOL,,2,17,Sunderland,SUN,,3,0,125140
351,36,2026-05-09T14:00:00Z,False,False,6,Brighton,BHA,,2,20,Wolves,WOL,,3,0,125141
352,36,2026-05-09T14:00:00Z,False,False,3,Burnley,BUR,,3,2,Aston Villa,AVL,,2,0,125142
353,36,2026-05-09T14:00:00Z,False,False,8,Crystal Palace,CRY,,2,9,Everton,EVE,,3,0,125143
354,36,2026-05-09T14:00:00Z,False,False,10,Fulham,FUL,,3,4,Bournemouth,BOU,,3,0,125144
355,36,2026-05-09T14:00:00Z,False,False,12,Liverpool,LIV,,3,7,Chelsea,CHE,,5,0,125145
356,36,2026-05-09T14:00:00Z,False,False,13,Man City,MCI,,3,5,Brentford,BRE,,4,0,125146
357,36,2026-05-09T14:00:00Z,False,False,16,Nott'm Forest,NFO,,3,15,Newcastle,NEW,,3,0,125147
359,36,2026-05-09T14:00:00Z,False,False,18,Spurs,TOT,,2,11,Leeds,LEE,,3,0,125149
358,36,2026-05-09T14:00:00Z,False,False,17,Sunderland,SUN,,3,14,Man Utd,MUN,,2,0,125148
360,36,2026-05-09T14:00:00Z,False,False,19,West Ham,WHU,,4,1,Arsenal,ARS,,2,0,125150
361,37,2026-05-17T14:00:00Z,False,False,1,Arsenal,ARS,,2,3,Burnley,BUR,,4,0,125151
362,37,2026-05-17T14:00:00Z,False,False,2,Aston Villa,AVL,,4,12,Liverpool,LIV,,4,0,125152
363,37,2026-05-17T14:00:00Z,False,False,4,Bournemouth,BOU,,4,13,Man City,MCI,,3,0,125153
364,37,2026-05-17T14:00:00Z,False,False,5,Brentford,BRE,,3,8,Crystal Palace,CRY,,3,0,125154
365,37,2026-05-17T14:00:00Z,False,False,7,Chelsea,CHE,,3,18,Spurs,TOT,,4,0,125155
366,37,2026-05-17T14:00:00Z,False,False,9,Everton,EVE,,2,17,Sunderland,SUN,,3,0,125156
367,37,2026-05-17T14:00:00Z,False,False,11,Leeds,LEE,,3,6,Brighton,BHA,,2,0,125157
368,37,2026-05-17T14:00:00Z,False,False,14,Man Utd,MUN,,3,16,Nott'm Forest,NFO,,3,0,125158
369,37,2026-05-17T14:00:00Z,False,False,15,Newcastle,NEW,,2,19,West Ham,WHU,,4,0,125159
370,37,2026-05-17T14:00:00Z,False,False,20,Wolves,WOL,,3,10,Fulham,FUL,,3,0,125160
371,38,2026-05-24T15:00:00Z,False,False,6,Brighton,BHA,,3,14,Man Utd,MUN,,3,0,125161
372,38,2026-05-24T15:00:00Z,False,False,3,Burnley,BUR,,2,20,Wolves,WOL,,2,0,125162
373,38,2026-05-24T15:00:00Z,False,False,8,Crystal Palace,CRY,,4,1,Arsenal,ARS,,3,0,125163
374,38,2026-05-24T15:00:00Z,False,False,10,Fulham,FUL,,3,15,Newcastle,NEW,,3,0,125164
375,38,2026-05-24T15:00:00Z,False,False,12,Liverpool,LIV,,3,5,Brentford,BRE,,5,0,125165
376,38,2026-05-24T15:00:00Z,False,False,13,Man City,MCI,,3,2,Aston Villa,AVL,,4,0,125166
377,38,2026-05-24T15:00:00Z,False,False,16,Nott'm Forest,NFO,,3,4,Bournemouth,BOU,,3,0,125167
379,38,2026-05-24T15:00:00Z,False,False,18,Spurs,TOT,,2,9,Everton,EVE,,3,0,125169
378,38,2026-05-24T15:00:00Z,False,False,17,Sunderland,SUN,,3,7,Chelsea,CHE,,2,0,125168
380,38,2026-05-24T15:00:00Z,False,False,19,West Ham,WHU,,2,11,Leeds,LEE,,2,0,125170
