snapshot_time,source_file,id,web_name,team,position,now_cost,ownership,NTI_1h,NTI_24h,momentum,status,price_freeze,forecast,risk_up,risk_down,eta_window
2025-08-24T01:11:35Z,price_change_forecast.csv,1,Raya,1,1,55,20.8,0.0,0.0,flat,a,0,stable,0.0,0.0,48h+
2025-08-24T01:11:35Z,price_change_forecast.csv,2,Arrizabalaga,1,1,45,0.8,0.0,0.0,flat,a,0,stable,0.0,0.0,48h+
2025-08-24T01:11:35Z,price_change_forecast.csv,3,Hein,1,1,40,0.6,0.0,0.0,flat,a,0,stable,0.0,0.0,48h+
2025-08-24T01:11:35Z,price_change_forecast.csv,4,Setford,1,1,40,0.2,0.0,0.0,flat,a,0,stable,0.0,0.0,48h+
2025-08-24T01:11:35Z,price_change_forecast.csv,5,Gabriel,1,2,60,20.7,0.0,0.0,flat,a,0,stable,0.0,0.0,48h+
2025-08-24T01:11:35Z,price_change_forecast.csv,6,Saliba,1,2,60,17.4,0.0,0.0,flat,a,0,stable,0.0,0.0,48h+
2025-08-24T01:11:35Z,price_change_forecast.csv,7,Calafiori,1,2,55,4.1,0.0,0.0,flat,a,0,stable,0.0,0.0,48h+
2025-08-24T01:11:35Z,price_change_forecast.csv,8,J.Timber,1,2,55,2.0,0.0,0.0,flat,a,0,stable,0.0,0.0,48h+
2025-08-24T01:11:35Z,price_change_forecast.csv,9,Kiwior,1,2,55,0.1,0.0,0.0,flat,a,0,stable,0.0,0.0,48h+
2025-08-24T01:11:35Z,price_change_forecast.csv,10,Lewis-Skelly,1,2,55,3.8,0.0,0.0,flat,a,0,stable,0.0,0.0,48h+
2025-08-24T01:11:35Z,price_change_forecast.csv,11,White,1,2,55,1.1,0.0,0.0,flat,a,0,stable,0.0,0.0,48h+
2025-08-24T01:11:35Z,price_change_forecast.csv,12,Zinchenko,1,2,50,0.4,0.0,0.0,flat,a,0,stable,0.0,0.0,48h+
2025-08-24T01:11:35Z,price_change_forecast.csv,13,Clarke,1,2,40,0.6,0.0,0.0,flat,a,0,stable,0.0,0.0,48h+
2025-08-24T01:11:35Z,price_change_forecast.csv,14,Kacurri,1,2,40,0.2,0.0,0.0,flat,a,0,stable,0.0,0.0,48h+
2025-08-24T01:11:35Z,price_change_forecast.csv,15,Nichols,1,2,40,0.2,0.0,0.0,flat,a,0,stable,0.0,0.0,48h+
2025-08-24T01:11:35Z,price_change_forecast.csv,16,Saka,1,3,100,17.1,0.0,0.0,flat,a,0,stable,0.0,0.0,48h+
2025-08-24T01:11:35Z,price_change_forecast.csv,17,Ødegaard,1,3,80,3.9,0.0,0.0,flat,a,0,stable,0.0,0.0,48h+
2025-08-24T01:11:35Z,price_change_forecast.csv,18,Madueke,1,3,70,1.0,0.0,0.0,flat,a,0,stable,0.0,0.0,48h+
2025-08-24T01:11:35Z,price_change_forecast.csv,19,Martinelli,1,3,70,1.4,0.0,0.0,flat,a,0,stable,0.0,0.0,48h+
2025-08-24T01:11:35Z,price_change_forecast.csv,20,Trossard,1,3,70,0.3,0.0,0.0,flat,a,0,stable,0.0,0.0,48h+
2025-08-24T01:11:35Z,price_change_forecast.csv,21,Rice,1,3,65,8.3,0.0,0.0,flat,a,0,stable,0.0,0.0,48h+
2025-08-24T01:11:35Z,price_change_forecast.csv,22,Merino,1,3,60,0.6,0.0,0.0,flat,a,0,stable,0.0,0.0,48h+
2025-08-24T01:11:35Z,price_change_forecast.csv,23,Fábio Vieira,1,3,55,0.0,0.0,0.0,flat,a,0,stable,0.0,0.0,48h+
2025-08-24T01:11:35Z,price_change_forecast.csv,24,Nørgaard,1,3,55,0.5,0.0,0.0,flat,d,1,stable,0.0,0.0,48h+
2025-08-24T01:11:35Z,price_change_forecast.csv,25,Nwaneri,1,3,55,0.3,0.0,0.0,flat,a,0,stable,0.0,0.0,48h+
2025-08-24T01:11:35Z,price_change_forecast.csv,26,Zubimendi,1,3,55,2.3,0.0,0.0,flat,a,0,stable,0.0,0.0,48h+
2025-08-24T01:11:35Z,price_change_forecast.csv,27,Nelson,1,3,50,0.1,0.0,0.0,flat,a,0,stable,0.0,0.0,48h+
2025-08-24T01:11:35Z,price_change_forecast.csv,28,Kabia,1,3,45,0.3,0.0,0.0,flat,a,0,stable,0.0,0.0,48h+
2025-08-24T01:11:35Z,price_change_forecast.csv,29,Sambi,1,3,45,0.1,0.0,0.0,flat,a,0,stable,0.0,0.0,48h+
2025-08-24T01:11:35Z,price_change_forecast.csv,30,Havertz,1,4,75,1.0,0.0,0.0,flat,d,1,stable,0.0,0.0,48h+
2025-08-24T01:11:35Z,price_change_forecast.csv,31,G.Jesus,1,4,65,0.0,0.0,0.0,flat,i,1,stable,0.0,0.0,48h+
2025-08-24T01:11:35Z,price_change_forecast.csv,662,Mosquera,1,2,55,0.1,0.0,0.0,flat,a,0,stable,0.0,0.0,48h+
2025-08-24T01:11:35Z,price_change_forecast.csv,666,Gyökeres,1,4,90,24.8,0.0,0.0,flat,a,0,stable,0.0,0.0,48h+
2025-08-24T01:11:35Z,price_change_forecast.csv,32,Martinez,2,1,50,1.1,0.0,0.0,flat,a,1,stable,0.0,0.0,48h+
2025-08-24T01:11:35Z,price_change_forecast.csv,33,M.Bizot,2,1,45,0.9,0.0,0.0,flat,a,0,stable,0.0,0.0,48h+
2025-08-24T01:11:35Z,price_change_forecast.csv,34,Gauci,2,1,40,0.2,0.0,0.0,flat,u,1,stable,0.0,0.0,48h+
2025-08-24T01:11:35Z,price_change_forecast.csv,35,Marschall,2,1,40,0.0,0.0,0.0,flat,u,1,stable,0.0,0.0,48h+
2025-08-24T01:11:35Z,price_change_forecast.csv,36,Cash,2,2,45,4.7,0.0,0.0,flat,a,0,stable,0.0,0.0,48h+
2025-08-24T01:11:35Z,price_change_forecast.csv,37,Digne,2,2,45,2.3,0.0,0.0,flat,a,0,stable,0.0,0.0,48h+
2025-08-24T01:11:35Z,price_change_forecast.csv,38,Konsa,2,2,45,16.5,0.0,0.0,flat,s,1,stable,0.0,0.0,48h+
2025-08-24T01:11:35Z,price_change_forecast.csv,39,Maatsen,2,2,45,0.8,0.0,0.0,flat,a,0,stable,0.0,0.0,48h+
2025-08-24T01:11:35Z,price_change_forecast.csv,40,Mings,2,2,45,1.3,0.0,0.0,flat,a,0,stable,0.0,0.0,48h+
2025-08-24T01:11:35Z,price_change_forecast.csv,41,Pau,2,2,45,0.5,0.0,0.0,flat,a,0,stable,0.0,0.0,48h+
2025-08-24T01:11:35Z,price_change_forecast.csv,42,A.García,2,2,40,0.3,0.0,0.0,flat,d,1,stable,0.0,0.0,48h+
2025-08-24T01:11:35Z,price_change_forecast.csv,43,Alex Moreno,2,2,40,9.2,0.0,0.0,flat,a,0,stable,0.0,0.0,48h+
2025-08-24T01:11:35Z,price_change_forecast.csv,44,Bogarde,2,2,40,0.3,0.0,0.0,flat,a,0,stable,0.0,0.0,48h+
2025-08-24T01:11:35Z,price_change_forecast.csv,45,Sousa,2,2,40,0.4,0.0,0.0,flat,a,0,stable,0.0,0.0,48h+
2025-08-24T01:11:35Z,price_change_forecast.csv,46,Yasin,2,2,40,0.2,0.0,0.0,flat,a,0,stable,0.0,0.0,48h+
2025-08-24T01:11:35Z,price_change_forecast.csv,47,Rogers,2,3,70,9.7,0.0,0.0,flat,a,0,stable,0.0,0.0,48h+
2025-08-24T01:11:35Z,price_change_forecast.csv,48,Tielemans,2,3,60,2.1,0.0,0.0,flat,a,0,stable,0.0,0.0,48h+
2025-08-24T01:11:35Z,price_change_forecast.csv,49,Bailey,2,3,55,0.4,0.0,0.0,flat,u,0,stable,0.0,0.0,48h+
2025-08-24T01:11:35Z,price_change_forecast.csv,50,Buendía,2,3,54,0.1,0.0,0.0,flat,a,0,stable,0.0,0.0,48h+
2025-08-24T01:11:35Z,price_change_forecast.csv,51,Iling Jr,2,3,55,0.0,0.0,0.0,flat,a,0,stable,0.0,0.0,48h+
2025-08-24T01:11:35Z,price_change_forecast.csv,53,Malen,2,3,54,1.5,0.0,0.0,flat,a,0,stable,0.0,0.0,48h+
2025-08-24T01:11:35Z,price_change_forecast.csv,54,McGinn,2,3,55,0.7,0.0,0.0,flat,a,0,stable,0.0,0.0,48h+
2025-08-24T01:11:35Z,price_change_forecast.csv,55,Barkley,2,3,50,0.1,0.0,0.0,flat,d,1,stable,0.0,0.0,48h+
2025-08-24T01:11:35Z,price_change_forecast.csv,56,Barrenechea,2,3,50,0.0,0.0,0.0,flat,u,1,stable,0.0,0.0,48h+
2025-08-24T01:11:35Z,price_change_forecast.csv,57,Dobbin,2,3,50,0.1,0.0,0.0,flat,a,0,stable,0.0,0.0,48h+
2025-08-24T01:11:35Z,price_change_forecast.csv,58,Kamara,2,3,50,0.2,0.0,0.0,flat,a,0,stable,0.0,0.0,48h+
2025-08-24T01:11:35Z,price_change_forecast.csv,59,Onana,2,3,50,1.9,0.0,0.0,flat,a,0,stable,0.0,0.0,48h+
2025-08-24T01:11:35Z,price_change_forecast.csv,60,Broggio,2,3,45,0.3,0.0,0.0,flat,a,0,stable,0.0,0.0,48h+
2025-08-24T01:11:35Z,price_change_forecast.csv,61,Dendoncker,2,3,45,0.3,0.0,0.0,flat,u,0,stable,0.0,0.0,48h+
2025-08-24T01:11:35Z,price_change_forecast.csv,62,Jimoh-Aloba,2,3,45,0.1,0.0,0.0,flat,a,0,stable,0.0,0.0,48h+
2025-08-24T01:11:35Z,price_change_forecast.csv,63,Young,2,3,45,0.7,0.0,0.0,flat,a,0,stable,0.0,0.0,48h+
2025-08-24T01:11:35Z,price_change_forecast.csv,64,Watkins,2,4,90,25.3,0.0,0.0,flat,a,0,stable,0.0,0.0,48h+
2025-08-24T01:11:35Z,price_change_forecast.csv,65,Redmond,2,4,45,0.9,0.0,0.0,flat,a,0,stable,0.0,0.0,48h+
2025-08-24T01:11:35Z,price_change_forecast.csv,677,Guessand,2,3,65,0.1,0.0,0.0,flat,a,0,stable,0.0,0.0,48h+
2025-08-24T01:11:35Z,price_change_forecast.csv,688,Wright,2,1,40,0.5,0.0,0.0,flat,a,0,stable,0.0,0.0,48h+
2025-08-24T01:11:35Z,price_change_forecast.csv,183,Weiss,3,1,45,0.2,0.0,0.0,flat,a,0,stable,0.0,0.0,48h+
2025-08-24T01:11:35Z,price_change_forecast.csv,184,Green,3,1,40,0.4,0.0,0.0,flat,a,0,stable,0.0,0.0,48h+
2025-08-24T01:11:35Z,price_change_forecast.csv,185,Hladký,3,1,40,0.2,0.0,0.0,flat,a,0,stable,0.0,0.0,48h+
2025-08-24T01:11:35Z,price_change_forecast.csv,186,Roberts,3,2,45,0.1,0.0,0.0,flat,i,1,stable,0.0,0.0,48h+
2025-08-24T01:11:35Z,price_change_forecast.csv,187,Walker,3,2,45,1.9,0.0,0.0,flat,a,0,stable,0.0,0.0,48h+
2025-08-24T01:11:35Z,price_change_forecast.csv,188,Delcroix,3,2,40,0.3,0.0,0.0,flat,a,0,stable,0.0,0.0,48h+
2025-08-24T01:11:35Z,price_change_forecast.csv,189,Dodgson,3,2,40,0.0,0.0,0.0,flat,u,1,stable,0.0,0.0,48h+
2025-08-24T01:11:35Z,price_change_forecast.csv,190,Ekdal,3,2,40,0.3,0.0,0.0,flat,a,0,stable,0.0,0.0,48h+
2025-08-24T01:11:35Z,price_change_forecast.csv,191,Estève,3,2,40,19.5,0.0,0.0,flat,a,0,stable,0.0,0.0,48h+
2025-08-24T01:11:35Z,price_change_forecast.csv,192,Hartman,3,2,40,0.6,0.0,0.0,flat,a,0,stable,0.0,0.0,48h+
2025-08-24T01:11:35Z,price_change_forecast.csv,193,Humphreys,3,2,40,0.1,0.0,0.0,flat,d,1,stable,0.0,0.0,48h+
2025-08-24T01:11:35Z,price_change_forecast.csv,194,Jordan,3,2,40,0.2,0.0,0.0,flat,i,1,stable,0.0,0.0,48h+
2025-08-24T01:11:35Z,price_change_forecast.csv,195,Lucas Pires,3,2,40,0.2,0.0,0.0,flat,a,0,stable,0.0,0.0,48h+
2025-08-24T01:11:35Z,price_change_forecast.csv,196,Sambo,3,2,40,0.1,0.0,0.0,flat,u,0,stable,0.0,0.0,48h+
2025-08-24T01:11:35Z,price_change_forecast.csv,197,Sonne,3,2,40,0.2,0.0,0.0,flat,a,0,stable,0.0,0.0,48h+
2025-08-24T01:11:35Z,price_change_forecast.csv,198,Tuanzebe,3,2,40,2.3,0.0,0.0,flat,d,1,stable,0.0,0.0,48h+
2025-08-24T01:11:35Z,price_change_forecast.csv,199,Worrall,3,2,40,0.1,0.0,0.0,flat,a,0,stable,0.0,0.0,48h+
2025-08-24T01:11:35Z,price_change_forecast.csv,200,Anthony,3,3,55,0.1,0.0,0.0,flat,a,0,stable,0.0,0.0,48h+
2025-08-24T01:11:35Z,price_change_forecast.csv,201,Benson,3,3,55,0.0,0.0,0.0,flat,a,0,stable,0.0,0.0,48h+
2025-08-24T01:11:35Z,price_change_forecast.csv,202,Bruun Larsen,3,3,55,0.0,0.0,0.0,flat,a,0,stable,0.0,0.0,48h+
2025-08-24T01:11:35Z,price_change_forecast.csv,203,Boateng,3,3,50,0.1,0.0,0.0,flat,a,0,stable,0.0,0.0,48h+
2025-08-24T01:11:35Z,price_change_forecast.csv,204,Churlinov,3,3,50,0.0,0.0,0.0,flat,a,0,stable,0.0,0.0,48h+
2025-08-24T01:11:35Z,price_change_forecast.csv,205,Cullen,3,3,50,0.1,0.0,0.0,flat,a,0,stable,0.0,0.0,48h+
2025-08-24T01:11:35Z,price_change_forecast.csv,206,Edwards,3,3,50,0.1,0.0,0.0,flat,a,0,stable,0.0,0.0,48h+
2025-08-24T01:11:35Z,price_change_forecast.csv,207,Hannibal,3,3,50,0.1,0.0,0.0,flat,a,0,stable,0.0,0.0,48h+
2025-08-24T01:11:35Z,price_change_forecast.csv,208,Koleosho,3,3,50,0.0,0.0,0.0,flat,a,0,stable,0.0,0.0,48h+
2025-08-24T01:11:35Z,price_change_forecast.csv,209,Laurent,3,3,50,0.0,0.0,0.0,flat,a,0,stable,0.0,0.0,48h+
2025-08-24T01:11:35Z,price_change_forecast.csv,210,Tchaouna,3,3,50,0.0,0.0,0.0,flat,a,0,stable,0.0,0.0,48h+
2025-08-24T01:11:35Z,price_change_forecast.csv,211,A.Ramsey,3,3,45,9.0,0.0,0.0,flat,a,0,stable,0.0,0.0,48h+
2025-08-24T01:11:35Z,price_change_forecast.csv,212,Adewumi,3,3,45,0.0,0.0,0.0,flat,u,1,stable,0.0,0.0,48h+
2025-08-24T01:11:35Z,price_change_forecast.csv,213,Banel,3,3,45,0.0,0.0,0.0,flat,a,0,stable,0.0,0.0,48h+
2025-08-24T01:11:35Z,price_change_forecast.csv,214,Trésor,3,3,45,0.1,0.0,0.0,flat,a,0,stable,0.0,0.0,48h+
2025-08-24T01:11:35Z,price_change_forecast.csv,215,Flemming,3,4,55,0.2,0.0,0.0,flat,a,0,stable,0.0,0.0,48h+
2025-08-24T01:11:35Z,price_change_forecast.csv,216,Amdouni,3,4,50,0.0,0.0,0.0,flat,i,1,stable,0.0,0.0,48h+
2025-08-24T01:11:35Z,price_change_forecast.csv,217,Foster,3,4,50,0.5,0.0,0.0,flat,a,0,stable,0.0,0.0,48h+
2025-08-24T01:11:35Z,price_change_forecast.csv,218,Barnes,3,4,45,2.3,0.0,0.0,flat,a,0,stable,0.0,0.0,48h+
2025-08-24T01:11:35Z,price_change_forecast.csv,219,Obafemi,3,4,45,0.4,0.0,0.0,flat,a,0,stable,0.0,0.0,48h+
2025-08-24T01:11:35Z,price_change_forecast.csv,470,Dúbravka,3,1,40,34.6,0.0,0.0,flat,a,0,stable,0.0,0.0,48h+
2025-08-24T01:11:35Z,price_change_forecast.csv,676,Ugochukwu,3,3,50,0.0,0.0,0.0,flat,a,0,stable,0.0,0.0,48h+
2025-08-24T01:11:35Z,price_change_forecast.csv,680,Broja,3,4,55,0.2,0.0,0.0,flat,d,1,stable,0.0,0.0,48h+
2025-08-24T01:11:35Z,price_change_forecast.csv,66,Neto,4,1,45,0.2,0.0,0.0,flat,u,1,stable,0.0,0.0,48h+
2025-08-24T01:11:35Z,price_change_forecast.csv,67,Petrović,4,1,45,3.6,0.0,0.0,flat,a,0,stable,0.0,0.0,48h+
2025-08-24T01:11:35Z,price_change_forecast.csv,68,Dennis,4,1,40,1.1,0.0,0.0,flat,a,0,stable,0.0,0.0,48h+
2025-08-24T01:11:35Z,price_change_forecast.csv,69,McKenna,4,1,40,0.2,0.0,0.0,flat,a,0,stable,0.0,0.0,48h+
2025-08-24T01:11:35Z,price_change_forecast.csv,70,Paulsen,4,1,40,0.1,0.0,0.0,flat,a,0,stable,0.0,0.0,48h+
2025-08-24T01:11:35Z,price_change_forecast.csv,71,Zabarnyi,4,2,50,0.1,0.0,0.0,flat,u,1,stable,0.0,0.0,48h+
2025-08-24T01:11:35Z,price_change_forecast.csv,72,Senesi,4,2,45,1.3,0.0,0.0,flat,a,0,stable,0.0,0.0,48h+
2025-08-24T01:11:35Z,price_change_forecast.csv,73,Smith,4,2,45,0.4,0.0,0.0,flat,a,0,stable,0.0,0.0,48h+
2025-08-24T01:11:35Z,price_change_forecast.csv,74,Truffert,4,2,45,1.0,0.0,0.0,flat,a,0,stable,0.0,0.0,48h+
2025-08-24T01:11:35Z,price_change_forecast.csv,75,Akinmboni,4,2,40,0.3,0.0,0.0,flat,a,0,stable,0.0,0.0,48h+
2025-08-24T01:11:35Z,price_change_forecast.csv,76,Bevan,4,2,40,0.2,0.0,0.0,flat,a,0,stable,0.0,0.0,48h+
2025-08-24T01:11:35Z,price_change_forecast.csv,77,Hill,4,2,40,0.8,0.0,0.0,flat,a,0,stable,0.0,0.0,48h+
2025-08-24T01:11:35Z,price_change_forecast.csv,78,J.Araujo,4,2,40,1.3,0.0,0.0,flat,a,0,stable,0.0,0.0,48h+
2025-08-24T01:11:35Z,price_change_forecast.csv,79,Mepham,4,2,40,0.2,0.0,0.0,flat,a,0,stable,0.0,0.0,48h+
2025-08-24T01:11:35Z,price_change_forecast.csv,80,Soler,4,2,40,0.3,0.0,0.0,flat,a,0,stable,0.0,0.0,48h+
2025-08-24T01:11:35Z,price_change_forecast.csv,81,Kluivert,4,3,70,0.6,0.0,0.0,flat,d,1,stable,0.0,0.0,48h+
2025-08-24T01:11:35Z,price_change_forecast.csv,82,Semenyo,4,3,71,15.2,0.0,0.0,flat,a,0,stable,0.0,0.0,48h+
2025-08-24T01:11:35Z,price_change_forecast.csv,84,Tavernier,4,3,55,0.6,0.0,0.0,flat,a,0,stable,0.0,0.0,48h+
2025-08-24T01:11:35Z,price_change_forecast.csv,85,Adams,4,3,50,0.3,0.0,0.0,flat,a,0,stable,0.0,0.0,48h+
2025-08-24T01:11:35Z,price_change_forecast.csv,86,Brooks,4,3,50,0.2,0.0,0.0,flat,a,0,stable,0.0,0.0,48h+
2025-08-24T01:11:35Z,price_change_forecast.csv,87,Christie,4,3,50,0.1,0.0,0.0,flat,d,1,stable,0.0,0.0,48h+
2025-08-24T01:11:35Z,price_change_forecast.csv,88,Cook,4,3,50,0.0,0.0,0.0,flat,s,1,stable,0.0,0.0,48h+
2025-08-24T01:11:35Z,price_change_forecast.csv,89,Philip,4,3,50,0.1,0.0,0.0,flat,a,0,stable,0.0,0.0,48h+
2025-08-24T01:11:35Z,price_change_forecast.csv,90,Scott,4,3,50,0.1,0.0,0.0,flat,a,0,stable,0.0,0.0,48h+
2025-08-24T01:11:35Z,price_change_forecast.csv,91,Sinisterra,4,3,50,0.0,0.0,0.0,flat,a,1,stable,0.0,0.0,48h+
2025-08-24T01:11:35Z,price_change_forecast.csv,92,Faivre,4,3,45,0.2,0.0,0.0,flat,a,0,stable,0.0,0.0,48h+
2025-08-24T01:11:35Z,price_change_forecast.csv,93,H.Traorè,4,3,45,1.2,0.0,0.0,flat,a,0,stable,0.0,0.0,48h+
2025-08-24T01:11:35Z,price_change_forecast.csv,94,Sadi,4,3,45,0.1,0.0,0.0,flat,a,0,stable,0.0,0.0,48h+
2025-08-24T01:11:35Z,price_change_forecast.csv,95,Silcott-Duberry,4,3,45,0.1,0.0,0.0,flat,a,0,stable,0.0,0.0,48h+
2025-08-24T01:11:35Z,price_change_forecast.csv,96,Winterburn,4,3,45,0.1,0.0,0.0,flat,a,0,stable,0.0,0.0,48h+
2025-08-24T01:11:35Z,price_change_forecast.csv,97,Evanilson,4,4,70,2.5,0.0,0.0,flat,a,0,stable,0.0,0.0,48h+
2025-08-24T01:11:35Z,price_change_forecast.csv,98,Enes Ünal,4,4,55,0.0,0.0,0.0,flat,i,1,stable,0.0,0.0,48h+
2025-08-24T01:11:35Z,price_change_forecast.csv,99,Adu-Adjei,4,4,45,0.3,0.0,0.0,flat,a,0,stable,0.0,0.0,48h+
2025-08-24T01:11:35Z,price_change_forecast.csv,100,Kroupi.Jr,4,4,45,1.3,0.0,0.0,flat,a,0,stable,0.0,0.0,48h+
2025-08-24T01:11:35Z,price_change_forecast.csv,391,Gannon-Doak,4,3,50,0.1,0.0,0.0,flat,a,0,stable,0.0,0.0,48h+
2025-08-24T01:11:35Z,price_change_forecast.csv,685,Diakité,4,2,45,0.2,0.0,0.0,flat,a,0,stable,0.0,0.0,48h+
2025-08-24T01:11:35Z,price_change_forecast.csv,687,Rees-Dottin,4,3,45,0.1,0.0,0.0,flat,a,0,stable,0.0,0.0,48h+
2025-08-24T01:11:35Z,price_change_forecast.csv,697,Adli,4,3,55,0.0,0.0,0.0,flat,a,0,stable,0.0,0.0,48h+
2025-08-24T01:11:35Z,price_change_forecast.csv,83,O.Dango,5,3,60,0.1,0.0,0.0,flat,a,1,stable,0.0,0.0,48h+
2025-08-24T01:11:35Z,price_change_forecast.csv,101,Kelleher,5,1,45,10.3,0.0,0.0,flat,a,0,stable,0.0,0.0,48h+
2025-08-24T01:11:35Z,price_change_forecast.csv,102,Balcombe,5,1,40,0.3,0.0,0.0,flat,a,0,stable,0.0,0.0,48h+
2025-08-24T01:11:35Z,price_change_forecast.csv,103,Cox,5,1,40,0.2,0.0,0.0,flat,a,0,stable,0.0,0.0,48h+
2025-08-24T01:11:35Z,price_change_forecast.csv,104,Eyestone,5,1,40,0.1,0.0,0.0,flat,a,0,stable,0.0,0.0,48h+
2025-08-24T01:11:35Z,price_change_forecast.csv,105,Valdimarsson,5,1,40,1.0,0.0,0.0,flat,a,0,stable,0.0,0.0,48h+
2025-08-24T01:11:35Z,price_change_forecast.csv,106,Collins,5,2,50,1.6,0.0,0.0,flat,a,0,stable,0.0,0.0,48h+
2025-08-24T01:11:35Z,price_change_forecast.csv,107,Lewis-Potter,5,2,50,0.4,0.0,0.0,flat,a,0,stable,0.0,0.0,48h+
2025-08-24T01:11:35Z,price_change_forecast.csv,108,Ajer,5,2,45,0.2,0.0,0.0,flat,a,0,stable,0.0,0.0,48h+
2025-08-24T01:11:35Z,price_change_forecast.csv,109,Henry,5,2,45,0.2,0.0,0.0,flat,a,0,stable,0.0,0.0,48h+
2025-08-24T01:11:35Z,price_change_forecast.csv,110,Kayode,5,2,45,0.2,0.0,0.0,flat,a,0,stable,0.0,0.0,48h+
2025-08-24T01:11:35Z,price_change_forecast.csv,111,Pinnock,5,2,45,0.2,0.0,0.0,flat,d,1,stable,0.0,0.0,48h+
2025-08-24T01:11:35Z,price_change_forecast.csv,112,Roerslev,5,2,45,0.0,0.0,0.0,flat,a,0,stable,0.0,0.0,48h+
2025-08-24T01:11:35Z,price_change_forecast.csv,113,Van den Berg,5,2,45,0.4,0.0,0.0,flat,a,0,stable,0.0,0.0,48h+
2025-08-24T01:11:35Z,price_change_forecast.csv,114,Arthur,5,2,40,0.3,0.0,0.0,flat,a,0,stable,0.0,0.0,48h+
2025-08-24T01:11:35Z,price_change_forecast.csv,115,Fredrick,5,2,40,0.2,0.0,0.0,flat,a,0,stable,0.0,0.0,48h+
2025-08-24T01:11:35Z,price_change_forecast.csv,116,Hickey,5,2,40,0.5,0.0,0.0,flat,a,0,stable,0.0,0.0,48h+
2025-08-24T01:11:35Z,price_change_forecast.csv,117,Ji-soo,5,2,40,0.2,0.0,0.0,flat,a,0,stable,0.0,0.0,48h+
2025-08-24T01:11:35Z,price_change_forecast.csv,118,Meghoma,5,2,40,0.1,0.0,0.0,flat,u,0,stable,0.0,0.0,48h+
2025-08-24T01:11:35Z,price_change_forecast.csv,120,Schade,5,3,70,0.3,0.0,0.0,flat,a,0,stable,0.0,0.0,48h+
2025-08-24T01:11:35Z,price_change_forecast.csv,121,Damsgaard,5,3,59,0.9,0.0,0.0,flat,a,0,stable,0.0,0.0,48h+
2025-08-24T01:11:35Z,price_change_forecast.csv,122,Milambo,5,3,55,0.1,0.0,0.0,flat,a,0,stable,0.0,0.0,48h+
2025-08-24T01:11:35Z,price_change_forecast.csv,123,Carvalho,5,3,50,0.3,0.0,0.0,flat,a,0,stable,0.0,0.0,48h+
2025-08-24T01:11:35Z,price_change_forecast.csv,124,Henderson,5,3,50,0.3,0.0,0.0,flat,a,0,stable,0.0,0.0,48h+
2025-08-24T01:11:35Z,price_change_forecast.csv,125,Janelt,5,3,50,0.0,0.0,0.0,flat,i,1,stable,0.0,0.0,48h+
2025-08-24T01:11:35Z,price_change_forecast.csv,126,Jensen,5,3,50,0.1,0.0,0.0,flat,a,0,stable,0.0,0.0,48h+
2025-08-24T01:11:35Z,price_change_forecast.csv,127,Nunes,5,3,50,0.0,0.0,0.0,flat,i,1,stable,0.0,0.0,48h+
2025-08-24T01:11:35Z,price_change_forecast.csv,128,Onyeka,5,3,50,0.1,0.0,0.0,flat,a,0,stable,0.0,0.0,48h+
2025-08-24T01:11:35Z,price_change_forecast.csv,129,Yarmoliuk,5,3,50,0.0,0.0,0.0,flat,a,0,stable,0.0,0.0,48h+
2025-08-24T01:11:35Z,price_change_forecast.csv,130,Donovan,5,3,45,0.1,0.0,0.0,flat,a,0,stable,0.0,0.0,48h+
2025-08-24T01:11:35Z,price_change_forecast.csv,131,Konak,5,3,45,0.2,0.0,0.0,flat,a,0,stable,0.0,0.0,48h+
2025-08-24T01:11:35Z,price_change_forecast.csv,132,Maghoma,5,3,45,0.0,0.0,0.0,flat,d,1,stable,0.0,0.0,48h+
2025-08-24T01:11:35Z,price_change_forecast.csv,133,Peart-Harris,5,3,45,0.0,0.0,0.0,flat,a,0,stable,0.0,0.0,48h+
2025-08-24T01:11:35Z,price_change_forecast.csv,134,Trevitt,5,3,45,0.0,0.0,0.0,flat,u,1,stable,0.0,0.0,48h+
2025-08-24T01:11:35Z,price_change_forecast.csv,135,Wissa,5,4,75,1.7,0.0,0.0,flat,n,1,stable,0.0,0.0,48h+
2025-08-24T01:11:35Z,price_change_forecast.csv,136,Thiago,5,4,60,1.1,0.0,0.0,flat,a,0,stable,0.0,0.0,48h+
2025-08-24T01:11:35Z,price_change_forecast.csv,137,Morgan,5,4,45,0.5,0.0,0.0,flat,a,0,stable,0.0,0.0,48h+
2025-08-24T01:11:35Z,price_change_forecast.csv,138,Steele,6,1,45,0.5,0.0,0.0,flat,a,0,stable,0.0,0.0,48h+
2025-08-24T01:11:35Z,price_change_forecast.csv,139,Verbruggen,6,1,45,7.4,0.0,0.0,flat,a,0,stable,0.0,0.0,48h+
2025-08-24T01:11:35Z,price_change_forecast.csv,140,McGill,6,1,40,0.4,0.0,0.0,flat,a,0,stable,0.0,0.0,48h+
2025-08-24T01:11:35Z,price_change_forecast.csv,141,Rushworth,6,1,40,0.0,0.0,0.0,flat,u,1,stable,0.0,0.0,48h+
2025-08-24T01:11:35Z,price_change_forecast.csv,142,Scherpen,6,1,40,0.0,0.0,0.0,flat,u,1,stable,0.0,0.0,48h+
2025-08-24T01:11:35Z,price_change_forecast.csv,143,Boscagli,6,2,45,0.1,0.0,0.0,flat,a,0,stable,0.0,0.0,48h+
2025-08-24T01:11:35Z,price_change_forecast.csv,144,Coppola,6,2,45,0.1,0.0,0.0,flat,a,0,stable,0.0,0.0,48h+
2025-08-24T01:11:35Z,price_change_forecast.csv,145,De Cuyper,6,2,45,6.0,0.0,0.0,flat,a,0,stable,0.0,0.0,48h+
2025-08-24T01:11:35Z,price_change_forecast.csv,146,Dunk,6,2,45,1.3,0.0,0.0,flat,a,0,stable,0.0,0.0,48h+
2025-08-24T01:11:35Z,price_change_forecast.csv,147,Estupiñan,6,2,45,0.0,0.0,0.0,flat,u,1,stable,0.0,0.0,48h+
2025-08-24T01:11:35Z,price_change_forecast.csv,148,F.Kadıoğlu,6,2,45,0.2,0.0,0.0,flat,a,0,stable,0.0,0.0,48h+
2025-08-24T01:11:35Z,price_change_forecast.csv,149,Igor,6,2,45,0.1,0.0,0.0,flat,a,0,stable,0.0,0.0,48h+
2025-08-24T01:11:35Z,price_change_forecast.csv,150,Lamptey,6,2,45,0.4,0.0,0.0,flat,a,0,stable,0.0,0.0,48h+
2025-08-24T01:11:35Z,price_change_forecast.csv,151,Van Hecke,6,2,45,1.2,0.0,0.0,flat,a,0,stable,0.0,0.0,48h+
2025-08-24T01:11:35Z,price_change_forecast.csv,152,Veltman,6,2,45,0.2,0.0,0.0,flat,a,0,stable,0.0,0.0,48h+
2025-08-24T01:11:35Z,price_change_forecast.csv,153,Webster,6,2,45,0.0,0.0,0.0,flat,i,1,stable,0.0,0.0,48h+
2025-08-24T01:11:35Z,price_change_forecast.csv,154,Cashin,6,2,40,0.0,0.0,0.0,flat,u,1,stable,0.0,0.0,48h+
2025-08-24T01:11:35Z,price_change_forecast.csv,155,Slater,6,2,40,0.2,0.0,0.0,flat,a,0,stable,0.0,0.0,48h+
2025-08-24T01:11:35Z,price_change_forecast.csv,156,Tasker,6,2,40,0.2,0.0,0.0,flat,a,0,stable,0.0,0.0,48h+
2025-08-24T01:11:35Z,price_change_forecast.csv,157,Mitoma,6,3,65,6.3,0.0,0.0,flat,a,0,stable,0.0,0.0,48h+
2025-08-24T01:11:35Z,price_change_forecast.csv,158,Georginio,6,3,60,1.4,0.0,0.0,flat,a,0,stable,0.0,0.0,48h+
2025-08-24T01:11:35Z,price_change_forecast.csv,159,March,6,3,59,0.0,0.0,0.0,flat,i,1,stable,0.0,0.0,48h+
2025-08-24T01:11:35Z,price_change_forecast.csv,160,Minteh,6,3,60,1.0,0.0,0.0,flat,a,0,stable,0.0,0.0,48h+
2025-08-24T01:11:35Z,price_change_forecast.csv,161,Enciso,6,3,55,0.0,0.0,0.0,flat,i,1,stable,0.0,0.0,48h+
2025-08-24T01:11:35Z,price_change_forecast.csv,162,Gruda,6,3,55,0.0,0.0,0.0,flat,a,0,stable,0.0,0.0,48h+
2025-08-24T01:11:35Z,price_change_forecast.csv,163,Hinshelwood,6,3,54,0.1,0.0,0.0,flat,a,0,stable,0.0,0.0,48h+
2025-08-24T01:11:35Z,price_change_forecast.csv,164,O'Riley,6,3,55,1.7,0.0,0.0,flat,a,0,stable,0.0,0.0,48h+
2025-08-24T01:11:35Z,price_change_forecast.csv,165,Sima,6,3,55,0.0,0.0,0.0,flat,a,0,stable,0.0,0.0,48h+
2025-08-24T01:11:35Z,price_change_forecast.csv,166,Ayari,6,3,50,0.2,0.0,0.0,flat,a,0,stable,0.0,0.0,48h+
2025-08-24T01:11:35Z,price_change_forecast.csv,167,Baleba,6,3,50,4.5,0.0,0.0,flat,a,0,stable,0.0,0.0,48h+
2025-08-24T01:11:35Z,price_change_forecast.csv,168,Buonanotte,6,3,50,0.2,0.0,0.0,flat,a,0,stable,0.0,0.0,48h+
2025-08-24T01:11:35Z,price_change_forecast.csv,169,Gomez,6,3,50,0.1,0.0,0.0,flat,a,0,stable,0.0,0.0,48h+
2025-08-24T01:11:35Z,price_change_forecast.csv,170,Milner,6,3,50,0.1,0.0,0.0,flat,a,0,stable,0.0,0.0,48h+
2025-08-24T01:11:35Z,price_change_forecast.csv,171,Sarmiento,6,3,50,0.0,0.0,0.0,flat,a,0,stable,0.0,0.0,48h+
2025-08-24T01:11:35Z,price_change_forecast.csv,172,Watson,6,3,50,0.0,0.0,0.0,flat,a,0,stable,0.0,0.0,48h+
2025-08-24T01:11:35Z,price_change_forecast.csv,173,Wieffer,6,3,50,0.1,0.0,0.0,flat,a,0,stable,0.0,0.0,48h+
2025-08-24T01:11:35Z,price_change_forecast.csv,174,Yalcouye,6,3,50,0.0,0.0,0.0,flat,u,1,stable,0.0,0.0,48h+
2025-08-24T01:11:35Z,price_change_forecast.csv,175,Knight,6,3,45,0.1,0.0,0.0,flat,a,0,stable,0.0,0.0,48h+
2025-08-24T01:11:35Z,price_change_forecast.csv,176,Mazilu,6,3,45,0.0,0.0,0.0,flat,a,0,stable,0.0,0.0,48h+
2025-08-24T01:11:35Z,price_change_forecast.csv,177,Moran,6,3,45,0.1,0.0,0.0,flat,a,0,stable,0.0,0.0,48h+
2025-08-24T01:11:35Z,price_change_forecast.csv,178,Welbeck,6,4,65,3.7,0.0,0.0,flat,a,0,stable,0.0,0.0,48h+
2025-08-24T01:11:35Z,price_change_forecast.csv,179,Ferguson,6,4,55,0.0,0.0,0.0,flat,u,1,stable,0.0,0.0,48h+
2025-08-24T01:11:35Z,price_change_forecast.csv,180,Tzimas,6,4,55,0.1,0.0,0.0,flat,a,0,stable,0.0,0.0,48h+
2025-08-24T01:11:35Z,price_change_forecast.csv,181,Kostoulas,6,4,50,0.4,0.0,0.0,flat,a,0,stable,0.0,0.0,48h+
2025-08-24T01:11:35Z,price_change_forecast.csv,220,Sánchez,7,1,50,25.4,0.0,0.0,flat,a,0,stable,0.0,0.0,48h+
2025-08-24T01:11:35Z,price_change_forecast.csv,221,Jörgensen,7,1,45,0.2,0.0,0.0,flat,a,0,stable,0.0,0.0,48h+
2025-08-24T01:11:35Z,price_change_forecast.csv,222,Penders,7,1,40,0.0,0.0,0.0,flat,u,1,stable,0.0,0.0,48h+
2025-08-24T01:11:35Z,price_change_forecast.csv,223,Slonina,7,1,40,0.1,0.0,0.0,flat,a,0,stable,0.0,0.0,48h+
2025-08-24T01:11:35Z,price_change_forecast.csv,224,Cucurella,7,2,60,21.8,0.0,0.0,flat,a,0,stable,0.0,0.0,48h+
2025-08-24T01:11:35Z,price_change_forecast.csv,225,James,7,2,55,5.9,0.0,0.0,flat,a,0,stable,0.0,0.0,48h+
2025-08-24T01:11:35Z,price_change_forecast.csv,226,Chalobah,7,2,50,1.4,0.0,0.0,flat,a,0,stable,0.0,0.0,48h+
2025-08-24T01:11:35Z,price_change_forecast.csv,227,Colwill,7,2,49,0.3,0.0,0.0,flat,i,1,stable,0.0,0.0,48h+
2025-08-24T01:11:35Z,price_change_forecast.csv,228,Gusto,7,2,50,1.6,0.0,0.0,flat,a,0,stable,0.0,0.0,48h+
2025-08-24T01:11:35Z,price_change_forecast.csv,229,B.Badiashile,7,2,45,0.0,0.0,0.0,flat,i,1,stable,0.0,0.0,48h+
2025-08-24T01:11:35Z,price_change_forecast.csv,230,Fofana,7,2,45,0.2,0.0,0.0,flat,a,0,stable,0.0,0.0,48h+
2025-08-24T01:11:35Z,price_change_forecast.csv,231,M.Sarr,7,2,45,0.0,0.0,0.0,flat,u,1,stable,0.0,0.0,48h+
2025-08-24T01:11:35Z,price_change_forecast.csv,232,Tosin,7,2,45,1.1,0.0,0.0,flat,a,0,stable,0.0,0.0,48h+
2025-08-24T01:11:35Z,price_change_forecast.csv,233,Acheampong,7,2,40,2.4,0.0,0.0,flat,a,0,stable,0.0,0.0,48h+
2025-08-24T01:11:35Z,price_change_forecast.csv,234,Anselmino,7,2,40,0.1,0.0,0.0,flat,a,0,stable,0.0,0.0,48h+
2025-08-24T01:11:35Z,price_change_forecast.csv,235,Palmer,7,3,105,59.0,0.0,0.0,flat,a,0,stable,0.0,0.0,48h+
2025-08-24T01:11:35Z,price_change_forecast.csv,236,Neto,7,3,70,3.6,0.0,0.0,flat,a,0,stable,0.0,0.0,48h+
2025-08-24T01:11:35Z,price_change_forecast.csv,237,Enzo,7,3,65,3.4,0.0,0.0,flat,a,0,stable,0.0,0.0,48h+
2025-08-24T01:11:35Z,price_change_forecast.csv,238,Estêvão,7,3,65,1.5,0.0,0.0,flat,a,0,stable,0.0,0.0,48h+
2025-08-24T01:11:35Z,price_change_forecast.csv,239,Gittens,7,3,65,0.3,0.0,0.0,flat,a,0,stable,0.0,0.0,48h+
2025-08-24T01:11:35Z,price_change_forecast.csv,240,Nkunku,7,3,60,0.2,0.0,0.0,flat,a,0,stable,0.0,0.0,48h+
2025-08-24T01:11:35Z,price_change_forecast.csv,241,Caicedo,7,3,55,5.5,0.0,0.0,flat,a,0,stable,0.0,0.0,48h+
2025-08-24T01:11:35Z,price_change_forecast.csv,243,George,7,3,50,0.1,0.0,0.0,flat,a,0,stable,0.0,0.0,48h+
2025-08-24T01:11:35Z,price_change_forecast.csv,244,Lavia,7,3,50,0.0,0.0,0.0,flat,i,1,stable,0.0,0.0,48h+
2025-08-24T01:11:35Z,price_change_forecast.csv,245,Mudryk,7,3,50,0.0,0.0,0.0,flat,s,1,stable,0.0,0.0,48h+
2025-08-24T01:11:35Z,price_change_forecast.csv,246,Andrey Santos,7,3,45,0.3,0.0,0.0,flat,a,0,stable,0.0,0.0,48h+
2025-08-24T01:11:35Z,price_change_forecast.csv,247,D.Essugo,7,3,45,0.1,0.0,0.0,flat,a,0,stable,0.0,0.0,48h+
2025-08-24T01:11:35Z,price_change_forecast.csv,248,Paez,7,3,45,0.0,0.0,0.0,flat,u,1,stable,0.0,0.0,48h+
2025-08-24T01:11:35Z,price_change_forecast.csv,249,João Pedro,7,4,75,51.8,0.0,0.0,flat,a,0,stable,0.0,0.0,48h+
2025-08-24T01:11:35Z,price_change_forecast.csv,250,Delap,7,4,65,3.6,0.0,0.0,flat,a,0,stable,0.0,0.0,48h+
2025-08-24T01:11:35Z,price_change_forecast.csv,251,N.Jackson,7,4,65,0.2,0.0,0.0,flat,a,1,stable,0.0,0.0,48h+
2025-08-24T01:11:35Z,price_change_forecast.csv,672,Hato,7,2,50,0.3,0.0,0.0,flat,a,0,stable,0.0,0.0,48h+
2025-08-24T01:11:35Z,price_change_forecast.csv,253,Henderson,8,1,50,7.3,0.0,0.0,flat,a,0,stable,0.0,0.0,48h+
2025-08-24T01:11:35Z,price_change_forecast.csv,254,Benitez,8,1,40,0.4,0.0,0.0,flat,a,0,stable,0.0,0.0,48h+
2025-08-24T01:11:35Z,price_change_forecast.csv,255,Matthews,8,1,40,0.1,0.0,0.0,flat,a,0,stable,0.0,0.0,48h+
2025-08-24T01:11:35Z,price_change_forecast.csv,256,Muñoz,8,2,55,8.7,0.0,0.0,flat,a,0,stable,0.0,0.0,48h+
2025-08-24T01:11:35Z,price_change_forecast.csv,257,Lacroix,8,2,50,1.4,0.0,0.0,flat,a,0,stable,0.0,0.0,48h+
2025-08-24T01:11:35Z,price_change_forecast.csv,258,Mitchell,8,2,50,1.7,0.0,0.0,flat,a,0,stable,0.0,0.0,48h+
2025-08-24T01:11:35Z,price_change_forecast.csv,259,Sosa,8,2,50,0.1,0.0,0.0,flat,a,0,stable,0.0,0.0,48h+
2025-08-24T01:11:35Z,price_change_forecast.csv,260,Guéhi,8,2,45,13.3,0.0,0.0,flat,a,0,stable,0.0,0.0,48h+
2025-08-24T01:11:35Z,price_change_forecast.csv,261,Richards,8,2,45,1.6,0.0,0.0,flat,a,0,stable,0.0,0.0,48h+
2025-08-24T01:11:35Z,price_change_forecast.csv,262,Chadi Riad,8,2,40,0.0,0.0,0.0,flat,i,1,stable,0.0,0.0,48h+
2025-08-24T01:11:35Z,price_change_forecast.csv,263,Clyne,8,2,40,0.6,0.0,0.0,flat,a,0,stable,0.0,0.0,48h+
2025-08-24T01:11:35Z,price_change_forecast.csv,264,Holding,8,2,40,0.0,0.0,0.0,flat,u,1,stable,0.0,0.0,48h+
2025-08-24T01:11:35Z,price_change_forecast.csv,265,Kporha,8,2,40,0.0,0.0,0.0,flat,i,1,stable,0.0,0.0,48h+
2025-08-24T01:11:35Z,price_change_forecast.csv,266,Eze,8,3,75,10.4,0.0,0.0,flat,a,0,stable,0.0,0.0,48h+
2025-08-24T01:11:35Z,price_change_forecast.csv,267,Sarr,8,3,65,4.6,0.0,0.0,flat,a,0,stable,0.0,0.0,48h+
2025-08-24T01:11:35Z,price_change_forecast.csv,268,Doucouré,8,3,50,0.0,0.0,0.0,flat,i,1,stable,0.0,0.0,48h+
2025-08-24T01:11:35Z,price_change_forecast.csv,269,Esse,8,3,50,0.2,0.0,0.0,flat,a,0,stable,0.0,0.0,48h+
2025-08-24T01:11:35Z,price_change_forecast.csv,270,Hughes,8,3,50,0.1,0.0,0.0,flat,a,0,stable,0.0,0.0,48h+
2025-08-24T01:11:35Z,price_change_forecast.csv,271,Kamada,8,3,50,0.0,0.0,0.0,flat,i,1,stable,0.0,0.0,48h+
2025-08-24T01:11:35Z,price_change_forecast.csv,272,Lerma,8,3,50,0.1,0.0,0.0,flat,a,0,stable,0.0,0.0,48h+
2025-08-24T01:11:35Z,price_change_forecast.csv,273,Wharton,8,3,50,0.6,0.0,0.0,flat,a,0,stable,0.0,0.0,48h+
2025-08-24T01:11:35Z,price_change_forecast.csv,274,Agbinone,8,3,45,0.1,0.0,0.0,flat,a,0,stable,0.0,0.0,48h+
2025-08-24T01:11:35Z,price_change_forecast.csv,275,Ahamada,8,3,45,0.0,0.0,0.0,flat,a,0,stable,0.0,0.0,48h+
2025-08-24T01:11:35Z,price_change_forecast.csv,276,Devenny,8,3,45,1.7,0.0,0.0,flat,a,0,stable,0.0,0.0,48h+
2025-08-24T01:11:35Z,price_change_forecast.csv,277,Ebiowei,8,3,45,0.0,0.0,0.0,flat,u,1,stable,0.0,0.0,48h+
2025-08-24T01:11:35Z,price_change_forecast.csv,278,J.Rak-Sakyi,8,3,45,0.1,0.0,0.0,flat,a,0,stable,0.0,0.0,48h+
2025-08-24T01:11:35Z,price_change_forecast.csv,279,M.França,8,3,45,0.0,0.0,0.0,flat,i,1,stable,0.0,0.0,48h+
2025-08-24T01:11:35Z,price_change_forecast.csv,280,Ozoh,8,3,45,0.0,0.0,0.0,flat,u,1,stable,0.0,0.0,48h+
2025-08-24T01:11:35Z,price_change_forecast.csv,281,Rodney,8,3,45,0.0,0.0,0.0,flat,a,0,stable,0.0,0.0,48h+
2025-08-24T01:11:35Z,price_change_forecast.csv,282,Umeh,8,3,45,0.0,0.0,0.0,flat,a,0,stable,0.0,0.0,48h+
2025-08-24T01:11:35Z,price_change_forecast.csv,283,Mateta,8,4,75,8.8,0.0,0.0,flat,a,0,stable,0.0,0.0,48h+
2025-08-24T01:11:35Z,price_change_forecast.csv,284,Nketiah,8,4,55,0.3,0.0,0.0,flat,i,1,stable,0.0,0.0,48h+
2025-08-24T01:11:35Z,price_change_forecast.csv,285,Édouard,8,4,50,0.9,0.0,0.0,flat,a,0,stable,0.0,0.0,48h+
2025-08-24T01:11:35Z,price_change_forecast.csv,286,Marsh,8,4,45,0.3,0.0,0.0,flat,a,0,stable,0.0,0.0,48h+
2025-08-24T01:11:35Z,price_change_forecast.csv,690,Cardines,8,3,45,0.2,0.0,0.0,flat,a,0,stable,0.0,0.0,48h+
2025-08-24T01:11:35Z,price_change_forecast.csv,242,Dewsbury-Hall,9,3,50,4.4,0.0,0.0,flat,a,0,stable,0.0,0.0,48h+
2025-08-24T01:11:35Z,price_change_forecast.csv,287,Pickford,9,1,55,10.6,0.0,0.0,flat,a,0,stable,0.0,0.0,48h+
2025-08-24T01:11:35Z,price_change_forecast.csv,288,Travers,9,1,45,0.2,0.0,0.0,flat,a,0,stable,0.0,0.0,48h+
2025-08-24T01:11:35Z,price_change_forecast.csv,289,Tyrer,9,1,40,0.1,0.0,0.0,flat,a,0,stable,0.0,0.0,48h+
2025-08-24T01:11:35Z,price_change_forecast.csv,290,Branthwaite,9,2,54,0.5,0.0,0.0,flat,i,1,stable,0.0,0.0,48h+
2025-08-24T01:11:35Z,price_change_forecast.csv,291,Tarkowski,9,2,55,6.8,0.0,0.0,flat,a,0,stable,0.0,0.0,48h+
2025-08-24T01:11:35Z,price_change_forecast.csv,292,Mykolenko,9,2,50,0.7,0.0,0.0,flat,d,1,stable,0.0,0.0,48h+
2025-08-24T01:11:35Z,price_change_forecast.csv,293,O'Brien,9,2,50,0.6,0.0,0.0,flat,a,0,stable,0.0,0.0,48h+
2025-08-24T01:11:35Z,price_change_forecast.csv,294,Coleman,9,2,45,0.2,0.0,0.0,flat,a,0,stable,0.0,0.0,48h+
2025-08-24T01:11:35Z,price_change_forecast.csv,295,Keane,9,2,45,0.4,0.0,0.0,flat,a,0,stable,0.0,0.0,48h+
2025-08-24T01:11:35Z,price_change_forecast.csv,296,Patterson,9,2,45,0.0,0.0,0.0,flat,d,1,stable,0.0,0.0,48h+
2025-08-24T01:11:35Z,price_change_forecast.csv,297,Dixon,9,2,40,0.2,0.0,0.0,flat,a,0,stable,0.0,0.0,48h+
2025-08-24T01:11:35Z,price_change_forecast.csv,298,Welch,9,2,40,0.2,0.0,0.0,flat,a,0,stable,0.0,0.0,48h+
2025-08-24T01:11:35Z,price_change_forecast.csv,299,Ndiaye,9,3,65,9.8,0.0,0.0,flat,a,0,stable,0.0,0.0,48h+
2025-08-24T01:11:35Z,price_change_forecast.csv,300,McNeil,9,3,59,0.3,0.0,0.0,flat,a,0,stable,0.0,0.0,48h+
2025-08-24T01:11:35Z,price_change_forecast.csv,301,Alcaraz,9,3,55,0.2,0.0,0.0,flat,a,0,stable,0.0,0.0,48h+
2025-08-24T01:11:35Z,price_change_forecast.csv,302,Gana,9,3,55,0.1,0.0,0.0,flat,a,0,stable,0.0,0.0,48h+
2025-08-24T01:11:35Z,price_change_forecast.csv,303,Garner,9,3,50,0.1,0.0,0.0,flat,a,0,stable,0.0,0.0,48h+
2025-08-24T01:11:35Z,price_change_forecast.csv,304,Iroegbunam,9,3,50,0.0,0.0,0.0,flat,a,0,stable,0.0,0.0,48h+
2025-08-24T01:11:35Z,price_change_forecast.csv,305,Armstrong,9,3,45,0.1,0.0,0.0,flat,a,0,stable,0.0,0.0,48h+
2025-08-24T01:11:35Z,price_change_forecast.csv,306,Bates,9,3,45,0.1,0.0,0.0,flat,a,0,stable,0.0,0.0,48h+
2025-08-24T01:11:35Z,price_change_forecast.csv,307,Ebere,9,3,45,0.0,0.0,0.0,flat,a,0,stable,0.0,0.0,48h+
2025-08-24T01:11:35Z,price_change_forecast.csv,308,Heath,9,3,45,0.0,0.0,0.0,flat,a,0,stable,0.0,0.0,48h+
2025-08-24T01:11:35Z,price_change_forecast.csv,309,Metcalfe,9,3,45,0.0,0.0,0.0,flat,u,1,stable,0.0,0.0,48h+
2025-08-24T01:11:35Z,price_change_forecast.csv,310,Barry,9,4,60,0.7,0.0,0.0,flat,a,0,stable,0.0,0.0,48h+
2025-08-24T01:11:35Z,price_change_forecast.csv,311,Beto,9,4,55,7.8,0.0,0.0,flat,a,0,stable,0.0,0.0,48h+
2025-08-24T01:11:35Z,price_change_forecast.csv,312,Y.Chermiti,9,4,50,0.2,0.0,0.0,flat,a,0,stable,0.0,0.0,48h+
2025-08-24T01:11:35Z,price_change_forecast.csv,313,Sherif,9,4,45,0.2,0.0,0.0,flat,a,0,stable,0.0,0.0,48h+
2025-08-24T01:11:35Z,price_change_forecast.csv,419,Grealish,9,3,65,3.2,0.0,0.0,flat,a,0,stable,0.0,0.0,48h+
2025-08-24T01:11:35Z,price_change_forecast.csv,630,King,9,1,40,1.5,0.0,0.0,flat,a,0,stable,0.0,0.0,48h+
2025-08-24T01:11:35Z,price_change_forecast.csv,667,Aznou,9,2,45,0.1,0.0,0.0,flat,a,0,stable,0.0,0.0,48h+
2025-08-24T01:11:35Z,price_change_forecast.csv,314,Leno,10,1,50,1.6,0.0,0.0,flat,a,0,stable,0.0,0.0,48h+
2025-08-24T01:11:35Z,price_change_forecast.csv,315,Benda,10,1,40,0.0,0.0,0.0,flat,u,1,stable,0.0,0.0,48h+
2025-08-24T01:11:35Z,price_change_forecast.csv,316,Robinson,10,2,50,0.6,0.0,0.0,flat,i,1,stable,0.0,0.0,48h+
2025-08-24T01:11:35Z,price_change_forecast.csv,317,Andersen,10,2,45,2.9,0.0,0.0,flat,a,0,stable,0.0,0.0,48h+
2025-08-24T01:11:35Z,price_change_forecast.csv,318,Bassey,10,2,45,0.5,0.0,0.0,flat,a,0,stable,0.0,0.0,48h+
2025-08-24T01:11:35Z,price_change_forecast.csv,319,Castagne,10,2,45,0.1,0.0,0.0,flat,a,0,stable,0.0,0.0,48h+
2025-08-24T01:11:35Z,price_change_forecast.csv,320,Diop,10,2,45,0.1,0.0,0.0,flat,a,0,stable,0.0,0.0,48h+
2025-08-24T01:11:35Z,price_change_forecast.csv,321,J.Cuenca,10,2,45,0.0,0.0,0.0,flat,a,0,stable,0.0,0.0,48h+
2025-08-24T01:11:35Z,price_change_forecast.csv,322,Tete,10,2,45,0.2,0.0,0.0,flat,a,0,stable,0.0,0.0,48h+
2025-08-24T01:11:35Z,price_change_forecast.csv,323,Amissah,10,2,40,0.2,0.0,0.0,flat,a,0,stable,0.0,0.0,48h+
2025-08-24T01:11:35Z,price_change_forecast.csv,324,Iwobi,10,3,65,1.3,0.0,0.0,flat,a,0,stable,0.0,0.0,48h+
2025-08-24T01:11:35Z,price_change_forecast.csv,325,Smith Rowe,10,3,59,0.8,0.0,0.0,flat,a,0,stable,0.0,0.0,48h+
2025-08-24T01:11:35Z,price_change_forecast.csv,326,Adama,10,3,55,0.3,0.0,0.0,flat,a,0,stable,0.0,0.0,48h+
2025-08-24T01:11:35Z,price_change_forecast.csv,327,Andreas,10,3,54,0.3,0.0,0.0,flat,a,0,stable,0.0,0.0,48h+
2025-08-24T01:11:35Z,price_change_forecast.csv,328,Sessegnon,10,3,55,0.0,0.0,0.0,flat,d,1,stable,0.0,0.0,48h+
2025-08-24T01:11:35Z,price_change_forecast.csv,329,Wilson,10,3,55,0.9,0.0,0.0,flat,a,0,stable,0.0,0.0,48h+
2025-08-24T01:11:35Z,price_change_forecast.csv,330,Berge,10,3,50,0.1,0.0,0.0,flat,a,0,stable,0.0,0.0,48h+
2025-08-24T01:11:35Z,price_change_forecast.csv,331,Cairney,10,3,50,0.0,0.0,0.0,flat,a,0,stable,0.0,0.0,48h+
2025-08-24T01:11:35Z,price_change_forecast.csv,332,Lukić,10,3,50,0.1,0.0,0.0,flat,a,0,stable,0.0,0.0,48h+
2025-08-24T01:11:35Z,price_change_forecast.csv,333,Godo,10,3,45,0.1,0.0,0.0,flat,a,0,stable,0.0,0.0,48h+
2025-08-24T01:11:35Z,price_change_forecast.csv,334,Harris,10,3,45,0.0,0.0,0.0,flat,u,1,stable,0.0,0.0,48h+
2025-08-24T01:11:35Z,price_change_forecast.csv,335,King,10,3,45,1.2,0.0,0.0,flat,a,0,stable,0.0,0.0,48h+
2025-08-24T01:11:35Z,price_change_forecast.csv,336,Reed,10,3,45,0.3,0.0,0.0,flat,a,0,stable,0.0,0.0,48h+
2025-08-24T01:11:35Z,price_change_forecast.csv,337,Raúl,10,4,65,1.9,0.0,0.0,flat,a,0,stable,0.0,0.0,48h+
2025-08-24T01:11:35Z,price_change_forecast.csv,338,Muniz,10,4,55,2.5,0.0,0.0,flat,a,0,stable,0.0,0.0,48h+
2025-08-24T01:11:35Z,price_change_forecast.csv,664,Lecomte,10,1,40,0.8,0.0,0.0,flat,a,0,stable,0.0,0.0,48h+
2025-08-24T01:11:35Z,price_change_forecast.csv,339,Meslier,11,1,45,0.7,0.0,0.0,flat,a,0,stable,0.0,0.0,48h+
2025-08-24T01:11:35Z,price_change_forecast.csv,340,Cairns,11,1,40,0.2,0.0,0.0,flat,a,0,stable,0.0,0.0,48h+
2025-08-24T01:11:35Z,price_change_forecast.csv,341,Darlow,11,1,40,3.0,0.0,0.0,flat,a,0,stable,0.0,0.0,48h+
2025-08-24T01:11:35Z,price_change_forecast.csv,342,Bogle,11,2,45,0.2,0.0,0.0,flat,a,0,stable,0.0,0.0,48h+
2025-08-24T01:11:35Z,price_change_forecast.csv,343,Struijk,11,2,45,0.4,0.0,0.0,flat,a,0,stable,0.0,0.0,48h+
2025-08-24T01:11:35Z,price_change_forecast.csv,344,Bijol,11,2,40,0.2,0.0,0.0,flat,a,1,stable,0.0,0.0,48h+
2025-08-24T01:11:35Z,price_change_forecast.csv,345,Bornauw,11,2,40,0.1,0.0,0.0,flat,a,0,stable,0.0,0.0,48h+
2025-08-24T01:11:35Z,price_change_forecast.csv,346,Byram,11,2,40,0.2,0.0,0.0,flat,a,0,stable,0.0,0.0,48h+
2025-08-24T01:11:35Z,price_change_forecast.csv,347,Gudmundsson,11,2,40,3.5,0.0,0.0,flat,a,0,stable,0.0,0.0,48h+
2025-08-24T01:11:35Z,price_change_forecast.csv,348,Rodon,11,2,40,2.3,0.0,0.0,flat,a,0,stable,0.0,0.0,48h+
2025-08-24T01:11:35Z,price_change_forecast.csv,349,Schmidt,11,2,40,0.2,0.0,0.0,flat,a,0,stable,0.0,0.0,48h+
2025-08-24T01:11:35Z,price_change_forecast.csv,350,Aaronson,11,3,55,0.1,0.0,0.0,flat,a,0,stable,0.0,0.0,48h+
2025-08-24T01:11:35Z,price_change_forecast.csv,351,Gnonto,11,3,55,0.3,0.0,0.0,flat,a,0,stable,0.0,0.0,48h+
2025-08-24T01:11:35Z,price_change_forecast.csv,352,Harrison,11,3,55,0.1,0.0,0.0,flat,a,0,stable,0.0,0.0,48h+
2025-08-24T01:11:35Z,price_change_forecast.csv,353,James,11,3,55,0.4,0.0,0.0,flat,a,0,stable,0.0,0.0,48h+
2025-08-24T01:11:35Z,price_change_forecast.csv,354,Ampadu,11,3,50,0.1,0.0,0.0,flat,i,1,stable,0.0,0.0,48h+
2025-08-24T01:11:35Z,price_change_forecast.csv,355,Greenwood,11,3,50,0.1,0.0,0.0,flat,a,0,stable,0.0,0.0,48h+
2025-08-24T01:11:35Z,price_change_forecast.csv,356,Gruev,11,3,50,0.0,0.0,0.0,flat,a,0,stable,0.0,0.0,48h+
2025-08-24T01:11:35Z,price_change_forecast.csv,357,Ramazani,11,3,50,0.0,0.0,0.0,flat,a,0,stable,0.0,0.0,48h+
2025-08-24T01:11:35Z,price_change_forecast.csv,358,Tanaka,11,3,50,0.3,0.0,0.0,flat,a,0,stable,0.0,0.0,48h+
2025-08-24T01:11:35Z,price_change_forecast.csv,359,Crew,11,3,45,0.0,0.0,0.0,flat,u,1,stable,0.0,0.0,48h+
2025-08-24T01:11:35Z,price_change_forecast.csv,360,Gelhardt,11,3,45,0.0,0.0,0.0,flat,u,1,stable,0.0,0.0,48h+
2025-08-24T01:11:35Z,price_change_forecast.csv,361,Gyabi,11,3,45,0.1,0.0,0.0,flat,a,0,stable,0.0,0.0,48h+
2025-08-24T01:11:35Z,price_change_forecast.csv,362,Piroe,11,4,55,1.8,0.0,0.0,flat,a,0,stable,0.0,0.0,48h+
2025-08-24T01:11:35Z,price_change_forecast.csv,363,Bamford,11,4,50,1.8,0.0,0.0,flat,a,0,stable,0.0,0.0,48h+
2025-08-24T01:11:35Z,price_change_forecast.csv,364,Mateo Joseph,11,4,50,0.0,0.0,0.0,flat,u,1,stable,0.0,0.0,48h+
2025-08-24T01:11:35Z,price_change_forecast.csv,365,Nmecha,11,4,50,0.6,0.0,0.0,flat,a,0,stable,0.0,0.0,48h+
2025-08-24T01:11:35Z,price_change_forecast.csv,493,Longstaff,11,3,50,0.2,0.0,0.0,flat,a,0,stable,0.0,0.0,48h+
2025-08-24T01:11:35Z,price_change_forecast.csv,660,Stach,11,3,50,0.4,0.0,0.0,flat,a,0,stable,0.0,0.0,48h+
2025-08-24T01:11:35Z,price_change_forecast.csv,665,Perri,11,1,45,0.4,0.0,0.0,flat,a,0,stable,0.0,0.0,48h+
2025-08-24T01:11:35Z,price_change_forecast.csv,691,Calvert-Lewin,11,4,55,0.1,0.0,0.0,flat,d,1,stable,0.0,0.0,48h+
2025-08-24T01:11:35Z,price_change_forecast.csv,698,Okafor,11,3,55,0.0,0.0,0.0,flat,d,1,stable,0.0,0.0,48h+
2025-08-24T01:11:35Z,price_change_forecast.csv,366,A.Becker,12,1,55,10.8,0.0,0.0,flat,a,0,stable,0.0,0.0,48h+
2025-08-24T01:11:35Z,price_change_forecast.csv,367,Mamardashvili,12,1,45,0.4,0.0,0.0,flat,a,0,stable,0.0,0.0,48h+
2025-08-24T01:11:35Z,price_change_forecast.csv,368,Pécsi,12,1,40,0.1,0.0,0.0,flat,a,0,stable,0.0,0.0,48h+
2025-08-24T01:11:35Z,price_change_forecast.csv,369,Woodman,12,1,40,0.1,0.0,0.0,flat,a,0,stable,0.0,0.0,48h+
2025-08-24T01:11:35Z,price_change_forecast.csv,370,Frimpong,12,2,60,22.0,0.0,0.0,flat,i,1,stable,0.0,0.0,48h+
2025-08-24T01:11:35Z,price_change_forecast.csv,371,Kerkez,12,2,60,6.1,0.0,0.0,flat,a,0,stable,0.0,0.0,48h+
2025-08-24T01:11:35Z,price_change_forecast.csv,372,Robertson,12,2,60,1.3,0.0,0.0,flat,a,0,stable,0.0,0.0,48h+
2025-08-24T01:11:35Z,price_change_forecast.csv,373,Virgil,12,2,60,24.0,0.0,0.0,flat,a,0,stable,0.0,0.0,48h+
2025-08-24T01:11:35Z,price_change_forecast.csv,374,Konaté,12,2,55,2.9,0.0,0.0,flat,a,0,stable,0.0,0.0,48h+
2025-08-24T01:11:35Z,price_change_forecast.csv,375,Bradley,12,2,50,0.1,0.0,0.0,flat,d,1,stable,0.0,0.0,48h+
2025-08-24T01:11:35Z,price_change_forecast.csv,376,Gomez,12,2,50,0.1,0.0,0.0,flat,a,0,stable,0.0,0.0,48h+
2025-08-24T01:11:35Z,price_change_forecast.csv,377,Tsimikas,12,2,50,0.1,0.0,0.0,flat,a,0,stable,0.0,0.0,48h+
2025-08-24T01:11:35Z,price_change_forecast.csv,378,Nallo,12,2,40,0.1,0.0,0.0,flat,a,0,stable,0.0,0.0,48h+
2025-08-24T01:11:35Z,price_change_forecast.csv,379,R.Williams,12,2,40,0.2,0.0,0.0,flat,a,0,stable,0.0,0.0,48h+
2025-08-24T01:11:35Z,price_change_forecast.csv,380,Ramsay,12,2,40,0.2,0.0,0.0,flat,a,0,stable,0.0,0.0,48h+
2025-08-24T01:11:35Z,price_change_forecast.csv,381,M.Salah,12,3,145,53.5,0.0,0.0,flat,a,0,stable,0.0,0.0,48h+
2025-08-24T01:11:35Z,price_change_forecast.csv,382,Wirtz,12,3,85,28.0,0.0,0.0,flat,a,0,stable,0.0,0.0,48h+
2025-08-24T01:11:35Z,price_change_forecast.csv,383,Luis Díaz,12,3,80,0.1,0.0,0.0,flat,u,1,stable,0.0,0.0,48h+
2025-08-24T01:11:35Z,price_change_forecast.csv,384,Gakpo,12,3,75,8.4,0.0,0.0,flat,a,0,stable,0.0,0.0,48h+
2025-08-24T01:11:35Z,price_change_forecast.csv,385,Chiesa,12,3,65,0.3,0.0,0.0,flat,a,0,stable,0.0,0.0,48h+
2025-08-24T01:11:35Z,price_change_forecast.csv,386,Mac Allister,12,3,65,2.0,0.0,0.0,flat,a,0,stable,0.0,0.0,48h+
2025-08-24T01:11:35Z,price_change_forecast.csv,387,Szoboszlai,12,3,65,1.9,0.0,0.0,flat,a,0,stable,0.0,0.0,48h+
2025-08-24T01:11:35Z,price_change_forecast.csv,388,C.Jones,12,3,55,0.1,0.0,0.0,flat,a,0,stable,0.0,0.0,48h+
2025-08-24T01:11:35Z,price_change_forecast.csv,389,Elliott,12,3,54,0.1,0.0,0.0,flat,a,0,stable,0.0,0.0,48h+
2025-08-24T01:11:35Z,price_change_forecast.csv,390,Gravenberch,12,3,55,0.2,0.0,0.0,flat,a,1,stable,0.0,0.0,48h+
2025-08-24T01:11:35Z,price_change_forecast.csv,392,Endo,12,3,50,0.1,0.0,0.0,flat,a,0,stable,0.0,0.0,48h+
2025-08-24T01:11:35Z,price_change_forecast.csv,393,Bajcetic,12,3,45,0.0,0.0,0.0,flat,a,0,stable,0.0,0.0,48h+
2025-08-24T01:11:35Z,price_change_forecast.csv,394,McConnell,12,3,45,0.0,0.0,0.0,flat,a,0,stable,0.0,0.0,48h+
2025-08-24T01:11:35Z,price_change_forecast.csv,395,Morton,12,3,45,0.0,0.0,0.0,flat,u,1,stable,0.0,0.0,48h+
2025-08-24T01:11:35Z,price_change_forecast.csv,396,Nyoni,12,3,45,0.1,0.0,0.0,flat,a,0,stable,0.0,0.0,48h+
2025-08-24T01:11:35Z,price_change_forecast.csv,397,Darwin,12,4,65,0.1,0.0,0.0,flat,u,1,stable,0.0,0.0,48h+
2025-08-24T01:11:35Z,price_change_forecast.csv,398,Danns,12,4,45,0.1,0.0,0.0,flat,a,0,stable,0.0,0.0,48h+
2025-08-24T01:11:35Z,price_change_forecast.csv,661,Ekitiké,12,4,86,21.7,0.0,0.0,flat,a,0,stable,0.0,0.0,48h+
2025-08-24T01:11:35Z,price_change_forecast.csv,686,Ngumoha,12,3,45,0.1,0.0,0.0,flat,a,0,stable,0.0,0.0,48h+
2025-08-24T01:11:35Z,price_change_forecast.csv,692,Leoni,12,2,50,0.0,0.0,0.0,flat,a,0,stable,0.0,0.0,48h+
2025-08-24T01:11:35Z,price_change_forecast.csv,182,Trafford,13,1,50,2.6,0.0,0.0,flat,a,0,stable,0.0,0.0,48h+
2025-08-24T01:11:35Z,price_change_forecast.csv,399,Ederson M.,13,1,54,2.6,0.0,0.0,flat,a,0,stable,0.0,0.0,48h+
2025-08-24T01:11:35Z,price_change_forecast.csv,400,Ortega Moreno,13,1,50,0.2,0.0,0.0,flat,a,0,stable,0.0,0.0,48h+
2025-08-24T01:11:35Z,price_change_forecast.csv,401,Bettinelli,13,1,40,0.2,0.0,0.0,flat,i,1,stable,0.0,0.0,48h+
2025-08-24T01:11:35Z,price_change_forecast.csv,402,Aït-Nouri,13,2,60,23.1,0.0,0.0,flat,a,0,stable,0.0,0.0,48h+
2025-08-24T01:11:35Z,price_change_forecast.csv,403,Gvardiol,13,2,59,6.1,0.0,0.0,flat,i,1,stable,0.0,0.0,48h+
2025-08-24T01:11:35Z,price_change_forecast.csv,404,Akanji,13,2,55,0.8,0.0,0.0,flat,a,0,stable,0.0,0.0,48h+
2025-08-24T01:11:35Z,price_change_forecast.csv,405,Aké,13,2,55,0.7,0.0,0.0,flat,a,0,stable,0.0,0.0,48h+
2025-08-24T01:11:35Z,price_change_forecast.csv,406,Khusanov,13,2,55,0.4,0.0,0.0,flat,a,0,stable,0.0,0.0,48h+
2025-08-24T01:11:35Z,price_change_forecast.csv,407,Matheus N.,13,2,55,0.4,0.0,0.0,flat,a,0,stable,0.0,0.0,48h+
2025-08-24T01:11:35Z,price_change_forecast.csv,408,Rúben,13,2,55,3.7,0.0,0.0,flat,a,0,stable,0.0,0.0,48h+
2025-08-24T01:11:35Z,price_change_forecast.csv,409,Stones,13,2,55,0.9,0.0,0.0,flat,a,0,stable,0.0,0.0,48h+
2025-08-24T01:11:35Z,price_change_forecast.csv,410,Lewis,13,2,50,3.4,0.0,0.0,flat,a,0,stable,0.0,0.0,48h+
2025-08-24T01:11:35Z,price_change_forecast.csv,411,O’Reilly,13,2,50,0.2,0.0,0.0,flat,a,0,stable,0.0,0.0,48h+
2025-08-24T01:11:35Z,price_change_forecast.csv,412,Vitor Reis,13,2,50,0.0,0.0,0.0,flat,u,1,stable,0.0,0.0,48h+
2025-08-24T01:11:35Z,price_change_forecast.csv,413,Marmoush,13,3,84,8.8,0.0,0.0,flat,a,0,stable,0.0,0.0,48h+
2025-08-24T01:11:35Z,price_change_forecast.csv,414,Foden,13,3,80,1.3,0.0,0.0,flat,a,0,stable,0.0,0.0,48h+
2025-08-24T01:11:35Z,price_change_forecast.csv,415,Savinho,13,3,69,0.7,0.0,0.0,flat,i,1,stable,0.0,0.0,48h+
2025-08-24T01:11:35Z,price_change_forecast.csv,416,Bernardo,13,3,65,0.8,0.0,0.0,flat,a,0,stable,0.0,0.0,48h+
2025-08-24T01:11:35Z,price_change_forecast.csv,417,Cherki,13,3,65,8.5,0.0,0.0,flat,a,0,stable,0.0,0.0,48h+
2025-08-24T01:11:35Z,price_change_forecast.csv,418,Doku,13,3,65,1.1,0.0,0.0,flat,a,0,stable,0.0,0.0,48h+
2025-08-24T01:11:35Z,price_change_forecast.csv,420,Gündoğan,13,3,64,0.2,0.0,0.0,flat,a,0,stable,0.0,0.0,48h+
2025-08-24T01:11:35Z,price_change_forecast.csv,421,Rodrigo,13,3,64,0.6,0.0,0.0,flat,a,0,stable,0.0,0.0,48h+
2025-08-24T01:11:35Z,price_change_forecast.csv,422,Kovačić,13,3,60,0.0,0.0,0.0,flat,i,1,stable,0.0,0.0,48h+
2025-08-24T01:11:35Z,price_change_forecast.csv,423,N.Gonzalez,13,3,60,0.1,0.0,0.0,flat,a,0,stable,0.0,0.0,48h+
2025-08-24T01:11:35Z,price_change_forecast.csv,424,Bobb,13,3,55,0.4,0.0,0.0,flat,a,0,stable,0.0,0.0,48h+
2025-08-24T01:11:35Z,price_change_forecast.csv,425,Echeverri,13,3,54,0.0,0.0,0.0,flat,u,0,stable,0.0,0.0,48h+
2025-08-24T01:11:35Z,price_change_forecast.csv,427,Reijnders,13,3,56,31.4,0.0,0.0,flat,a,0,stable,0.0,0.0,48h+
2025-08-24T01:11:35Z,price_change_forecast.csv,428,Nypan,13,3,50,0.0,0.0,0.0,flat,u,0,stable,0.0,0.0,48h+
2025-08-24T01:11:35Z,price_change_forecast.csv,429,Phillips,13,3,50,0.1,0.0,0.0,flat,a,0,stable,0.0,0.0,48h+
2025-08-24T01:11:35Z,price_change_forecast.csv,430,Haaland,13,4,140,29.9,0.0,0.0,flat,a,0,stable,0.0,0.0,48h+
2025-08-24T01:11:35Z,price_change_forecast.csv,119,Mbeumo,14,3,80,14.3,0.0,0.0,flat,a,0,stable,0.0,0.0,48h+
2025-08-24T01:11:35Z,price_change_forecast.csv,431,Bayindir,14,1,50,0.4,0.0,0.0,flat,a,0,stable,0.0,0.0,48h+
2025-08-24T01:11:35Z,price_change_forecast.csv,432,Onana,14,1,50,0.3,0.0,0.0,flat,a,0,stable,0.0,0.0,48h+
2025-08-24T01:11:35Z,price_change_forecast.csv,433,Harrison,14,1,40,0.0,0.0,0.0,flat,u,1,stable,0.0,0.0,48h+
2025-08-24T01:11:35Z,price_change_forecast.csv,434,Heaton,14,1,40,0.3,0.0,0.0,flat,a,0,stable,0.0,0.0,48h+
2025-08-24T01:11:35Z,price_change_forecast.csv,435,Mee,14,1,40,0.1,0.0,0.0,flat,a,0,stable,0.0,0.0,48h+
2025-08-24T01:11:35Z,price_change_forecast.csv,436,De Ligt,14,2,50,2.4,0.0,0.0,flat,a,0,stable,0.0,0.0,48h+
2025-08-24T01:11:35Z,price_change_forecast.csv,437,Martinez,14,2,50,0.1,0.0,0.0,flat,i,1,stable,0.0,0.0,48h+
2025-08-24T01:11:35Z,price_change_forecast.csv,438,Mazraoui,14,2,50,0.2,0.0,0.0,flat,i,1,stable,0.0,0.0,48h+
2025-08-24T01:11:35Z,price_change_forecast.csv,439,D.Leon,14,2,45,0.1,0.0,0.0,flat,a,0,stable,0.0,0.0,48h+
2025-08-24T01:11:35Z,price_change_forecast.csv,440,Dalot,14,2,45,2.2,0.0,0.0,flat,a,0,stable,0.0,0.0,48h+
2025-08-24T01:11:35Z,price_change_forecast.csv,441,Dorgu,14,2,45,7.9,0.0,0.0,flat,a,0,stable,0.0,0.0,48h+
2025-08-24T01:11:35Z,price_change_forecast.csv,442,Maguire,14,2,45,0.7,0.0,0.0,flat,a,0,stable,0.0,0.0,48h+
2025-08-24T01:11:35Z,price_change_forecast.csv,443,Shaw,14,2,45,0.3,0.0,0.0,flat,a,0,stable,0.0,0.0,48h+
2025-08-24T01:11:35Z,price_change_forecast.csv,444,Yoro,14,2,45,1.9,0.0,0.0,flat,a,0,stable,0.0,0.0,48h+
2025-08-24T01:11:35Z,price_change_forecast.csv,445,Amass,14,2,40,0.2,0.0,0.0,flat,a,0,stable,0.0,0.0,48h+
2025-08-24T01:11:35Z,price_change_forecast.csv,446,Fredricson,14,2,40,0.1,0.0,0.0,flat,a,0,stable,0.0,0.0,48h+
2025-08-24T01:11:35Z,price_change_forecast.csv,447,Heaven,14,2,40,1.5,0.0,0.0,flat,a,0,stable,0.0,0.0,48h+
2025-08-24T01:11:35Z,price_change_forecast.csv,448,Malacia,14,2,40,0.3,0.0,0.0,flat,a,0,stable,0.0,0.0,48h+
2025-08-24T01:11:35Z,price_change_forecast.csv,449,B.Fernandes,14,3,90,21.0,0.0,0.0,flat,a,0,stable,0.0,0.0,48h+
2025-08-24T01:11:35Z,price_change_forecast.csv,450,Cunha,14,3,80,9.2,0.0,0.0,flat,a,0,stable,0.0,0.0,48h+
2025-08-24T01:11:35Z,price_change_forecast.csv,451,Rashford,14,3,70,0.0,0.0,0.0,flat,u,1,stable,0.0,0.0,48h+
2025-08-24T01:11:35Z,price_change_forecast.csv,452,Amad,14,3,65,2.7,0.0,0.0,flat,a,0,stable,0.0,0.0,48h+
2025-08-24T01:11:35Z,price_change_forecast.csv,453,Garnacho,14,3,65,0.2,0.0,0.0,flat,a,0,stable,0.0,0.0,48h+
2025-08-24T01:11:35Z,price_change_forecast.csv,454,Antony,14,3,60,0.1,0.0,0.0,flat,a,0,stable,0.0,0.0,48h+
2025-08-24T01:11:35Z,price_change_forecast.csv,455,Mount,14,3,60,0.3,0.0,0.0,flat,a,0,stable,0.0,0.0,48h+
2025-08-24T01:11:35Z,price_change_forecast.csv,456,Sancho,14,3,60,0.1,0.0,0.0,flat,a,0,stable,0.0,0.0,48h+
2025-08-24T01:11:35Z,price_change_forecast.csv,457,Casemiro,14,3,55,0.2,0.0,0.0,flat,a,0,stable,0.0,0.0,48h+
2025-08-24T01:11:35Z,price_change_forecast.csv,458,Mainoo,14,3,50,0.7,0.0,0.0,flat,a,0,stable,0.0,0.0,48h+
2025-08-24T01:11:35Z,price_change_forecast.csv,459,Ugarte,14,3,50,0.2,0.0,0.0,flat,a,0,stable,0.0,0.0,48h+
2025-08-24T01:11:35Z,price_change_forecast.csv,460,Collyer,14,3,45,0.1,0.0,0.0,flat,u,0,stable,0.0,0.0,48h+
2025-08-24T01:11:35Z,price_change_forecast.csv,461,Fitzgerald,14,3,45,0.0,0.0,0.0,flat,a,0,stable,0.0,0.0,48h+
2025-08-24T01:11:35Z,price_change_forecast.csv,462,J.Fletcher,14,3,45,0.0,0.0,0.0,flat,a,0,stable,0.0,0.0,48h+
2025-08-24T01:11:35Z,price_change_forecast.csv,463,Kone,14,3,45,0.1,0.0,0.0,flat,a,0,stable,0.0,0.0,48h+
2025-08-24T01:11:35Z,price_change_forecast.csv,464,Moorhouse,14,3,45,0.0,0.0,0.0,flat,a,0,stable,0.0,0.0,48h+
2025-08-24T01:11:35Z,price_change_forecast.csv,465,Højlund,14,4,64,0.6,0.0,0.0,flat,a,0,stable,0.0,0.0,48h+
2025-08-24T01:11:35Z,price_change_forecast.csv,466,Zirkzee,14,4,60,0.4,0.0,0.0,flat,a,0,stable,0.0,0.0,48h+
2025-08-24T01:11:35Z,price_change_forecast.csv,467,Obi,14,4,45,2.1,0.0,0.0,flat,a,0,stable,0.0,0.0,48h+
2025-08-24T01:11:35Z,price_change_forecast.csv,468,Wheatley,14,4,45,0.1,0.0,0.0,flat,a,0,stable,0.0,0.0,48h+
2025-08-24T01:11:35Z,price_change_forecast.csv,681,Šeško,14,4,75,8.9,0.0,0.0,flat,a,0,stable,0.0,0.0,48h+
2025-08-24T01:11:35Z,price_change_forecast.csv,52,J.Ramsey,15,3,55,0.5,0.0,0.0,flat,a,0,stable,0.0,0.0,48h+
2025-08-24T01:11:35Z,price_change_forecast.csv,469,Pope,15,1,50,4.1,0.0,0.0,flat,a,0,stable,0.0,0.0,48h+
2025-08-24T01:11:35Z,price_change_forecast.csv,471,Gillespie,15,1,40,0.2,0.0,0.0,flat,a,0,stable,0.0,0.0,48h+
2025-08-24T01:11:35Z,price_change_forecast.csv,472,Odysseas,15,1,40,0.0,0.0,0.0,flat,u,1,stable,0.0,0.0,48h+
2025-08-24T01:11:35Z,price_change_forecast.csv,473,Hall,15,2,55,1.7,0.0,0.0,flat,a,0,stable,0.0,0.0,48h+
2025-08-24T01:11:35Z,price_change_forecast.csv,474,Schär,15,2,55,2.9,0.0,0.0,flat,a,0,stable,0.0,0.0,48h+
2025-08-24T01:11:35Z,price_change_forecast.csv,475,Botman,15,2,50,0.4,0.0,0.0,flat,a,0,stable,0.0,0.0,48h+
2025-08-24T01:11:35Z,price_change_forecast.csv,476,Burn,15,2,50,4.1,0.0,0.0,flat,a,0,stable,0.0,0.0,48h+
2025-08-24T01:11:35Z,price_change_forecast.csv,477,Livramento,15,2,50,4.1,0.0,0.0,flat,a,0,stable,0.0,0.0,48h+
2025-08-24T01:11:35Z,price_change_forecast.csv,478,Trippier,15,2,50,2.2,0.0,0.0,flat,a,0,stable,0.0,0.0,48h+
2025-08-24T01:11:35Z,price_change_forecast.csv,479,Krafth,15,2,45,0.0,0.0,0.0,flat,a,0,stable,0.0,0.0,48h+
2025-08-24T01:11:35Z,price_change_forecast.csv,480,Lascelles,15,2,45,0.1,0.0,0.0,flat,a,0,stable,0.0,0.0,48h+
2025-08-24T01:11:35Z,price_change_forecast.csv,481,A.Murphy,15,2,40,0.8,0.0,0.0,flat,a,0,stable,0.0,0.0,48h+
2025-08-24T01:11:35Z,price_change_forecast.csv,482,Ashby,15,2,40,0.1,0.0,0.0,flat,a,0,stable,0.0,0.0,48h+
2025-08-24T01:11:35Z,price_change_forecast.csv,483,Pivas,15,2,40,0.1,0.0,0.0,flat,a,0,stable,0.0,0.0,48h+
2025-08-24T01:11:35Z,price_change_forecast.csv,484,Targett,15,2,40,0.5,0.0,0.0,flat,a,0,stable,0.0,0.0,48h+
2025-08-24T01:11:35Z,price_change_forecast.csv,485,Gordon,15,3,75,2.0,0.0,0.0,flat,a,0,stable,0.0,0.0,48h+
2025-08-24T01:11:35Z,price_change_forecast.csv,486,Elanga,15,3,70,7.2,0.0,0.0,flat,a,0,stable,0.0,0.0,48h+
2025-08-24T01:11:35Z,price_change_forecast.csv,487,Barnes,15,3,65,0.5,0.0,0.0,flat,a,0,stable,0.0,0.0,48h+
2025-08-24T01:11:35Z,price_change_forecast.csv,488,Bruno G.,15,3,65,1.6,0.0,0.0,flat,a,0,stable,0.0,0.0,48h+
2025-08-24T01:11:35Z,price_change_forecast.csv,489,J.Murphy,15,3,64,1.8,0.0,0.0,flat,a,0,stable,0.0,0.0,48h+
2025-08-24T01:11:35Z,price_change_forecast.csv,490,Joelinton,15,3,60,0.4,0.0,0.0,flat,a,0,stable,0.0,0.0,48h+
2025-08-24T01:11:35Z,price_change_forecast.csv,491,Tonali,15,3,55,1.8,0.0,0.0,flat,a,0,stable,0.0,0.0,48h+
2025-08-24T01:11:35Z,price_change_forecast.csv,492,Antoñito C.,15,3,50,0.0,0.0,0.0,flat,a,0,stable,0.0,0.0,48h+
2025-08-24T01:11:35Z,price_change_forecast.csv,494,Willock,15,3,50,0.0,0.0,0.0,flat,a,1,stable,0.0,0.0,48h+
2025-08-24T01:11:35Z,price_change_forecast.csv,495,Hayden,15,3,45,0.0,0.0,0.0,flat,u,1,stable,0.0,0.0,48h+
2025-08-24T01:11:35Z,price_change_forecast.csv,496,Kuol,15,3,45,0.1,0.0,0.0,flat,a,0,stable,0.0,0.0,48h+
2025-08-24T01:11:35Z,price_change_forecast.csv,497,L.Miley,15,3,45,2.5,0.0,0.0,flat,a,0,stable,0.0,0.0,48h+
2025-08-24T01:11:35Z,price_change_forecast.csv,498,White,15,3,45,0.0,0.0,0.0,flat,u,1,stable,0.0,0.0,48h+
2025-08-24T01:11:35Z,price_change_forecast.csv,499,Isak,15,4,104,5.0,0.0,0.0,flat,n,1,stable,0.0,0.0,48h+
2025-08-24T01:11:35Z,price_change_forecast.csv,500,Osula,15,4,55,0.2,0.0,0.0,flat,a,0,stable,0.0,0.0,48h+
2025-08-24T01:11:35Z,price_change_forecast.csv,501,Neave,15,4,45,0.2,0.0,0.0,flat,a,0,stable,0.0,0.0,48h+
2025-08-24T01:11:35Z,price_change_forecast.csv,674,Ramsdale,15,1,50,0.8,0.0,0.0,flat,a,0,stable,0.0,0.0,48h+
2025-08-24T01:11:35Z,price_change_forecast.csv,684,Thiaw,15,2,50,0.2,0.0,0.0,flat,a,0,stable,0.0,0.0,48h+
2025-08-24T01:11:35Z,price_change_forecast.csv,689,Seung soo,15,3,45,0.2,0.0,0.0,flat,a,0,stable,0.0,0.0,48h+
2025-08-24T01:11:35Z,price_change_forecast.csv,426,McAtee,16,3,55,0.2,0.0,0.0,flat,a,0,stable,0.0,0.0,48h+
2025-08-24T01:11:35Z,price_change_forecast.csv,502,Sels,16,1,50,19.2,0.0,0.0,flat,a,0,stable,0.0,0.0,48h+
2025-08-24T01:11:35Z,price_change_forecast.csv,503,C.Miguel,16,1,40,0.2,0.0,0.0,flat,u,0,stable,0.0,0.0,48h+
2025-08-24T01:11:35Z,price_change_forecast.csv,504,Turner,16,1,40,0.2,0.0,0.0,flat,u,1,stable,0.0,0.0,48h+
2025-08-24T01:11:35Z,price_change_forecast.csv,505,Milenković,16,2,55,9.5,0.0,0.0,flat,a,0,stable,0.0,0.0,48h+
2025-08-24T01:11:35Z,price_change_forecast.csv,506,Murillo,16,2,55,6.6,0.0,0.0,flat,a,0,stable,0.0,0.0,48h+
2025-08-24T01:11:35Z,price_change_forecast.csv,507,Aina,16,2,50,14.5,0.0,0.0,flat,a,0,stable,0.0,0.0,48h+
2025-08-24T01:11:35Z,price_change_forecast.csv,508,N.Williams,16,2,50,9.8,0.0,0.0,flat,a,0,stable,0.0,0.0,48h+
2025-08-24T01:11:35Z,price_change_forecast.csv,509,David Carmo,16,2,45,0.0,0.0,0.0,flat,a,0,stable,0.0,0.0,48h+
2025-08-24T01:11:35Z,price_change_forecast.csv,510,Jair Cunha,16,2,45,0.1,0.0,0.0,flat,a,0,stable,0.0,0.0,48h+
2025-08-24T01:11:35Z,price_change_forecast.csv,511,Morato,16,2,45,0.1,0.0,0.0,flat,a,0,stable,0.0,0.0,48h+
2025-08-24T01:11:35Z,price_change_forecast.csv,512,O.Richards,16,2,45,0.0,0.0,0.0,flat,a,0,stable,0.0,0.0,48h+
2025-08-24T01:11:35Z,price_change_forecast.csv,513,Abbott,16,2,40,0.2,0.0,0.0,flat,a,0,stable,0.0,0.0,48h+
2025-08-24T01:11:35Z,price_change_forecast.csv,514,Boly,16,2,40,0.5,0.0,0.0,flat,a,0,stable,0.0,0.0,48h+
2025-08-24T01:11:35Z,price_change_forecast.csv,515,Gibbs-White,16,3,75,5.1,0.0,0.0,flat,a,0,stable,0.0,0.0,48h+
2025-08-24T01:11:35Z,price_change_forecast.csv,516,Hudson-Odoi,16,3,60,1.1,0.0,0.0,flat,a,0,stable,0.0,0.0,48h+
2025-08-24T01:11:35Z,price_change_forecast.csv,517,Anderson,16,3,55,6.4,0.0,0.0,flat,a,0,stable,0.0,0.0,48h+
2025-08-24T01:11:35Z,price_change_forecast.csv,518,Jota,16,3,55,0.1,0.0,0.0,flat,a,0,stable,0.0,0.0,48h+
2025-08-24T01:11:35Z,price_change_forecast.csv,519,Dominguez,16,3,50,0.0,0.0,0.0,flat,i,1,stable,0.0,0.0,48h+
2025-08-24T01:11:35Z,price_change_forecast.csv,520,O'Brien,16,3,50,0.0,0.0,0.0,flat,u,1,stable,0.0,0.0,48h+
2025-08-24T01:11:35Z,price_change_forecast.csv,521,Sangaré,16,3,50,0.1,0.0,0.0,flat,a,0,stable,0.0,0.0,48h+
2025-08-24T01:11:35Z,price_change_forecast.csv,522,Yates,16,3,50,0.1,0.0,0.0,flat,a,0,stable,0.0,0.0,48h+
2025-08-24T01:11:35Z,price_change_forecast.csv,523,Da Silva Moreira,16,3,45,0.2,0.0,0.0,flat,a,0,stable,0.0,0.0,48h+
2025-08-24T01:11:35Z,price_change_forecast.csv,524,Stamenic,16,3,45,0.1,0.0,0.0,flat,u,0,stable,0.0,0.0,48h+
2025-08-24T01:11:35Z,price_change_forecast.csv,525,Wood,16,4,76,19.6,0.0,0.0,flat,a,0,stable,0.0,0.0,48h+
2025-08-24T01:11:35Z,price_change_forecast.csv,526,Igor Jesus,16,4,60,0.7,0.0,0.0,flat,a,0,stable,0.0,0.0,48h+
2025-08-24T01:11:35Z,price_change_forecast.csv,527,Awoniyi,16,4,55,0.7,0.0,0.0,flat,a,0,stable,0.0,0.0,48h+
2025-08-24T01:11:35Z,price_change_forecast.csv,669,Ndoye,16,3,60,0.8,0.0,0.0,flat,a,0,stable,0.0,0.0,48h+
2025-08-24T01:11:35Z,price_change_forecast.csv,675,Gunn,16,1,40,1.9,0.0,0.0,flat,a,0,stable,0.0,0.0,48h+
2025-08-24T01:11:35Z,price_change_forecast.csv,693,Hutchinson,16,3,55,0.0,0.0,0.0,flat,a,0,stable,0.0,0.0,48h+
2025-08-24T01:11:35Z,price_change_forecast.csv,696,Kalimuendo,16,4,60,0.0,0.0,0.0,flat,a,0,stable,0.0,0.0,48h+
2025-08-24T01:11:35Z,price_change_forecast.csv,252,Marc Guiu,17,4,45,19.5,0.0,0.0,flat,a,0,stable,0.0,0.0,48h+
2025-08-24T01:11:35Z,price_change_forecast.csv,528,Patterson,17,1,45,0.3,0.0,0.0,flat,a,0,stable,0.0,0.0,48h+
2025-08-24T01:11:35Z,price_change_forecast.csv,529,Moore,17,1,40,0.5,0.0,0.0,flat,a,0,stable,0.0,0.0,48h+
2025-08-24T01:11:35Z,price_change_forecast.csv,530,Nna Noukeu,17,1,40,0.2,0.0,0.0,flat,a,0,stable,0.0,0.0,48h+
2025-08-24T01:11:35Z,price_change_forecast.csv,531,Ballard,17,2,46,6.0,0.0,0.0,flat,a,0,stable,0.0,0.0,48h+
2025-08-24T01:11:35Z,price_change_forecast.csv,532,Hume,17,2,45,0.3,0.0,0.0,flat,a,0,stable,0.0,0.0,48h+
2025-08-24T01:11:35Z,price_change_forecast.csv,533,Alese,17,2,40,0.0,0.0,0.0,flat,i,1,stable,0.0,0.0,48h+
2025-08-24T01:11:35Z,price_change_forecast.csv,534,Anderson,17,2,40,0.5,0.0,0.0,flat,a,0,stable,0.0,0.0,48h+
2025-08-24T01:11:35Z,price_change_forecast.csv,535,Cirkin,17,2,40,0.0,0.0,0.0,flat,i,1,stable,0.0,0.0,48h+
2025-08-24T01:11:35Z,price_change_forecast.csv,536,Hjelde,17,2,40,0.0,0.0,0.0,flat,i,1,stable,0.0,0.0,48h+
2025-08-24T01:11:35Z,price_change_forecast.csv,537,Huggins,17,2,40,0.2,0.0,0.0,flat,a,0,stable,0.0,0.0,48h+
2025-08-24T01:11:35Z,price_change_forecast.csv,538,Johnson,17,2,40,0.2,0.0,0.0,flat,a,0,stable,0.0,0.0,48h+
2025-08-24T01:11:35Z,price_change_forecast.csv,539,O'Nien,17,2,40,0.0,0.0,0.0,flat,i,1,stable,0.0,0.0,48h+
2025-08-24T01:11:35Z,price_change_forecast.csv,540,Pembele,17,2,40,0.2,0.0,0.0,flat,a,0,stable,0.0,0.0,48h+
2025-08-24T01:11:35Z,price_change_forecast.csv,541,Reinildo,17,2,40,8.3,0.0,0.0,flat,a,0,stable,0.0,0.0,48h+
2025-08-24T01:11:35Z,price_change_forecast.csv,542,Seelt,17,2,40,0.3,0.0,0.0,flat,a,0,stable,0.0,0.0,48h+
2025-08-24T01:11:35Z,price_change_forecast.csv,543,Adingra,17,3,55,1.9,0.0,0.0,flat,a,0,stable,0.0,0.0,48h+
2025-08-24T01:11:35Z,price_change_forecast.csv,544,Diarra,17,3,55,0.1,0.0,0.0,flat,a,0,stable,0.0,0.0,48h+
2025-08-24T01:11:35Z,price_change_forecast.csv,545,Roberts,17,3,54,0.0,0.0,0.0,flat,a,0,stable,0.0,0.0,48h+
2025-08-24T01:11:35Z,price_change_forecast.csv,546,Aleksić,17,3,50,0.0,0.0,0.0,flat,a,0,stable,0.0,0.0,48h+
2025-08-24T01:11:35Z,price_change_forecast.csv,547,E.Le Fée,17,3,50,0.3,0.0,0.0,flat,a,0,stable,0.0,0.0,48h+
2025-08-24T01:11:35Z,price_change_forecast.csv,548,Mundle,17,3,50,0.0,0.0,0.0,flat,i,1,stable,0.0,0.0,48h+
2025-08-24T01:11:35Z,price_change_forecast.csv,549,Neil,17,3,50,0.0,0.0,0.0,flat,a,0,stable,0.0,0.0,48h+
2025-08-24T01:11:35Z,price_change_forecast.csv,550,Poveda,17,3,50,0.0,0.0,0.0,flat,a,0,stable,0.0,0.0,48h+
2025-08-24T01:11:35Z,price_change_forecast.csv,551,Rigg,17,3,50,0.1,0.0,0.0,flat,a,0,stable,0.0,0.0,48h+
2025-08-24T01:11:35Z,price_change_forecast.csv,552,Sadiki,17,3,50,0.1,0.0,0.0,flat,a,0,stable,0.0,0.0,48h+
2025-08-24T01:11:35Z,price_change_forecast.csv,553,Talbi,17,3,50,0.4,0.0,0.0,flat,a,0,stable,0.0,0.0,48h+
2025-08-24T01:11:35Z,price_change_forecast.csv,554,Ba,17,3,45,0.3,0.0,0.0,flat,a,0,stable,0.0,0.0,48h+
2025-08-24T01:11:35Z,price_change_forecast.csv,555,Browne,17,3,45,0.1,0.0,0.0,flat,a,0,stable,0.0,0.0,48h+
2025-08-24T01:11:35Z,price_change_forecast.csv,556,Ekwah,17,3,45,0.0,0.0,0.0,flat,u,1,stable,0.0,0.0,48h+
2025-08-24T01:11:35Z,price_change_forecast.csv,557,H.Jones,17,3,45,0.1,0.0,0.0,flat,a,0,stable,0.0,0.0,48h+
2025-08-24T01:11:35Z,price_change_forecast.csv,558,Matete,17,3,45,0.3,0.0,0.0,flat,a,0,stable,0.0,0.0,48h+
2025-08-24T01:11:35Z,price_change_forecast.csv,559,Triantis,17,3,45,0.1,0.0,0.0,flat,a,0,stable,0.0,0.0,48h+
2025-08-24T01:11:35Z,price_change_forecast.csv,560,Isidor,17,4,55,0.4,0.0,0.0,flat,a,0,stable,0.0,0.0,48h+
2025-08-24T01:11:35Z,price_change_forecast.csv,561,Mayenda,17,4,55,1.9,0.0,0.0,flat,a,0,stable,0.0,0.0,48h+
2025-08-24T01:11:35Z,price_change_forecast.csv,562,Abdullahi,17,4,45,0.6,0.0,0.0,flat,a,0,stable,0.0,0.0,48h+
2025-08-24T01:11:35Z,price_change_forecast.csv,563,Luís Hemir,17,4,45,0.2,0.0,0.0,flat,a,0,stable,0.0,0.0,48h+
2025-08-24T01:11:35Z,price_change_forecast.csv,564,Rusyn,17,4,45,0.2,0.0,0.0,flat,a,0,stable,0.0,0.0,48h+
2025-08-24T01:11:35Z,price_change_forecast.csv,668,Xhaka,17,3,50,2.9,0.0,0.0,flat,a,0,stable,0.0,0.0,48h+
2025-08-24T01:11:35Z,price_change_forecast.csv,670,Roefs,17,1,45,1.1,0.0,0.0,flat,a,0,stable,0.0,0.0,48h+
2025-08-24T01:11:35Z,price_change_forecast.csv,678,Masuaku,17,2,40,0.8,0.0,0.0,flat,a,0,stable,0.0,0.0,48h+
2025-08-24T01:11:35Z,price_change_forecast.csv,683,Alderete,17,2,40,1.3,0.0,0.0,flat,a,0,stable,0.0,0.0,48h+
2025-08-24T01:11:35Z,price_change_forecast.csv,694,Mukiele,17,2,40,0.3,0.0,0.0,flat,a,0,stable,0.0,0.0,48h+
2025-08-24T01:11:35Z,price_change_forecast.csv,565,Vicario,18,1,50,4.3,0.0,0.0,flat,a,0,stable,0.0,0.0,48h+
2025-08-24T01:11:35Z,price_change_forecast.csv,566,Austin,18,1,40,0.3,0.0,0.0,flat,a,0,stable,0.0,0.0,48h+
2025-08-24T01:11:35Z,price_change_forecast.csv,567,Kinsky,18,1,40,2.0,0.0,0.0,flat,a,0,stable,0.0,0.0,48h+
2025-08-24T01:11:35Z,price_change_forecast.csv,568,Pedro Porro,18,2,55,21.9,0.0,0.0,flat,a,0,stable,0.0,0.0,48h+
2025-08-24T01:11:35Z,price_change_forecast.csv,569,Romero,18,2,50,3.6,0.0,0.0,flat,a,0,stable,0.0,0.0,48h+
2025-08-24T01:11:35Z,price_change_forecast.csv,570,Danso,18,2,45,0.2,0.0,0.0,flat,a,0,stable,0.0,0.0,48h+
2025-08-24T01:11:35Z,price_change_forecast.csv,571,Davies,18,2,45,0.1,0.0,0.0,flat,a,0,stable,0.0,0.0,48h+
2025-08-24T01:11:35Z,price_change_forecast.csv,572,Dragusin,18,2,45,0.0,0.0,0.0,flat,i,1,stable,0.0,0.0,48h+
2025-08-24T01:11:35Z,price_change_forecast.csv,573,Spence,18,2,45,1.3,0.0,0.0,flat,a,0,stable,0.0,0.0,48h+
2025-08-24T01:11:35Z,price_change_forecast.csv,574,Udogie,18,2,45,0.6,0.0,0.0,flat,i,1,stable,0.0,0.0,48h+
2025-08-24T01:11:35Z,price_change_forecast.csv,575,Van de Ven,18,2,45,27.0,0.0,0.0,flat,a,0,stable,0.0,0.0,48h+
2025-08-24T01:11:35Z,price_change_forecast.csv,576,Phillips,18,2,40,0.0,0.0,0.0,flat,u,1,stable,0.0,0.0,48h+
2025-08-24T01:11:35Z,price_change_forecast.csv,577,Takai,18,2,40,0.1,0.0,0.0,flat,d,1,stable,0.0,0.0,48h+
2025-08-24T01:11:35Z,price_change_forecast.csv,578,Vuskovic,18,2,40,1.0,0.0,0.0,flat,a,0,stable,0.0,0.0,48h+
2025-08-24T01:11:35Z,price_change_forecast.csv,579,Son,18,3,85,0.2,0.0,0.0,flat,u,1,stable,0.0,0.0,48h+
2025-08-24T01:11:35Z,price_change_forecast.csv,580,Johnson,18,3,70,2.9,0.0,0.0,flat,a,0,stable,0.0,0.0,48h+
2025-08-24T01:11:35Z,price_change_forecast.csv,581,Maddison,18,3,70,0.2,0.0,0.0,flat,i,1,stable,0.0,0.0,48h+
2025-08-24T01:11:35Z,price_change_forecast.csv,582,Kudus,18,3,65,27.7,0.0,0.0,flat,a,0,stable,0.0,0.0,48h+
2025-08-24T01:11:35Z,price_change_forecast.csv,583,Kulusevski,18,3,65,0.0,0.0,0.0,flat,i,1,stable,0.0,0.0,48h+
2025-08-24T01:11:35Z,price_change_forecast.csv,584,Tel,18,3,64,0.1,0.0,0.0,flat,a,0,stable,0.0,0.0,48h+
2025-08-24T01:11:35Z,price_change_forecast.csv,585,Bentancur,18,3,55,0.1,0.0,0.0,flat,a,0,stable,0.0,0.0,48h+
2025-08-24T01:11:35Z,price_change_forecast.csv,586,Bergvall,18,3,55,0.2,0.0,0.0,flat,a,0,stable,0.0,0.0,48h+
2025-08-24T01:11:35Z,price_change_forecast.csv,587,Bissouma,18,3,54,0.1,0.0,0.0,flat,a,0,stable,0.0,0.0,48h+
2025-08-24T01:11:35Z,price_change_forecast.csv,588,Odobert,18,3,55,0.0,0.0,0.0,flat,a,0,stable,0.0,0.0,48h+
2025-08-24T01:11:35Z,price_change_forecast.csv,589,Solomon,18,3,55,0.0,0.0,0.0,flat,d,1,stable,0.0,0.0,48h+
2025-08-24T01:11:35Z,price_change_forecast.csv,590,Bryan,18,3,50,0.0,0.0,0.0,flat,a,0,stable,0.0,0.0,48h+
2025-08-24T01:11:35Z,price_change_forecast.csv,591,Gray,18,3,50,0.1,0.0,0.0,flat,a,0,stable,0.0,0.0,48h+
2025-08-24T01:11:35Z,price_change_forecast.csv,592,Moore,18,3,50,0.0,0.0,0.0,flat,u,1,stable,0.0,0.0,48h+
2025-08-24T01:11:35Z,price_change_forecast.csv,593,P.M.Sarr,18,3,50,2.8,0.0,0.0,flat,a,0,stable,0.0,0.0,48h+
2025-08-24T01:11:35Z,price_change_forecast.csv,594,Min-hyeok,18,3,45,0.0,0.0,0.0,flat,u,1,stable,0.0,0.0,48h+
2025-08-24T01:11:35Z,price_change_forecast.csv,595,Olusesi,18,3,45,0.2,0.0,0.0,flat,a,0,stable,0.0,0.0,48h+
2025-08-24T01:11:35Z,price_change_forecast.csv,596,Solanke,18,4,74,3.7,0.0,0.0,flat,a,0,stable,0.0,0.0,48h+
2025-08-24T01:11:35Z,price_change_forecast.csv,597,Richarlison,18,4,66,6.3,0.0,0.0,flat,a,0,stable,0.0,0.0,48h+
2025-08-24T01:11:35Z,price_change_forecast.csv,598,Lankshear,18,4,45,0.1,0.0,0.0,flat,u,1,stable,0.0,0.0,48h+
2025-08-24T01:11:35Z,price_change_forecast.csv,599,Scarlett,18,4,45,0.8,0.0,0.0,flat,a,0,stable,0.0,0.0,48h+
2025-08-24T01:11:35Z,price_change_forecast.csv,673,J.Palhinha,18,3,55,0.3,0.0,0.0,flat,a,0,stable,0.0,0.0,48h+
2025-08-24T01:11:35Z,price_change_forecast.csv,600,Areola,19,1,45,4.0,0.0,0.0,flat,a,0,stable,0.0,0.0,48h+
2025-08-24T01:11:35Z,price_change_forecast.csv,601,Foderingham,19,1,40,0.6,0.0,0.0,flat,a,0,stable,0.0,0.0,48h+
2025-08-24T01:11:35Z,price_change_forecast.csv,602,Hegyi,19,1,40,0.3,0.0,0.0,flat,a,0,stable,0.0,0.0,48h+
2025-08-24T01:11:35Z,price_change_forecast.csv,603,Diouf,19,2,45,6.6,0.0,0.0,flat,a,0,stable,0.0,0.0,48h+
2025-08-24T01:11:35Z,price_change_forecast.csv,604,Emerson,19,2,45,0.2,0.0,0.0,flat,a,0,stable,0.0,0.0,48h+
2025-08-24T01:11:35Z,price_change_forecast.csv,605,Kilman,19,2,45,0.3,0.0,0.0,flat,a,0,stable,0.0,0.0,48h+
2025-08-24T01:11:35Z,price_change_forecast.csv,606,Mavropanos,19,2,45,0.1,0.0,0.0,flat,a,0,stable,0.0,0.0,48h+
2025-08-24T01:11:35Z,price_change_forecast.csv,607,N.Aguerd,19,2,45,0.1,0.0,0.0,flat,a,0,stable,0.0,0.0,48h+
2025-08-24T01:11:35Z,price_change_forecast.csv,608,Scarles,19,2,45,0.0,0.0,0.0,flat,a,0,stable,0.0,0.0,48h+
2025-08-24T01:11:35Z,price_change_forecast.csv,609,Todibo,19,2,45,0.1,0.0,0.0,flat,a,0,stable,0.0,0.0,48h+
2025-08-24T01:11:35Z,price_change_forecast.csv,610,Wan-Bissaka,19,2,45,21.7,0.0,0.0,flat,a,0,stable,0.0,0.0,48h+
2025-08-24T01:11:35Z,price_change_forecast.csv,611,Casey,19,2,40,0.2,0.0,0.0,flat,u,1,stable,0.0,0.0,48h+
2025-08-24T01:11:35Z,price_change_forecast.csv,612,L.Paquetá,19,3,59,0.9,0.0,0.0,flat,a,0,stable,0.0,0.0,48h+
2025-08-24T01:11:35Z,price_change_forecast.csv,613,Souček,19,3,59,0.7,0.0,0.0,flat,a,0,stable,0.0,0.0,48h+
2025-08-24T01:11:35Z,price_change_forecast.csv,614,Ward-Prowse,19,3,60,0.3,0.0,0.0,flat,a,0,stable,0.0,0.0,48h+
2025-08-24T01:11:35Z,price_change_forecast.csv,615,Summerville,19,3,55,0.0,0.0,0.0,flat,i,1,stable,0.0,0.0,48h+
2025-08-24T01:11:35Z,price_change_forecast.csv,616,Álvarez,19,3,50,0.2,0.0,0.0,flat,a,0,stable,0.0,0.0,48h+
2025-08-24T01:11:35Z,price_change_forecast.csv,617,Cornet,19,3,50,0.0,0.0,0.0,flat,a,0,stable,0.0,0.0,48h+
2025-08-24T01:11:35Z,price_change_forecast.csv,618,G.Rodriguez,19,3,50,0.1,0.0,0.0,flat,a,0,stable,0.0,0.0,48h+
2025-08-24T01:11:35Z,price_change_forecast.csv,619,L.Guilherme,19,3,50,0.0,0.0,0.0,flat,i,1,stable,0.0,0.0,48h+
2025-08-24T01:11:35Z,price_change_forecast.csv,620,Earthy,19,3,45,0.1,0.0,0.0,flat,a,1,stable,0.0,0.0,48h+
2025-08-24T01:11:35Z,price_change_forecast.csv,621,Irving,19,3,45,0.3,0.0,0.0,flat,a,0,stable,0.0,0.0,48h+
2025-08-24T01:11:35Z,price_change_forecast.csv,622,Orford,19,3,45,0.1,0.0,0.0,flat,a,0,stable,0.0,0.0,48h+
2025-08-24T01:11:35Z,price_change_forecast.csv,623,Potts,19,3,45,0.7,0.0,0.0,flat,a,0,stable,0.0,0.0,48h+
2025-08-24T01:11:35Z,price_change_forecast.csv,624,Bowen,19,4,79,13.0,0.0,0.0,flat,a,0,stable,0.0,0.0,48h+
2025-08-24T01:11:35Z,price_change_forecast.csv,625,Füllkrug,19,4,60,3.1,0.0,0.0,flat,a,0,stable,0.0,0.0,48h+
2025-08-24T01:11:35Z,price_change_forecast.csv,626,Marshall,19,4,45,0.7,0.0,0.0,flat,a,0,stable,0.0,0.0,48h+
2025-08-24T01:11:35Z,price_change_forecast.csv,659,Walker-Peters,19,2,45,0.4,0.0,0.0,flat,a,0,stable,0.0,0.0,48h+
2025-08-24T01:11:35Z,price_change_forecast.csv,671,Wilson,19,4,60,0.5,0.0,0.0,flat,a,0,stable,0.0,0.0,48h+
2025-08-24T01:11:35Z,price_change_forecast.csv,679,Hermansen,19,1,45,0.3,0.0,0.0,flat,a,0,stable,0.0,0.0,48h+
2025-08-24T01:11:35Z,price_change_forecast.csv,627,Johnstone,20,1,45,0.1,0.0,0.0,flat,a,0,stable,0.0,0.0,48h+
2025-08-24T01:11:35Z,price_change_forecast.csv,628,José Sá,20,1,45,1.9,0.0,0.0,flat,a,0,stable,0.0,0.0,48h+
2025-08-24T01:11:35Z,price_change_forecast.csv,629,Bentley,20,1,40,0.8,0.0,0.0,flat,a,0,stable,0.0,0.0,48h+
2025-08-24T01:11:35Z,price_change_forecast.csv,631,Agbadou,20,2,45,0.4,0.0,0.0,flat,a,0,stable,0.0,0.0,48h+
2025-08-24T01:11:35Z,price_change_forecast.csv,632,Doherty,20,2,45,0.2,0.0,0.0,flat,a,0,stable,0.0,0.0,48h+
2025-08-24T01:11:35Z,price_change_forecast.csv,633,H.Bueno,20,2,45,0.1,0.0,0.0,flat,a,0,stable,0.0,0.0,48h+
2025-08-24T01:11:35Z,price_change_forecast.csv,634,Mosquera,20,2,45,0.1,0.0,0.0,flat,a,0,stable,0.0,0.0,48h+
2025-08-24T01:11:35Z,price_change_forecast.csv,635,R.Gomes,20,2,45,0.1,0.0,0.0,flat,a,0,stable,0.0,0.0,48h+
2025-08-24T01:11:35Z,price_change_forecast.csv,636,S.Bueno,20,2,45,0.1,0.0,0.0,flat,a,0,stable,0.0,0.0,48h+
2025-08-24T01:11:35Z,price_change_forecast.csv,637,Toti,20,2,45,0.2,0.0,0.0,flat,a,0,stable,0.0,0.0,48h+
2025-08-24T01:11:35Z,price_change_forecast.csv,638,Hoever,20,2,40,2.3,0.0,0.0,flat,a,0,stable,0.0,0.0,48h+
2025-08-24T01:11:35Z,price_change_forecast.csv,639,Meupiyou,20,2,40,0.0,0.0,0.0,flat,u,1,stable,0.0,0.0,48h+
2025-08-24T01:11:35Z,price_change_forecast.csv,640,Pedro Lima,20,2,40,1.1,0.0,0.0,flat,a,0,stable,0.0,0.0,48h+
2025-08-24T01:11:35Z,price_change_forecast.csv,641,Pond,20,2,40,1.5,0.0,0.0,flat,a,0,stable,0.0,0.0,48h+
2025-08-24T01:11:35Z,price_change_forecast.csv,642,Hee Chan,20,3,60,0.2,0.0,0.0,flat,a,0,stable,0.0,0.0,48h+
2025-08-24T01:11:35Z,price_change_forecast.csv,643,André,20,3,55,0.1,0.0,0.0,flat,a,0,stable,0.0,0.0,48h+
2025-08-24T01:11:35Z,price_change_forecast.csv,644,Bellegarde,20,3,55,0.1,0.0,0.0,flat,a,0,stable,0.0,0.0,48h+
2025-08-24T01:11:35Z,price_change_forecast.csv,645,Fer López,20,3,55,0.0,0.0,0.0,flat,a,0,stable,0.0,0.0,48h+
2025-08-24T01:11:35Z,price_change_forecast.csv,646,Gomes,20,3,55,0.1,0.0,0.0,flat,a,0,stable,0.0,0.0,48h+
2025-08-24T01:11:35Z,price_change_forecast.csv,647,Guedes,20,3,55,0.0,0.0,0.0,flat,u,1,stable,0.0,0.0,48h+
2025-08-24T01:11:35Z,price_change_forecast.csv,648,Munetsi,20,3,55,0.1,0.0,0.0,flat,a,0,stable,0.0,0.0,48h+
2025-08-24T01:11:35Z,price_change_forecast.csv,649,B.Traore,20,3,50,0.0,0.0,0.0,flat,u,1,stable,0.0,0.0,48h+
2025-08-24T01:11:35Z,price_change_forecast.csv,650,Chirewa,20,3,45,0.3,0.0,0.0,flat,a,0,stable,0.0,0.0,48h+
2025-08-24T01:11:35Z,price_change_forecast.csv,651,Edozie,20,3,45,0.4,0.0,0.0,flat,a,0,stable,0.0,0.0,48h+
2025-08-24T01:11:35Z,price_change_forecast.csv,652,Gonzalez,20,3,45,1.5,0.0,0.0,flat,a,0,stable,0.0,0.0,48h+
2025-08-24T01:11:35Z,price_change_forecast.csv,653,Hodge,20,3,45,0.1,0.0,0.0,flat,u,1,stable,0.0,0.0,48h+
2025-08-24T01:11:35Z,price_change_forecast.csv,654,Strand Larsen,20,4,65,4.6,0.0,0.0,flat,a,0,stable,0.0,0.0,48h+
2025-08-24T01:11:35Z,price_change_forecast.csv,655,Fábio Silva,20,4,50,0.6,0.0,0.0,flat,a,0,stable,0.0,0.0,48h+
2025-08-24T01:11:35Z,price_change_forecast.csv,656,Kalajdžić,20,4,50,0.1,0.0,0.0,flat,a,0,stable,0.0,0.0,48h+
2025-08-24T01:11:35Z,price_change_forecast.csv,657,Chiwome,20,4,45,0.0,0.0,0.0,flat,i,1,stable,0.0,0.0,48h+
2025-08-24T01:11:35Z,price_change_forecast.csv,658,Fraser,20,4,45,2.5,0.0,0.0,flat,a,0,stable,0.0,0.0,48h+
2025-08-24T01:11:35Z,price_change_forecast.csv,663,J.Arias,20,3,55,0.6,0.0,0.0,flat,a,0,stable,0.0,0.0,48h+
2025-08-24T01:11:35Z,price_change_forecast.csv,682,Møller Wolfe,20,2,45,0.1,0.0,0.0,flat,a,0,stable,0.0,0.0,48h+
2025-08-24T01:11:35Z,price_change_forecast.csv,695,Tchatchoua,20,2,45,0.0,0.0,0.0,flat,a,0,stable,0.0,0.0,48h+
